2025-05-27 09:39:00,359 - src.main - ERROR [main.py:59] - Ошибка при обработке запроса: 'd_route'
Traceback (most recent call last):
  File "/usr/local/lib/python3.13/site-packages/starlette/middleware/errors.py", line 165, in __call__
    await self.app(scope, receive, _send)
  File "/usr/local/lib/python3.13/site-packages/starlette/middleware/exceptions.py", line 62, in __call__
    await wrap_app_handling_exceptions(self.app, conn)(scope, receive, send)
  File "/usr/local/lib/python3.13/site-packages/starlette/_exception_handler.py", line 53, in wrapped_app
    raise exc
  File "/usr/local/lib/python3.13/site-packages/starlette/_exception_handler.py", line 42, in wrapped_app
    await app(scope, receive, sender)
  File "/usr/local/lib/python3.13/site-packages/starlette/routing.py", line 714, in __call__
    await self.middleware_stack(scope, receive, send)
  File "/usr/local/lib/python3.13/site-packages/starlette/routing.py", line 734, in app
    await route.handle(scope, receive, send)
  File "/usr/local/lib/python3.13/site-packages/starlette/routing.py", line 288, in handle
    await self.app(scope, receive, send)
  File "/usr/local/lib/python3.13/site-packages/starlette/routing.py", line 76, in app
    await wrap_app_handling_exceptions(app, request)(scope, receive, send)
  File "/usr/local/lib/python3.13/site-packages/starlette/_exception_handler.py", line 53, in wrapped_app
    raise exc
  File "/usr/local/lib/python3.13/site-packages/starlette/_exception_handler.py", line 42, in wrapped_app
    await app(scope, receive, sender)
  File "/usr/local/lib/python3.13/site-packages/starlette/routing.py", line 73, in app
    response = await f(request)
               ^^^^^^^^^^^^^^^^
  File "/usr/local/lib/python3.13/site-packages/fastapi/routing.py", line 301, in app
    raw_response = await run_endpoint_function(
                   ^^^^^^^^^^^^^^^^^^^^^^^^^^^^
    ...<3 lines>...
    )
    ^
  File "/usr/local/lib/python3.13/site-packages/fastapi/routing.py", line 212, in run_endpoint_function
    return await dependant.call(**values)
           ^^^^^^^^^^^^^^^^^^^^^^^^^^^^^^
  File "/app/src/routers/route.py", line 274, in get_recommended_tours
    routes = await service_locator.get_route_serv().get_routes_by_type('Рекомендованные')
             ^^^^^^^^^^^^^^^^^^^^^^^^^^^^^^^^^^^^^^^^^^^^^^^^^^^^^^^^^^^^^^^^^^^^^^^^^^^^
  File "/app/src/services/route_service.py", line 88, in get_routes_by_type
    return await self.repository.get_routes_by_type(type_route)
           ^^^^^^^^^^^^^^^^^^^^^^^^^^^^^^^^^^^^^^^^^^^^^^^^^^^^
  File "/app/src/repository_mongodb/route_repository.py", line 395, in get_routes_by_type
    d_route_doc = await self.d_route_repo.get_by_id(doc["d_route"]["_id"])
                                                    ~~~^^^^^^^^^^^
KeyError: 'd_route'
2025-05-27 09:39:04,043 - src.main - ERROR [main.py:59] - Ошибка при обработке запроса: 'd_route'
Traceback (most recent call last):
  File "/usr/local/lib/python3.13/site-packages/starlette/middleware/errors.py", line 165, in __call__
    await self.app(scope, receive, _send)
  File "/usr/local/lib/python3.13/site-packages/starlette/middleware/exceptions.py", line 62, in __call__
    await wrap_app_handling_exceptions(self.app, conn)(scope, receive, send)
  File "/usr/local/lib/python3.13/site-packages/starlette/_exception_handler.py", line 53, in wrapped_app
    raise exc
  File "/usr/local/lib/python3.13/site-packages/starlette/_exception_handler.py", line 42, in wrapped_app
    await app(scope, receive, sender)
  File "/usr/local/lib/python3.13/site-packages/starlette/routing.py", line 714, in __call__
    await self.middleware_stack(scope, receive, send)
  File "/usr/local/lib/python3.13/site-packages/starlette/routing.py", line 734, in app
    await route.handle(scope, receive, send)
  File "/usr/local/lib/python3.13/site-packages/starlette/routing.py", line 288, in handle
    await self.app(scope, receive, send)
  File "/usr/local/lib/python3.13/site-packages/starlette/routing.py", line 76, in app
    await wrap_app_handling_exceptions(app, request)(scope, receive, send)
  File "/usr/local/lib/python3.13/site-packages/starlette/_exception_handler.py", line 53, in wrapped_app
    raise exc
  File "/usr/local/lib/python3.13/site-packages/starlette/_exception_handler.py", line 42, in wrapped_app
    await app(scope, receive, sender)
  File "/usr/local/lib/python3.13/site-packages/starlette/routing.py", line 73, in app
    response = await f(request)
               ^^^^^^^^^^^^^^^^
  File "/usr/local/lib/python3.13/site-packages/fastapi/routing.py", line 301, in app
    raw_response = await run_endpoint_function(
                   ^^^^^^^^^^^^^^^^^^^^^^^^^^^^
    ...<3 lines>...
    )
    ^
  File "/usr/local/lib/python3.13/site-packages/fastapi/routing.py", line 212, in run_endpoint_function
    return await dependant.call(**values)
           ^^^^^^^^^^^^^^^^^^^^^^^^^^^^^^
  File "/app/src/routers/route.py", line 203, in get_tours
    routes = await service_locator.get_route_serv().get_routes_by_type('Авторские')
             ^^^^^^^^^^^^^^^^^^^^^^^^^^^^^^^^^^^^^^^^^^^^^^^^^^^^^^^^^^^^^^^^^^^^^^
  File "/app/src/services/route_service.py", line 88, in get_routes_by_type
    return await self.repository.get_routes_by_type(type_route)
           ^^^^^^^^^^^^^^^^^^^^^^^^^^^^^^^^^^^^^^^^^^^^^^^^^^^^
  File "/app/src/repository_mongodb/route_repository.py", line 395, in get_routes_by_type
    d_route_doc = await self.d_route_repo.get_by_id(doc["d_route"]["_id"])
                                                    ~~~^^^^^^^^^^^
KeyError: 'd_route'
2025-05-27 09:40:07,046 - src.main - ERROR [main.py:59] - Ошибка при обработке запроса: 'd_route'
Traceback (most recent call last):
  File "/usr/local/lib/python3.13/site-packages/starlette/middleware/errors.py", line 165, in __call__
    await self.app(scope, receive, _send)
  File "/usr/local/lib/python3.13/site-packages/starlette/middleware/exceptions.py", line 62, in __call__
    await wrap_app_handling_exceptions(self.app, conn)(scope, receive, send)
  File "/usr/local/lib/python3.13/site-packages/starlette/_exception_handler.py", line 53, in wrapped_app
    raise exc
  File "/usr/local/lib/python3.13/site-packages/starlette/_exception_handler.py", line 42, in wrapped_app
    await app(scope, receive, sender)
  File "/usr/local/lib/python3.13/site-packages/starlette/routing.py", line 714, in __call__
    await self.middleware_stack(scope, receive, send)
  File "/usr/local/lib/python3.13/site-packages/starlette/routing.py", line 734, in app
    await route.handle(scope, receive, send)
  File "/usr/local/lib/python3.13/site-packages/starlette/routing.py", line 288, in handle
    await self.app(scope, receive, send)
  File "/usr/local/lib/python3.13/site-packages/starlette/routing.py", line 76, in app
    await wrap_app_handling_exceptions(app, request)(scope, receive, send)
  File "/usr/local/lib/python3.13/site-packages/starlette/_exception_handler.py", line 53, in wrapped_app
    raise exc
  File "/usr/local/lib/python3.13/site-packages/starlette/_exception_handler.py", line 42, in wrapped_app
    await app(scope, receive, sender)
  File "/usr/local/lib/python3.13/site-packages/starlette/routing.py", line 73, in app
    response = await f(request)
               ^^^^^^^^^^^^^^^^
  File "/usr/local/lib/python3.13/site-packages/fastapi/routing.py", line 301, in app
    raw_response = await run_endpoint_function(
                   ^^^^^^^^^^^^^^^^^^^^^^^^^^^^
    ...<3 lines>...
    )
    ^
  File "/usr/local/lib/python3.13/site-packages/fastapi/routing.py", line 212, in run_endpoint_function
    return await dependant.call(**values)
           ^^^^^^^^^^^^^^^^^^^^^^^^^^^^^^
  File "/app/src/routers/route.py", line 274, in get_recommended_tours
    routes = await service_locator.get_route_serv().get_routes_by_type('Рекомендованные')
             ^^^^^^^^^^^^^^^^^^^^^^^^^^^^^^^^^^^^^^^^^^^^^^^^^^^^^^^^^^^^^^^^^^^^^^^^^^^^
  File "/app/src/services/route_service.py", line 88, in get_routes_by_type
    return await self.repository.get_routes_by_type(type_route)
           ^^^^^^^^^^^^^^^^^^^^^^^^^^^^^^^^^^^^^^^^^^^^^^^^^^^^
  File "/app/src/repository_mongodb/route_repository.py", line 395, in get_routes_by_type
    d_route_doc = await self.d_route_repo.get_by_id(doc["d_route"]["_id"])
                                                    ~~~^^^^^^^^^^^
KeyError: 'd_route'
2025-05-27 09:43:59,114 - src.main - ERROR [main.py:59] - Ошибка при обработке запроса: 'travel'
Traceback (most recent call last):
  File "/usr/local/lib/python3.13/site-packages/starlette/middleware/errors.py", line 165, in __call__
    await self.app(scope, receive, _send)
  File "/usr/local/lib/python3.13/site-packages/starlette/middleware/exceptions.py", line 62, in __call__
    await wrap_app_handling_exceptions(self.app, conn)(scope, receive, send)
  File "/usr/local/lib/python3.13/site-packages/starlette/_exception_handler.py", line 53, in wrapped_app
    raise exc
  File "/usr/local/lib/python3.13/site-packages/starlette/_exception_handler.py", line 42, in wrapped_app
    await app(scope, receive, sender)
  File "/usr/local/lib/python3.13/site-packages/starlette/routing.py", line 714, in __call__
    await self.middleware_stack(scope, receive, send)
  File "/usr/local/lib/python3.13/site-packages/starlette/routing.py", line 734, in app
    await route.handle(scope, receive, send)
  File "/usr/local/lib/python3.13/site-packages/starlette/routing.py", line 288, in handle
    await self.app(scope, receive, send)
  File "/usr/local/lib/python3.13/site-packages/starlette/routing.py", line 76, in app
    await wrap_app_handling_exceptions(app, request)(scope, receive, send)
  File "/usr/local/lib/python3.13/site-packages/starlette/_exception_handler.py", line 53, in wrapped_app
    raise exc
  File "/usr/local/lib/python3.13/site-packages/starlette/_exception_handler.py", line 42, in wrapped_app
    await app(scope, receive, sender)
  File "/usr/local/lib/python3.13/site-packages/starlette/routing.py", line 73, in app
    response = await f(request)
               ^^^^^^^^^^^^^^^^
  File "/usr/local/lib/python3.13/site-packages/fastapi/routing.py", line 301, in app
    raw_response = await run_endpoint_function(
                   ^^^^^^^^^^^^^^^^^^^^^^^^^^^^
    ...<3 lines>...
    )
    ^
  File "/usr/local/lib/python3.13/site-packages/fastapi/routing.py", line 212, in run_endpoint_function
    return await dependant.call(**values)
           ^^^^^^^^^^^^^^^^^^^^^^^^^^^^^^
  File "/app/src/routers/route.py", line 274, in get_recommended_tours
    routes = await service_locator.get_route_serv().get_routes_by_type('Рекомендованные')
             ^^^^^^^^^^^^^^^^^^^^^^^^^^^^^^^^^^^^^^^^^^^^^^^^^^^^^^^^^^^^^^^^^^^^^^^^^^^^
  File "/app/src/services/route_service.py", line 88, in get_routes_by_type
    return await self.repository.get_routes_by_type(type_route)
           ^^^^^^^^^^^^^^^^^^^^^^^^^^^^^^^^^^^^^^^^^^^^^^^^^^^^
  File "/app/src/repository_mongodb/route_repository.py", line 396, in get_routes_by_type
    travel_doc = await self.travel_repo.get_by_id(doc["travel"]["_id"])
                                                  ~~~^^^^^^^^^^
KeyError: 'travel'
2025-05-27 09:44:03,186 - src.main - ERROR [main.py:59] - Ошибка при обработке запроса: 'travel'
Traceback (most recent call last):
  File "/usr/local/lib/python3.13/site-packages/starlette/middleware/errors.py", line 165, in __call__
    await self.app(scope, receive, _send)
  File "/usr/local/lib/python3.13/site-packages/starlette/middleware/exceptions.py", line 62, in __call__
    await wrap_app_handling_exceptions(self.app, conn)(scope, receive, send)
  File "/usr/local/lib/python3.13/site-packages/starlette/_exception_handler.py", line 53, in wrapped_app
    raise exc
  File "/usr/local/lib/python3.13/site-packages/starlette/_exception_handler.py", line 42, in wrapped_app
    await app(scope, receive, sender)
  File "/usr/local/lib/python3.13/site-packages/starlette/routing.py", line 714, in __call__
    await self.middleware_stack(scope, receive, send)
  File "/usr/local/lib/python3.13/site-packages/starlette/routing.py", line 734, in app
    await route.handle(scope, receive, send)
  File "/usr/local/lib/python3.13/site-packages/starlette/routing.py", line 288, in handle
    await self.app(scope, receive, send)
  File "/usr/local/lib/python3.13/site-packages/starlette/routing.py", line 76, in app
    await wrap_app_handling_exceptions(app, request)(scope, receive, send)
  File "/usr/local/lib/python3.13/site-packages/starlette/_exception_handler.py", line 53, in wrapped_app
    raise exc
  File "/usr/local/lib/python3.13/site-packages/starlette/_exception_handler.py", line 42, in wrapped_app
    await app(scope, receive, sender)
  File "/usr/local/lib/python3.13/site-packages/starlette/routing.py", line 73, in app
    response = await f(request)
               ^^^^^^^^^^^^^^^^
  File "/usr/local/lib/python3.13/site-packages/fastapi/routing.py", line 301, in app
    raw_response = await run_endpoint_function(
                   ^^^^^^^^^^^^^^^^^^^^^^^^^^^^
    ...<3 lines>...
    )
    ^
  File "/usr/local/lib/python3.13/site-packages/fastapi/routing.py", line 212, in run_endpoint_function
    return await dependant.call(**values)
           ^^^^^^^^^^^^^^^^^^^^^^^^^^^^^^
  File "/app/src/routers/route.py", line 274, in get_recommended_tours
    routes = await service_locator.get_route_serv().get_routes_by_type('Рекомендованные')
             ^^^^^^^^^^^^^^^^^^^^^^^^^^^^^^^^^^^^^^^^^^^^^^^^^^^^^^^^^^^^^^^^^^^^^^^^^^^^
  File "/app/src/services/route_service.py", line 88, in get_routes_by_type
    return await self.repository.get_routes_by_type(type_route)
           ^^^^^^^^^^^^^^^^^^^^^^^^^^^^^^^^^^^^^^^^^^^^^^^^^^^^
  File "/app/src/repository_mongodb/route_repository.py", line 396, in get_routes_by_type
    travel_doc = await self.travel_repo.get_by_id(doc["travel"]["_id"])
                                                  ~~~^^^^^^^^^^
KeyError: 'travel'
2025-05-27 09:57:29,088 - src.main - ERROR [main.py:59] - Ошибка при обработке запроса: 'travel'
Traceback (most recent call last):
  File "/usr/local/lib/python3.13/site-packages/starlette/middleware/errors.py", line 165, in __call__
    await self.app(scope, receive, _send)
  File "/usr/local/lib/python3.13/site-packages/starlette/middleware/exceptions.py", line 62, in __call__
    await wrap_app_handling_exceptions(self.app, conn)(scope, receive, send)
  File "/usr/local/lib/python3.13/site-packages/starlette/_exception_handler.py", line 53, in wrapped_app
    raise exc
  File "/usr/local/lib/python3.13/site-packages/starlette/_exception_handler.py", line 42, in wrapped_app
    await app(scope, receive, sender)
  File "/usr/local/lib/python3.13/site-packages/starlette/routing.py", line 714, in __call__
    await self.middleware_stack(scope, receive, send)
  File "/usr/local/lib/python3.13/site-packages/starlette/routing.py", line 734, in app
    await route.handle(scope, receive, send)
  File "/usr/local/lib/python3.13/site-packages/starlette/routing.py", line 288, in handle
    await self.app(scope, receive, send)
  File "/usr/local/lib/python3.13/site-packages/starlette/routing.py", line 76, in app
    await wrap_app_handling_exceptions(app, request)(scope, receive, send)
  File "/usr/local/lib/python3.13/site-packages/starlette/_exception_handler.py", line 53, in wrapped_app
    raise exc
  File "/usr/local/lib/python3.13/site-packages/starlette/_exception_handler.py", line 42, in wrapped_app
    await app(scope, receive, sender)
  File "/usr/local/lib/python3.13/site-packages/starlette/routing.py", line 73, in app
    response = await f(request)
               ^^^^^^^^^^^^^^^^
  File "/usr/local/lib/python3.13/site-packages/fastapi/routing.py", line 301, in app
    raw_response = await run_endpoint_function(
                   ^^^^^^^^^^^^^^^^^^^^^^^^^^^^
    ...<3 lines>...
    )
    ^
  File "/usr/local/lib/python3.13/site-packages/fastapi/routing.py", line 212, in run_endpoint_function
    return await dependant.call(**values)
           ^^^^^^^^^^^^^^^^^^^^^^^^^^^^^^
  File "/app/src/routers/route.py", line 274, in get_recommended_tours
    routes = await service_locator.get_route_serv().get_routes_by_type('Рекомендованные')
             ^^^^^^^^^^^^^^^^^^^^^^^^^^^^^^^^^^^^^^^^^^^^^^^^^^^^^^^^^^^^^^^^^^^^^^^^^^^^
  File "/app/src/services/route_service.py", line 88, in get_routes_by_type
    return await self.repository.get_routes_by_type(type_route)
           ^^^^^^^^^^^^^^^^^^^^^^^^^^^^^^^^^^^^^^^^^^^^^^^^^^^^
  File "/app/src/repository_mongodb/route_repository.py", line 396, in get_routes_by_type
    travel_doc = await self.travel_repo.get_by_id(doc["travel"]["_id"])
                                                  ~~~^^^^^^^^^^
KeyError: 'travel'
2025-05-27 19:51:28,129 - sqlalchemy.pool.impl.AsyncAdaptedQueuePool - ERROR [base.py:1032] - The garbage collector is trying to clean up non-checked-in connection <AdaptedConnection <asyncpg.connection.Connection object at 0xffffa2bf3200>>, which will be terminated.  Please ensure that SQLAlchemy pooled connections are returned to the pool explicitly, either by calling ``close()`` or by using appropriate context managers to manage their lifecycle.
2025-05-27 19:52:09,618 - sqlalchemy.pool.impl.AsyncAdaptedQueuePool - ERROR [base.py:378] - Exception terminating connection <AdaptedConnection <asyncpg.connection.Connection object at 0xffffa2bf1b80>>
Traceback (most recent call last):
  File "/usr/local/lib/python3.13/site-packages/sqlalchemy/pool/base.py", line 374, in _close_connection
    self._dialect.do_terminate(connection)
    ~~~~~~~~~~~~~~~~~~~~~~~~~~^^^^^^^^^^^^
  File "/usr/local/lib/python3.13/site-packages/sqlalchemy/dialects/postgresql/asyncpg.py", line 1130, in do_terminate
    dbapi_connection.terminate()
    ~~~~~~~~~~~~~~~~~~~~~~~~~~^^
  File "/usr/local/lib/python3.13/site-packages/sqlalchemy/dialects/postgresql/asyncpg.py", line 922, in terminate
    self._connection.terminate()
    ~~~~~~~~~~~~~~~~~~~~~~~~~~^^
  File "/usr/local/lib/python3.13/site-packages/asyncpg/connection.py", line 1515, in terminate
    self._abort()
    ~~~~~~~~~~~^^
  File "/usr/local/lib/python3.13/site-packages/asyncpg/connection.py", line 1567, in _abort
    self._protocol.abort()
    ~~~~~~~~~~~~~~~~~~~~^^
  File "asyncpg/protocol/protocol.pyx", line 608, in asyncpg.protocol.protocol.BaseProtocol.abort
  File "/usr/local/lib/python3.13/asyncio/selector_events.py", line 826, in abort
    self._force_close(None)
    ~~~~~~~~~~~~~~~~~^^^^^^
  File "/usr/local/lib/python3.13/asyncio/selector_events.py", line 898, in _force_close
    self._loop.call_soon(self._call_connection_lost, exc)
    ~~~~~~~~~~~~~~~~~~~~^^^^^^^^^^^^^^^^^^^^^^^^^^^^^^^^^
  File "/usr/local/lib/python3.13/asyncio/base_events.py", line 827, in call_soon
    self._check_closed()
    ~~~~~~~~~~~~~~~~~~^^
  File "/usr/local/lib/python3.13/asyncio/base_events.py", line 550, in _check_closed
    raise RuntimeError('Event loop is closed')
RuntimeError: Event loop is closed
2025-05-27 19:52:09,635 - sqlalchemy.pool.impl.AsyncAdaptedQueuePool - ERROR [base.py:1032] - The garbage collector is trying to clean up non-checked-in connection <AdaptedConnection <asyncpg.connection.Connection object at 0xffffa2bf1b80>>, which will be terminated.  Please ensure that SQLAlchemy pooled connections are returned to the pool explicitly, either by calling ``close()`` or by using appropriate context managers to manage their lifecycle.
2025-05-27 19:52:09,638 - sqlalchemy.pool.impl.AsyncAdaptedQueuePool - ERROR [base.py:378] - Exception terminating connection <AdaptedConnection <asyncpg.connection.Connection object at 0xffffa2bf1a90>>
Traceback (most recent call last):
  File "/usr/local/lib/python3.13/site-packages/sqlalchemy/pool/base.py", line 374, in _close_connection
    self._dialect.do_terminate(connection)
    ~~~~~~~~~~~~~~~~~~~~~~~~~~^^^^^^^^^^^^
  File "/usr/local/lib/python3.13/site-packages/sqlalchemy/dialects/postgresql/asyncpg.py", line 1130, in do_terminate
    dbapi_connection.terminate()
    ~~~~~~~~~~~~~~~~~~~~~~~~~~^^
  File "/usr/local/lib/python3.13/site-packages/sqlalchemy/dialects/postgresql/asyncpg.py", line 922, in terminate
    self._connection.terminate()
    ~~~~~~~~~~~~~~~~~~~~~~~~~~^^
  File "/usr/local/lib/python3.13/site-packages/asyncpg/connection.py", line 1515, in terminate
    self._abort()
    ~~~~~~~~~~~^^
  File "/usr/local/lib/python3.13/site-packages/asyncpg/connection.py", line 1567, in _abort
    self._protocol.abort()
    ~~~~~~~~~~~~~~~~~~~~^^
  File "asyncpg/protocol/protocol.pyx", line 608, in asyncpg.protocol.protocol.BaseProtocol.abort
  File "/usr/local/lib/python3.13/asyncio/selector_events.py", line 826, in abort
    self._force_close(None)
    ~~~~~~~~~~~~~~~~~^^^^^^
  File "/usr/local/lib/python3.13/asyncio/selector_events.py", line 898, in _force_close
    self._loop.call_soon(self._call_connection_lost, exc)
    ~~~~~~~~~~~~~~~~~~~~^^^^^^^^^^^^^^^^^^^^^^^^^^^^^^^^^
  File "/usr/local/lib/python3.13/asyncio/base_events.py", line 827, in call_soon
    self._check_closed()
    ~~~~~~~~~~~~~~~~~~^^
  File "/usr/local/lib/python3.13/asyncio/base_events.py", line 550, in _check_closed
    raise RuntimeError('Event loop is closed')
RuntimeError: Event loop is closed
2025-05-27 19:52:09,646 - sqlalchemy.pool.impl.AsyncAdaptedQueuePool - ERROR [base.py:1032] - The garbage collector is trying to clean up non-checked-in connection <AdaptedConnection <asyncpg.connection.Connection object at 0xffffa2bf1a90>>, which will be terminated.  Please ensure that SQLAlchemy pooled connections are returned to the pool explicitly, either by calling ``close()`` or by using appropriate context managers to manage their lifecycle.
2025-05-27 19:52:21,499 - src.main - ERROR [main.py:59] - Ошибка при обработке запроса: cannot access local variable 'acc_repo' where it is not associated with a value
Traceback (most recent call last):
  File "/usr/local/lib/python3.13/site-packages/starlette/middleware/errors.py", line 165, in __call__
    await self.app(scope, receive, _send)
  File "/usr/local/lib/python3.13/site-packages/starlette/middleware/exceptions.py", line 62, in __call__
    await wrap_app_handling_exceptions(self.app, conn)(scope, receive, send)
  File "/usr/local/lib/python3.13/site-packages/starlette/_exception_handler.py", line 53, in wrapped_app
    raise exc
  File "/usr/local/lib/python3.13/site-packages/starlette/_exception_handler.py", line 42, in wrapped_app
    await app(scope, receive, sender)
  File "/usr/local/lib/python3.13/site-packages/starlette/routing.py", line 714, in __call__
    await self.middleware_stack(scope, receive, send)
  File "/usr/local/lib/python3.13/site-packages/starlette/routing.py", line 734, in app
    await route.handle(scope, receive, send)
  File "/usr/local/lib/python3.13/site-packages/starlette/routing.py", line 288, in handle
    await self.app(scope, receive, send)
  File "/usr/local/lib/python3.13/site-packages/starlette/routing.py", line 76, in app
    await wrap_app_handling_exceptions(app, request)(scope, receive, send)
  File "/usr/local/lib/python3.13/site-packages/starlette/_exception_handler.py", line 53, in wrapped_app
    raise exc
  File "/usr/local/lib/python3.13/site-packages/starlette/_exception_handler.py", line 42, in wrapped_app
    await app(scope, receive, sender)
  File "/usr/local/lib/python3.13/site-packages/starlette/routing.py", line 73, in app
    response = await f(request)
               ^^^^^^^^^^^^^^^^
  File "/usr/local/lib/python3.13/site-packages/fastapi/routing.py", line 291, in app
    solved_result = await solve_dependencies(
                    ^^^^^^^^^^^^^^^^^^^^^^^^^
    ...<6 lines>...
    )
    ^
  File "/usr/local/lib/python3.13/site-packages/fastapi/dependencies/utils.py", line 638, in solve_dependencies
    solved = await call(**solved_result.values)
             ^^^^^^^^^^^^^^^^^^^^^^^^^^^^^^^^^^
  File "/app/src/service_locator.py", line 264, in get_service_locator
    repositories = Repositories(acc_repo, city_repo, d_route_repo, ent_repo, route_repo, travel_repo, user_repo)
                                ^^^^^^^^
UnboundLocalError: cannot access local variable 'acc_repo' where it is not associated with a value
2025-09-19 20:30:52,830 - repository_mongodb.user_repository - ERROR [user_repository.py:49] - Ошибка при добавлении пользователя: E11000 duplicate key error collection: travel_db.users index: login_1 dup key: { login: "user1" }, full error: {'index': 0, 'code': 11000, 'errmsg': 'E11000 duplicate key error collection: travel_db.users index: login_1 dup key: { login: "user1" }', 'keyPattern': {'login': 1}, 'keyValue': {'login': 'user1'}}
Traceback (most recent call last):
  File "/app/src/repository_mongodb/user_repository.py", line 43, in add
    result = await self.users.insert_one(user_data)
             ^^^^^^^^^^^^^^^^^^^^^^^^^^^^^^^^^^^^^^
  File "/usr/local/lib/python3.13/concurrent/futures/thread.py", line 59, in run
    result = self.fn(*self.args, **self.kwargs)
  File "/usr/local/lib/python3.13/site-packages/pymongo/synchronous/collection.py", line 891, in insert_one
    self._insert_one(
    ~~~~~~~~~~~~~~~~^
        document,
        ^^^^^^^^^
    ...<5 lines>...
        comment=comment,
        ^^^^^^^^^^^^^^^^
    ),
    ^
  File "/usr/local/lib/python3.13/site-packages/pymongo/synchronous/collection.py", line 831, in _insert_one
    self._database.client._retryable_write(
    ~~~~~~~~~~~~~~~~~~~~~~~~~~~~~~~~~~~~~~^
        acknowledged, _insert_command, session, operation=_Op.INSERT
        ^^^^^^^^^^^^^^^^^^^^^^^^^^^^^^^^^^^^^^^^^^^^^^^^^^^^^^^^^^^^
    )
    ^
  File "/usr/local/lib/python3.13/site-packages/pymongo/synchronous/mongo_client.py", line 2061, in _retryable_write
    return self._retry_with_session(retryable, func, s, bulk, operation, operation_id)
           ~~~~~~~~~~~~~~~~~~~~~~~~^^^^^^^^^^^^^^^^^^^^^^^^^^^^^^^^^^^^^^^^^^^^^^^^^^^
  File "/usr/local/lib/python3.13/site-packages/pymongo/synchronous/mongo_client.py", line 1947, in _retry_with_session
    return self._retry_internal(
           ~~~~~~~~~~~~~~~~~~~~^
        func=func,
        ^^^^^^^^^^
    ...<4 lines>...
        operation_id=operation_id,
        ^^^^^^^^^^^^^^^^^^^^^^^^^^
    )
    ^
  File "/usr/local/lib/python3.13/site-packages/pymongo/_csot.py", line 119, in csot_wrapper
    return func(self, *args, **kwargs)
  File "/usr/local/lib/python3.13/site-packages/pymongo/synchronous/mongo_client.py", line 1993, in _retry_internal
    ).run()
      ~~~^^
  File "/usr/local/lib/python3.13/site-packages/pymongo/synchronous/mongo_client.py", line 2730, in run
    return self._read() if self._is_read else self._write()
                                              ~~~~~~~~~~~^^
  File "/usr/local/lib/python3.13/site-packages/pymongo/synchronous/mongo_client.py", line 2862, in _write
    return self._func(self._session, conn, self._retryable)  # type: ignore
           ~~~~~~~~~~^^^^^^^^^^^^^^^^^^^^^^^^^^^^^^^^^^^^^^
  File "/usr/local/lib/python3.13/site-packages/pymongo/synchronous/collection.py", line 829, in _insert_command
    _check_write_command_response(result)
    ~~~~~~~~~~~~~~~~~~~~~~~~~~~~~^^^^^^^^
  File "/usr/local/lib/python3.13/site-packages/pymongo/helpers_shared.py", line 288, in _check_write_command_response
    _raise_last_write_error(write_errors)
    ~~~~~~~~~~~~~~~~~~~~~~~^^^^^^^^^^^^^^
  File "/usr/local/lib/python3.13/site-packages/pymongo/helpers_shared.py", line 258, in _raise_last_write_error
    raise DuplicateKeyError(error.get("errmsg"), 11000, error)
pymongo.errors.DuplicateKeyError: E11000 duplicate key error collection: travel_db.users index: login_1 dup key: { login: "user1" }, full error: {'index': 0, 'code': 11000, 'errmsg': 'E11000 duplicate key error collection: travel_db.users index: login_1 dup key: { login: "user1" }', 'keyPattern': {'login': 1}, 'keyValue': {'login': 'user1'}}
2025-09-19 20:30:52,844 - services.user_service - ERROR [user_service.py:80] - Ошибка регистрации пользователя user1: E11000 duplicate key error collection: travel_db.users index: login_1 dup key: { login: "user1" }, full error: {'index': 0, 'code': 11000, 'errmsg': 'E11000 duplicate key error collection: travel_db.users index: login_1 dup key: { login: "user1" }', 'keyPattern': {'login': 1}, 'keyValue': {'login': 'user1'}}
2025-09-19 20:30:52,845 - controllers.user_controller - ERROR [user_controller.py:86] - Registration error: Пользователь с таким логином уже существует
2025-09-20 06:05:22,238 - repository_mongodb.user_repository - ERROR [user_repository.py:49] - Ошибка при добавлении пользователя: E11000 duplicate key error collection: travel_db.users index: passport_1 dup key: { passport: "1111111111" }, full error: {'index': 0, 'code': 11000, 'errmsg': 'E11000 duplicate key error collection: travel_db.users index: passport_1 dup key: { passport: "1111111111" }', 'keyPattern': {'passport': 1}, 'keyValue': {'passport': '1111111111'}}
Traceback (most recent call last):
  File "/app/src/repository_mongodb/user_repository.py", line 43, in add
    result = await self.users.insert_one(user_data)
             ^^^^^^^^^^^^^^^^^^^^^^^^^^^^^^^^^^^^^^
  File "/usr/local/lib/python3.13/concurrent/futures/thread.py", line 59, in run
    result = self.fn(*self.args, **self.kwargs)
  File "/usr/local/lib/python3.13/site-packages/pymongo/synchronous/collection.py", line 891, in insert_one
    self._insert_one(
    ~~~~~~~~~~~~~~~~^
        document,
        ^^^^^^^^^
    ...<5 lines>...
        comment=comment,
        ^^^^^^^^^^^^^^^^
    ),
    ^
  File "/usr/local/lib/python3.13/site-packages/pymongo/synchronous/collection.py", line 831, in _insert_one
    self._database.client._retryable_write(
    ~~~~~~~~~~~~~~~~~~~~~~~~~~~~~~~~~~~~~~^
        acknowledged, _insert_command, session, operation=_Op.INSERT
        ^^^^^^^^^^^^^^^^^^^^^^^^^^^^^^^^^^^^^^^^^^^^^^^^^^^^^^^^^^^^
    )
    ^
  File "/usr/local/lib/python3.13/site-packages/pymongo/synchronous/mongo_client.py", line 2061, in _retryable_write
    return self._retry_with_session(retryable, func, s, bulk, operation, operation_id)
           ~~~~~~~~~~~~~~~~~~~~~~~~^^^^^^^^^^^^^^^^^^^^^^^^^^^^^^^^^^^^^^^^^^^^^^^^^^^
  File "/usr/local/lib/python3.13/site-packages/pymongo/synchronous/mongo_client.py", line 1947, in _retry_with_session
    return self._retry_internal(
           ~~~~~~~~~~~~~~~~~~~~^
        func=func,
        ^^^^^^^^^^
    ...<4 lines>...
        operation_id=operation_id,
        ^^^^^^^^^^^^^^^^^^^^^^^^^^
    )
    ^
  File "/usr/local/lib/python3.13/site-packages/pymongo/_csot.py", line 119, in csot_wrapper
    return func(self, *args, **kwargs)
  File "/usr/local/lib/python3.13/site-packages/pymongo/synchronous/mongo_client.py", line 1993, in _retry_internal
    ).run()
      ~~~^^
  File "/usr/local/lib/python3.13/site-packages/pymongo/synchronous/mongo_client.py", line 2730, in run
    return self._read() if self._is_read else self._write()
                                              ~~~~~~~~~~~^^
  File "/usr/local/lib/python3.13/site-packages/pymongo/synchronous/mongo_client.py", line 2862, in _write
    return self._func(self._session, conn, self._retryable)  # type: ignore
           ~~~~~~~~~~^^^^^^^^^^^^^^^^^^^^^^^^^^^^^^^^^^^^^^
  File "/usr/local/lib/python3.13/site-packages/pymongo/synchronous/collection.py", line 829, in _insert_command
    _check_write_command_response(result)
    ~~~~~~~~~~~~~~~~~~~~~~~~~~~~~^^^^^^^^
  File "/usr/local/lib/python3.13/site-packages/pymongo/helpers_shared.py", line 288, in _check_write_command_response
    _raise_last_write_error(write_errors)
    ~~~~~~~~~~~~~~~~~~~~~~~^^^^^^^^^^^^^^
  File "/usr/local/lib/python3.13/site-packages/pymongo/helpers_shared.py", line 258, in _raise_last_write_error
    raise DuplicateKeyError(error.get("errmsg"), 11000, error)
pymongo.errors.DuplicateKeyError: E11000 duplicate key error collection: travel_db.users index: passport_1 dup key: { passport: "1111111111" }, full error: {'index': 0, 'code': 11000, 'errmsg': 'E11000 duplicate key error collection: travel_db.users index: passport_1 dup key: { passport: "1111111111" }', 'keyPattern': {'passport': 1}, 'keyValue': {'passport': '1111111111'}}
2025-09-20 06:05:22,288 - services.user_service - ERROR [user_service.py:80] - Ошибка регистрации пользователя fsdfsf: E11000 duplicate key error collection: travel_db.users index: passport_1 dup key: { passport: "1111111111" }, full error: {'index': 0, 'code': 11000, 'errmsg': 'E11000 duplicate key error collection: travel_db.users index: passport_1 dup key: { passport: "1111111111" }', 'keyPattern': {'passport': 1}, 'keyValue': {'passport': '1111111111'}}
2025-09-20 06:05:22,288 - controllers.user_controller - ERROR [user_controller.py:86] - Registration error: Пользователь с таким логином уже существует
2025-09-20 06:05:31,775 - repository_mongodb.user_repository - ERROR [user_repository.py:49] - Ошибка при добавлении пользователя: E11000 duplicate key error collection: travel_db.users index: passport_1 dup key: { passport: "1111111111" }, full error: {'index': 0, 'code': 11000, 'errmsg': 'E11000 duplicate key error collection: travel_db.users index: passport_1 dup key: { passport: "1111111111" }', 'keyPattern': {'passport': 1}, 'keyValue': {'passport': '1111111111'}}
Traceback (most recent call last):
  File "/app/src/repository_mongodb/user_repository.py", line 43, in add
    result = await self.users.insert_one(user_data)
             ^^^^^^^^^^^^^^^^^^^^^^^^^^^^^^^^^^^^^^
  File "/usr/local/lib/python3.13/concurrent/futures/thread.py", line 59, in run
    result = self.fn(*self.args, **self.kwargs)
  File "/usr/local/lib/python3.13/site-packages/pymongo/synchronous/collection.py", line 891, in insert_one
    self._insert_one(
    ~~~~~~~~~~~~~~~~^
        document,
        ^^^^^^^^^
    ...<5 lines>...
        comment=comment,
        ^^^^^^^^^^^^^^^^
    ),
    ^
  File "/usr/local/lib/python3.13/site-packages/pymongo/synchronous/collection.py", line 831, in _insert_one
    self._database.client._retryable_write(
    ~~~~~~~~~~~~~~~~~~~~~~~~~~~~~~~~~~~~~~^
        acknowledged, _insert_command, session, operation=_Op.INSERT
        ^^^^^^^^^^^^^^^^^^^^^^^^^^^^^^^^^^^^^^^^^^^^^^^^^^^^^^^^^^^^
    )
    ^
  File "/usr/local/lib/python3.13/site-packages/pymongo/synchronous/mongo_client.py", line 2061, in _retryable_write
    return self._retry_with_session(retryable, func, s, bulk, operation, operation_id)
           ~~~~~~~~~~~~~~~~~~~~~~~~^^^^^^^^^^^^^^^^^^^^^^^^^^^^^^^^^^^^^^^^^^^^^^^^^^^
  File "/usr/local/lib/python3.13/site-packages/pymongo/synchronous/mongo_client.py", line 1947, in _retry_with_session
    return self._retry_internal(
           ~~~~~~~~~~~~~~~~~~~~^
        func=func,
        ^^^^^^^^^^
    ...<4 lines>...
        operation_id=operation_id,
        ^^^^^^^^^^^^^^^^^^^^^^^^^^
    )
    ^
  File "/usr/local/lib/python3.13/site-packages/pymongo/_csot.py", line 119, in csot_wrapper
    return func(self, *args, **kwargs)
  File "/usr/local/lib/python3.13/site-packages/pymongo/synchronous/mongo_client.py", line 1993, in _retry_internal
    ).run()
      ~~~^^
  File "/usr/local/lib/python3.13/site-packages/pymongo/synchronous/mongo_client.py", line 2730, in run
    return self._read() if self._is_read else self._write()
                                              ~~~~~~~~~~~^^
  File "/usr/local/lib/python3.13/site-packages/pymongo/synchronous/mongo_client.py", line 2862, in _write
    return self._func(self._session, conn, self._retryable)  # type: ignore
           ~~~~~~~~~~^^^^^^^^^^^^^^^^^^^^^^^^^^^^^^^^^^^^^^
  File "/usr/local/lib/python3.13/site-packages/pymongo/synchronous/collection.py", line 829, in _insert_command
    _check_write_command_response(result)
    ~~~~~~~~~~~~~~~~~~~~~~~~~~~~~^^^^^^^^
  File "/usr/local/lib/python3.13/site-packages/pymongo/helpers_shared.py", line 288, in _check_write_command_response
    _raise_last_write_error(write_errors)
    ~~~~~~~~~~~~~~~~~~~~~~~^^^^^^^^^^^^^^
  File "/usr/local/lib/python3.13/site-packages/pymongo/helpers_shared.py", line 258, in _raise_last_write_error
    raise DuplicateKeyError(error.get("errmsg"), 11000, error)
pymongo.errors.DuplicateKeyError: E11000 duplicate key error collection: travel_db.users index: passport_1 dup key: { passport: "1111111111" }, full error: {'index': 0, 'code': 11000, 'errmsg': 'E11000 duplicate key error collection: travel_db.users index: passport_1 dup key: { passport: "1111111111" }', 'keyPattern': {'passport': 1}, 'keyValue': {'passport': '1111111111'}}
2025-09-20 06:05:31,780 - services.user_service - ERROR [user_service.py:80] - Ошибка регистрации пользователя fsdfsf: E11000 duplicate key error collection: travel_db.users index: passport_1 dup key: { passport: "1111111111" }, full error: {'index': 0, 'code': 11000, 'errmsg': 'E11000 duplicate key error collection: travel_db.users index: passport_1 dup key: { passport: "1111111111" }', 'keyPattern': {'passport': 1}, 'keyValue': {'passport': '1111111111'}}
2025-09-20 06:05:31,780 - controllers.user_controller - ERROR [user_controller.py:86] - Registration error: Пользователь с таким логином уже существует
2025-09-20 08:07:39,660 - controllers.user_controller - ERROR [user_controller.py:120] - Ошибка при авторизации пользователя: 401: Invalid login or password
Traceback (most recent call last):
  File "/app/src/controllers/user_controller.py", line 109, in login
    raise HTTPException(status_code=401, detail="Invalid login or password")
fastapi.exceptions.HTTPException: 401: Invalid login or password
2025-09-20 08:07:40,905 - controllers.user_controller - ERROR [user_controller.py:120] - Ошибка при авторизации пользователя: 401: Invalid login or password
Traceback (most recent call last):
  File "/app/src/controllers/user_controller.py", line 109, in login
    raise HTTPException(status_code=401, detail="Invalid login or password")
fastapi.exceptions.HTTPException: 401: Invalid login or password
2025-09-20 08:07:51,382 - controllers.user_controller - ERROR [user_controller.py:120] - Ошибка при авторизации пользователя: 401: Invalid login or password
Traceback (most recent call last):
  File "/app/src/controllers/user_controller.py", line 109, in login
    raise HTTPException(status_code=401, detail="Invalid login or password")
fastapi.exceptions.HTTPException: 401: Invalid login or password
2025-09-20 08:09:00,607 - controllers.route_controller - ERROR [route_controller.py:92] - Ошибка при создании маршрута: 2 validation errors for Travel
entertainments
  Value error, Список entertainments не должен быть пустым [type=value_error, input_value=[], input_type=list]
    For further information visit https://errors.pydantic.dev/2.11/v/value_error
accommodations
  Value error, Список accommodation не должен быть пустым [type=value_error, input_value=[], input_type=list]
    For further information visit https://errors.pydantic.dev/2.11/v/value_error
Traceback (most recent call last):
  File "/app/src/controllers/route_controller.py", line 64, in create_new_route_user
    travel = Travel(
        travel_id=1,
    ...<9 lines>...
        ]
    )
  File "/usr/local/lib/python3.13/site-packages/pydantic/main.py", line 243, in __init__
    validated_self = self.__pydantic_validator__.validate_python(data, self_instance=self)
pydantic_core._pydantic_core.ValidationError: 2 validation errors for Travel
entertainments
  Value error, Список entertainments не должен быть пустым [type=value_error, input_value=[], input_type=list]
    For further information visit https://errors.pydantic.dev/2.11/v/value_error
accommodations
  Value error, Список accommodation не должен быть пустым [type=value_error, input_value=[], input_type=list]
    For further information visit https://errors.pydantic.dev/2.11/v/value_error
2025-09-20 12:51:07,043 - controllers.user_controller - WARNING [user_controller.py:41] - Пользователь ID 3 не найден
2025-09-20 12:51:07,063 - src.main - ERROR [main.py:59] - Ошибка при обработке запроса: 'user'
Traceback (most recent call last):
  File "/usr/local/lib/python3.13/site-packages/starlette/middleware/errors.py", line 165, in __call__
    await self.app(scope, receive, _send)
  File "/usr/local/lib/python3.13/site-packages/starlette/middleware/exceptions.py", line 62, in __call__
    await wrap_app_handling_exceptions(self.app, conn)(scope, receive, send)
  File "/usr/local/lib/python3.13/site-packages/starlette/_exception_handler.py", line 53, in wrapped_app
    raise exc
  File "/usr/local/lib/python3.13/site-packages/starlette/_exception_handler.py", line 42, in wrapped_app
    await app(scope, receive, sender)
  File "/usr/local/lib/python3.13/site-packages/starlette/routing.py", line 714, in __call__
    await self.middleware_stack(scope, receive, send)
  File "/usr/local/lib/python3.13/site-packages/starlette/routing.py", line 734, in app
    await route.handle(scope, receive, send)
  File "/usr/local/lib/python3.13/site-packages/starlette/routing.py", line 288, in handle
    await self.app(scope, receive, send)
  File "/usr/local/lib/python3.13/site-packages/starlette/routing.py", line 76, in app
    await wrap_app_handling_exceptions(app, request)(scope, receive, send)
  File "/usr/local/lib/python3.13/site-packages/starlette/_exception_handler.py", line 53, in wrapped_app
    raise exc
  File "/usr/local/lib/python3.13/site-packages/starlette/_exception_handler.py", line 42, in wrapped_app
    await app(scope, receive, sender)
  File "/usr/local/lib/python3.13/site-packages/starlette/routing.py", line 73, in app
    response = await f(request)
               ^^^^^^^^^^^^^^^^
  File "/usr/local/lib/python3.13/site-packages/fastapi/routing.py", line 301, in app
    raw_response = await run_endpoint_function(
                   ^^^^^^^^^^^^^^^^^^^^^^^^^^^^
    ...<3 lines>...
    )
    ^
  File "/usr/local/lib/python3.13/site-packages/fastapi/routing.py", line 212, in run_endpoint_function
    return await dependant.call(**values)
           ^^^^^^^^^^^^^^^^^^^^^^^^^^^^^^
  File "/app/src/routers/user.py", line 138, in get_user_profile
    "current_user_id": profile_data["user"]["user_id"]
                       ~~~~~~~~~~~~^^^^^^^^
KeyError: 'user'
2025-09-20 12:51:09,311 - controllers.user_controller - WARNING [user_controller.py:41] - Пользователь ID 3 не найден
2025-09-20 12:51:09,328 - src.main - ERROR [main.py:59] - Ошибка при обработке запроса: 'user'
Traceback (most recent call last):
  File "/usr/local/lib/python3.13/site-packages/starlette/middleware/errors.py", line 165, in __call__
    await self.app(scope, receive, _send)
  File "/usr/local/lib/python3.13/site-packages/starlette/middleware/exceptions.py", line 62, in __call__
    await wrap_app_handling_exceptions(self.app, conn)(scope, receive, send)
  File "/usr/local/lib/python3.13/site-packages/starlette/_exception_handler.py", line 53, in wrapped_app
    raise exc
  File "/usr/local/lib/python3.13/site-packages/starlette/_exception_handler.py", line 42, in wrapped_app
    await app(scope, receive, sender)
  File "/usr/local/lib/python3.13/site-packages/starlette/routing.py", line 714, in __call__
    await self.middleware_stack(scope, receive, send)
  File "/usr/local/lib/python3.13/site-packages/starlette/routing.py", line 734, in app
    await route.handle(scope, receive, send)
  File "/usr/local/lib/python3.13/site-packages/starlette/routing.py", line 288, in handle
    await self.app(scope, receive, send)
  File "/usr/local/lib/python3.13/site-packages/starlette/routing.py", line 76, in app
    await wrap_app_handling_exceptions(app, request)(scope, receive, send)
  File "/usr/local/lib/python3.13/site-packages/starlette/_exception_handler.py", line 53, in wrapped_app
    raise exc
  File "/usr/local/lib/python3.13/site-packages/starlette/_exception_handler.py", line 42, in wrapped_app
    await app(scope, receive, sender)
  File "/usr/local/lib/python3.13/site-packages/starlette/routing.py", line 73, in app
    response = await f(request)
               ^^^^^^^^^^^^^^^^
  File "/usr/local/lib/python3.13/site-packages/fastapi/routing.py", line 301, in app
    raw_response = await run_endpoint_function(
                   ^^^^^^^^^^^^^^^^^^^^^^^^^^^^
    ...<3 lines>...
    )
    ^
  File "/usr/local/lib/python3.13/site-packages/fastapi/routing.py", line 212, in run_endpoint_function
    return await dependant.call(**values)
           ^^^^^^^^^^^^^^^^^^^^^^^^^^^^^^
  File "/app/src/routers/user.py", line 138, in get_user_profile
    "current_user_id": profile_data["user"]["user_id"]
                       ~~~~~~~~~~~~^^^^^^^^
KeyError: 'user'
2025-09-20 12:51:42,960 - controllers.user_controller - ERROR [user_controller.py:120] - Ошибка при авторизации пользователя: 401: Invalid login or password
Traceback (most recent call last):
  File "/app/src/controllers/user_controller.py", line 109, in login
    raise HTTPException(status_code=401, detail="Invalid login or password")
fastapi.exceptions.HTTPException: 401: Invalid login or password
2025-09-20 14:13:31,996 - controllers.route_controller - ERROR [route_controller.py:92] - Ошибка при создании маршрута: No active exception to reraise
Traceback (most recent call last):
  File "/app/src/controllers/route_controller.py", line 63, in create_new_route_user
    raise
RuntimeError: No active exception to reraise
2025-09-20 14:15:56,748 - controllers.user_controller - WARNING [user_controller.py:41] - Пользователь ID 3 не найден
2025-09-20 14:15:56,775 - src.main - ERROR [main.py:59] - Ошибка при обработке запроса: 'user'
Traceback (most recent call last):
  File "/usr/local/lib/python3.13/site-packages/starlette/middleware/errors.py", line 165, in __call__
    await self.app(scope, receive, _send)
  File "/usr/local/lib/python3.13/site-packages/starlette/middleware/exceptions.py", line 62, in __call__
    await wrap_app_handling_exceptions(self.app, conn)(scope, receive, send)
  File "/usr/local/lib/python3.13/site-packages/starlette/_exception_handler.py", line 53, in wrapped_app
    raise exc
  File "/usr/local/lib/python3.13/site-packages/starlette/_exception_handler.py", line 42, in wrapped_app
    await app(scope, receive, sender)
  File "/usr/local/lib/python3.13/site-packages/starlette/routing.py", line 714, in __call__
    await self.middleware_stack(scope, receive, send)
  File "/usr/local/lib/python3.13/site-packages/starlette/routing.py", line 734, in app
    await route.handle(scope, receive, send)
  File "/usr/local/lib/python3.13/site-packages/starlette/routing.py", line 288, in handle
    await self.app(scope, receive, send)
  File "/usr/local/lib/python3.13/site-packages/starlette/routing.py", line 76, in app
    await wrap_app_handling_exceptions(app, request)(scope, receive, send)
  File "/usr/local/lib/python3.13/site-packages/starlette/_exception_handler.py", line 53, in wrapped_app
    raise exc
  File "/usr/local/lib/python3.13/site-packages/starlette/_exception_handler.py", line 42, in wrapped_app
    await app(scope, receive, sender)
  File "/usr/local/lib/python3.13/site-packages/starlette/routing.py", line 73, in app
    response = await f(request)
               ^^^^^^^^^^^^^^^^
  File "/usr/local/lib/python3.13/site-packages/fastapi/routing.py", line 301, in app
    raw_response = await run_endpoint_function(
                   ^^^^^^^^^^^^^^^^^^^^^^^^^^^^
    ...<3 lines>...
    )
    ^
  File "/usr/local/lib/python3.13/site-packages/fastapi/routing.py", line 212, in run_endpoint_function
    return await dependant.call(**values)
           ^^^^^^^^^^^^^^^^^^^^^^^^^^^^^^
  File "/app/src/routers/user.py", line 138, in get_user_profile
    "current_user_id": profile_data["user"]["user_id"]
                       ~~~~~~~~~~~~^^^^^^^^
KeyError: 'user'
2025-09-20 14:15:58,753 - controllers.user_controller - WARNING [user_controller.py:41] - Пользователь ID 3 не найден
2025-09-20 14:15:58,773 - src.main - ERROR [main.py:59] - Ошибка при обработке запроса: 'user'
Traceback (most recent call last):
  File "/usr/local/lib/python3.13/site-packages/starlette/middleware/errors.py", line 165, in __call__
    await self.app(scope, receive, _send)
  File "/usr/local/lib/python3.13/site-packages/starlette/middleware/exceptions.py", line 62, in __call__
    await wrap_app_handling_exceptions(self.app, conn)(scope, receive, send)
  File "/usr/local/lib/python3.13/site-packages/starlette/_exception_handler.py", line 53, in wrapped_app
    raise exc
  File "/usr/local/lib/python3.13/site-packages/starlette/_exception_handler.py", line 42, in wrapped_app
    await app(scope, receive, sender)
  File "/usr/local/lib/python3.13/site-packages/starlette/routing.py", line 714, in __call__
    await self.middleware_stack(scope, receive, send)
  File "/usr/local/lib/python3.13/site-packages/starlette/routing.py", line 734, in app
    await route.handle(scope, receive, send)
  File "/usr/local/lib/python3.13/site-packages/starlette/routing.py", line 288, in handle
    await self.app(scope, receive, send)
  File "/usr/local/lib/python3.13/site-packages/starlette/routing.py", line 76, in app
    await wrap_app_handling_exceptions(app, request)(scope, receive, send)
  File "/usr/local/lib/python3.13/site-packages/starlette/_exception_handler.py", line 53, in wrapped_app
    raise exc
  File "/usr/local/lib/python3.13/site-packages/starlette/_exception_handler.py", line 42, in wrapped_app
    await app(scope, receive, sender)
  File "/usr/local/lib/python3.13/site-packages/starlette/routing.py", line 73, in app
    response = await f(request)
               ^^^^^^^^^^^^^^^^
  File "/usr/local/lib/python3.13/site-packages/fastapi/routing.py", line 301, in app
    raw_response = await run_endpoint_function(
                   ^^^^^^^^^^^^^^^^^^^^^^^^^^^^
    ...<3 lines>...
    )
    ^
  File "/usr/local/lib/python3.13/site-packages/fastapi/routing.py", line 212, in run_endpoint_function
    return await dependant.call(**values)
           ^^^^^^^^^^^^^^^^^^^^^^^^^^^^^^
  File "/app/src/routers/user.py", line 138, in get_user_profile
    "current_user_id": profile_data["user"]["user_id"]
                       ~~~~~~~~~~~~^^^^^^^^
KeyError: 'user'
2025-09-20 14:16:38,229 - repository_mongodb.user_repository - ERROR [user_repository.py:49] - Ошибка при добавлении пользователя: E11000 duplicate key error collection: travel_db.users index: passport_1 dup key: { passport: "1345678453" }, full error: {'index': 0, 'code': 11000, 'errmsg': 'E11000 duplicate key error collection: travel_db.users index: passport_1 dup key: { passport: "1345678453" }', 'keyPattern': {'passport': 1}, 'keyValue': {'passport': '1345678453'}}
Traceback (most recent call last):
  File "/app/src/repository_mongodb/user_repository.py", line 43, in add
    result = await self.users.insert_one(user_data)
             ^^^^^^^^^^^^^^^^^^^^^^^^^^^^^^^^^^^^^^
  File "/usr/local/lib/python3.13/concurrent/futures/thread.py", line 59, in run
    result = self.fn(*self.args, **self.kwargs)
  File "/usr/local/lib/python3.13/site-packages/pymongo/synchronous/collection.py", line 891, in insert_one
    self._insert_one(
    ~~~~~~~~~~~~~~~~^
        document,
        ^^^^^^^^^
    ...<5 lines>...
        comment=comment,
        ^^^^^^^^^^^^^^^^
    ),
    ^
  File "/usr/local/lib/python3.13/site-packages/pymongo/synchronous/collection.py", line 831, in _insert_one
    self._database.client._retryable_write(
    ~~~~~~~~~~~~~~~~~~~~~~~~~~~~~~~~~~~~~~^
        acknowledged, _insert_command, session, operation=_Op.INSERT
        ^^^^^^^^^^^^^^^^^^^^^^^^^^^^^^^^^^^^^^^^^^^^^^^^^^^^^^^^^^^^
    )
    ^
  File "/usr/local/lib/python3.13/site-packages/pymongo/synchronous/mongo_client.py", line 2061, in _retryable_write
    return self._retry_with_session(retryable, func, s, bulk, operation, operation_id)
           ~~~~~~~~~~~~~~~~~~~~~~~~^^^^^^^^^^^^^^^^^^^^^^^^^^^^^^^^^^^^^^^^^^^^^^^^^^^
  File "/usr/local/lib/python3.13/site-packages/pymongo/synchronous/mongo_client.py", line 1947, in _retry_with_session
    return self._retry_internal(
           ~~~~~~~~~~~~~~~~~~~~^
        func=func,
        ^^^^^^^^^^
    ...<4 lines>...
        operation_id=operation_id,
        ^^^^^^^^^^^^^^^^^^^^^^^^^^
    )
    ^
  File "/usr/local/lib/python3.13/site-packages/pymongo/_csot.py", line 119, in csot_wrapper
    return func(self, *args, **kwargs)
  File "/usr/local/lib/python3.13/site-packages/pymongo/synchronous/mongo_client.py", line 1993, in _retry_internal
    ).run()
      ~~~^^
  File "/usr/local/lib/python3.13/site-packages/pymongo/synchronous/mongo_client.py", line 2730, in run
    return self._read() if self._is_read else self._write()
                                              ~~~~~~~~~~~^^
  File "/usr/local/lib/python3.13/site-packages/pymongo/synchronous/mongo_client.py", line 2862, in _write
    return self._func(self._session, conn, self._retryable)  # type: ignore
           ~~~~~~~~~~^^^^^^^^^^^^^^^^^^^^^^^^^^^^^^^^^^^^^^
  File "/usr/local/lib/python3.13/site-packages/pymongo/synchronous/collection.py", line 829, in _insert_command
    _check_write_command_response(result)
    ~~~~~~~~~~~~~~~~~~~~~~~~~~~~~^^^^^^^^
  File "/usr/local/lib/python3.13/site-packages/pymongo/helpers_shared.py", line 288, in _check_write_command_response
    _raise_last_write_error(write_errors)
    ~~~~~~~~~~~~~~~~~~~~~~~^^^^^^^^^^^^^^
  File "/usr/local/lib/python3.13/site-packages/pymongo/helpers_shared.py", line 258, in _raise_last_write_error
    raise DuplicateKeyError(error.get("errmsg"), 11000, error)
pymongo.errors.DuplicateKeyError: E11000 duplicate key error collection: travel_db.users index: passport_1 dup key: { passport: "1345678453" }, full error: {'index': 0, 'code': 11000, 'errmsg': 'E11000 duplicate key error collection: travel_db.users index: passport_1 dup key: { passport: "1345678453" }', 'keyPattern': {'passport': 1}, 'keyValue': {'passport': '1345678453'}}
2025-09-20 14:16:38,250 - services.user_service - ERROR [user_service.py:80] - Ошибка регистрации пользователя lao22u233: E11000 duplicate key error collection: travel_db.users index: passport_1 dup key: { passport: "1345678453" }, full error: {'index': 0, 'code': 11000, 'errmsg': 'E11000 duplicate key error collection: travel_db.users index: passport_1 dup key: { passport: "1345678453" }', 'keyPattern': {'passport': 1}, 'keyValue': {'passport': '1345678453'}}
2025-09-20 14:16:38,250 - controllers.user_controller - ERROR [user_controller.py:86] - Registration error: Пользователь с таким логином уже существует
2025-09-20 14:17:00,365 - repository_mongodb.user_repository - ERROR [user_repository.py:49] - Ошибка при добавлении пользователя: E11000 duplicate key error collection: travel_db.users index: phone_1 dup key: { phone: "89257891245" }, full error: {'index': 0, 'code': 11000, 'errmsg': 'E11000 duplicate key error collection: travel_db.users index: phone_1 dup key: { phone: "89257891245" }', 'keyPattern': {'phone': 1}, 'keyValue': {'phone': '89257891245'}}
Traceback (most recent call last):
  File "/app/src/repository_mongodb/user_repository.py", line 43, in add
    result = await self.users.insert_one(user_data)
             ^^^^^^^^^^^^^^^^^^^^^^^^^^^^^^^^^^^^^^
  File "/usr/local/lib/python3.13/concurrent/futures/thread.py", line 59, in run
    result = self.fn(*self.args, **self.kwargs)
  File "/usr/local/lib/python3.13/site-packages/pymongo/synchronous/collection.py", line 891, in insert_one
    self._insert_one(
    ~~~~~~~~~~~~~~~~^
        document,
        ^^^^^^^^^
    ...<5 lines>...
        comment=comment,
        ^^^^^^^^^^^^^^^^
    ),
    ^
  File "/usr/local/lib/python3.13/site-packages/pymongo/synchronous/collection.py", line 831, in _insert_one
    self._database.client._retryable_write(
    ~~~~~~~~~~~~~~~~~~~~~~~~~~~~~~~~~~~~~~^
        acknowledged, _insert_command, session, operation=_Op.INSERT
        ^^^^^^^^^^^^^^^^^^^^^^^^^^^^^^^^^^^^^^^^^^^^^^^^^^^^^^^^^^^^
    )
    ^
  File "/usr/local/lib/python3.13/site-packages/pymongo/synchronous/mongo_client.py", line 2061, in _retryable_write
    return self._retry_with_session(retryable, func, s, bulk, operation, operation_id)
           ~~~~~~~~~~~~~~~~~~~~~~~~^^^^^^^^^^^^^^^^^^^^^^^^^^^^^^^^^^^^^^^^^^^^^^^^^^^
  File "/usr/local/lib/python3.13/site-packages/pymongo/synchronous/mongo_client.py", line 1947, in _retry_with_session
    return self._retry_internal(
           ~~~~~~~~~~~~~~~~~~~~^
        func=func,
        ^^^^^^^^^^
    ...<4 lines>...
        operation_id=operation_id,
        ^^^^^^^^^^^^^^^^^^^^^^^^^^
    )
    ^
  File "/usr/local/lib/python3.13/site-packages/pymongo/_csot.py", line 119, in csot_wrapper
    return func(self, *args, **kwargs)
  File "/usr/local/lib/python3.13/site-packages/pymongo/synchronous/mongo_client.py", line 1993, in _retry_internal
    ).run()
      ~~~^^
  File "/usr/local/lib/python3.13/site-packages/pymongo/synchronous/mongo_client.py", line 2730, in run
    return self._read() if self._is_read else self._write()
                                              ~~~~~~~~~~~^^
  File "/usr/local/lib/python3.13/site-packages/pymongo/synchronous/mongo_client.py", line 2862, in _write
    return self._func(self._session, conn, self._retryable)  # type: ignore
           ~~~~~~~~~~^^^^^^^^^^^^^^^^^^^^^^^^^^^^^^^^^^^^^^
  File "/usr/local/lib/python3.13/site-packages/pymongo/synchronous/collection.py", line 829, in _insert_command
    _check_write_command_response(result)
    ~~~~~~~~~~~~~~~~~~~~~~~~~~~~~^^^^^^^^
  File "/usr/local/lib/python3.13/site-packages/pymongo/helpers_shared.py", line 288, in _check_write_command_response
    _raise_last_write_error(write_errors)
    ~~~~~~~~~~~~~~~~~~~~~~~^^^^^^^^^^^^^^
  File "/usr/local/lib/python3.13/site-packages/pymongo/helpers_shared.py", line 258, in _raise_last_write_error
    raise DuplicateKeyError(error.get("errmsg"), 11000, error)
pymongo.errors.DuplicateKeyError: E11000 duplicate key error collection: travel_db.users index: phone_1 dup key: { phone: "89257891245" }, full error: {'index': 0, 'code': 11000, 'errmsg': 'E11000 duplicate key error collection: travel_db.users index: phone_1 dup key: { phone: "89257891245" }', 'keyPattern': {'phone': 1}, 'keyValue': {'phone': '89257891245'}}
2025-09-20 14:17:00,375 - services.user_service - ERROR [user_service.py:80] - Ошибка регистрации пользователя lao22u233: E11000 duplicate key error collection: travel_db.users index: phone_1 dup key: { phone: "89257891245" }, full error: {'index': 0, 'code': 11000, 'errmsg': 'E11000 duplicate key error collection: travel_db.users index: phone_1 dup key: { phone: "89257891245" }', 'keyPattern': {'phone': 1}, 'keyValue': {'phone': '89257891245'}}
2025-09-20 14:17:00,376 - controllers.user_controller - ERROR [user_controller.py:86] - Registration error: Пользователь с таким логином уже существует
2025-09-21 10:53:06,718 - repository_mongodb.user_repository - ERROR [user_repository.py:49] - Ошибка при добавлении пользователя: E11000 duplicate key error collection: travel_db.users index: passport_1 dup key: { passport: "1111111111" }, full error: {'index': 0, 'code': 11000, 'errmsg': 'E11000 duplicate key error collection: travel_db.users index: passport_1 dup key: { passport: "1111111111" }', 'keyPattern': {'passport': 1}, 'keyValue': {'passport': '1111111111'}}
Traceback (most recent call last):
  File "/app/src/repository_mongodb/user_repository.py", line 43, in add
    result = await self.users.insert_one(user_data)
             ^^^^^^^^^^^^^^^^^^^^^^^^^^^^^^^^^^^^^^
  File "/usr/local/lib/python3.13/concurrent/futures/thread.py", line 59, in run
    result = self.fn(*self.args, **self.kwargs)
  File "/usr/local/lib/python3.13/site-packages/pymongo/synchronous/collection.py", line 891, in insert_one
    self._insert_one(
    ~~~~~~~~~~~~~~~~^
        document,
        ^^^^^^^^^
    ...<5 lines>...
        comment=comment,
        ^^^^^^^^^^^^^^^^
    ),
    ^
  File "/usr/local/lib/python3.13/site-packages/pymongo/synchronous/collection.py", line 831, in _insert_one
    self._database.client._retryable_write(
    ~~~~~~~~~~~~~~~~~~~~~~~~~~~~~~~~~~~~~~^
        acknowledged, _insert_command, session, operation=_Op.INSERT
        ^^^^^^^^^^^^^^^^^^^^^^^^^^^^^^^^^^^^^^^^^^^^^^^^^^^^^^^^^^^^
    )
    ^
  File "/usr/local/lib/python3.13/site-packages/pymongo/synchronous/mongo_client.py", line 2061, in _retryable_write
    return self._retry_with_session(retryable, func, s, bulk, operation, operation_id)
           ~~~~~~~~~~~~~~~~~~~~~~~~^^^^^^^^^^^^^^^^^^^^^^^^^^^^^^^^^^^^^^^^^^^^^^^^^^^
  File "/usr/local/lib/python3.13/site-packages/pymongo/synchronous/mongo_client.py", line 1947, in _retry_with_session
    return self._retry_internal(
           ~~~~~~~~~~~~~~~~~~~~^
        func=func,
        ^^^^^^^^^^
    ...<4 lines>...
        operation_id=operation_id,
        ^^^^^^^^^^^^^^^^^^^^^^^^^^
    )
    ^
  File "/usr/local/lib/python3.13/site-packages/pymongo/_csot.py", line 119, in csot_wrapper
    return func(self, *args, **kwargs)
  File "/usr/local/lib/python3.13/site-packages/pymongo/synchronous/mongo_client.py", line 1993, in _retry_internal
    ).run()
      ~~~^^
  File "/usr/local/lib/python3.13/site-packages/pymongo/synchronous/mongo_client.py", line 2730, in run
    return self._read() if self._is_read else self._write()
                                              ~~~~~~~~~~~^^
  File "/usr/local/lib/python3.13/site-packages/pymongo/synchronous/mongo_client.py", line 2862, in _write
    return self._func(self._session, conn, self._retryable)  # type: ignore
           ~~~~~~~~~~^^^^^^^^^^^^^^^^^^^^^^^^^^^^^^^^^^^^^^
  File "/usr/local/lib/python3.13/site-packages/pymongo/synchronous/collection.py", line 829, in _insert_command
    _check_write_command_response(result)
    ~~~~~~~~~~~~~~~~~~~~~~~~~~~~~^^^^^^^^
  File "/usr/local/lib/python3.13/site-packages/pymongo/helpers_shared.py", line 288, in _check_write_command_response
    _raise_last_write_error(write_errors)
    ~~~~~~~~~~~~~~~~~~~~~~~^^^^^^^^^^^^^^
  File "/usr/local/lib/python3.13/site-packages/pymongo/helpers_shared.py", line 258, in _raise_last_write_error
    raise DuplicateKeyError(error.get("errmsg"), 11000, error)
pymongo.errors.DuplicateKeyError: E11000 duplicate key error collection: travel_db.users index: passport_1 dup key: { passport: "1111111111" }, full error: {'index': 0, 'code': 11000, 'errmsg': 'E11000 duplicate key error collection: travel_db.users index: passport_1 dup key: { passport: "1111111111" }', 'keyPattern': {'passport': 1}, 'keyValue': {'passport': '1111111111'}}
2025-09-21 10:53:06,823 - services.user_service - ERROR [user_service.py:80] - Ошибка регистрации пользователя lao22u233: E11000 duplicate key error collection: travel_db.users index: passport_1 dup key: { passport: "1111111111" }, full error: {'index': 0, 'code': 11000, 'errmsg': 'E11000 duplicate key error collection: travel_db.users index: passport_1 dup key: { passport: "1111111111" }', 'keyPattern': {'passport': 1}, 'keyValue': {'passport': '1111111111'}}
2025-09-21 10:53:06,834 - controllers.user_controller - ERROR [user_controller.py:86] - Registration error: Пользователь с таким логином уже существует
2025-09-21 10:53:06,872 - repository_mongodb.user_repository - ERROR [user_repository.py:49] - Ошибка при добавлении пользователя: E11000 duplicate key error collection: travel_db.users index: passport_1 dup key: { passport: "1111111111" }, full error: {'index': 0, 'code': 11000, 'errmsg': 'E11000 duplicate key error collection: travel_db.users index: passport_1 dup key: { passport: "1111111111" }', 'keyPattern': {'passport': 1}, 'keyValue': {'passport': '1111111111'}}
Traceback (most recent call last):
  File "/app/src/repository_mongodb/user_repository.py", line 43, in add
    result = await self.users.insert_one(user_data)
             ^^^^^^^^^^^^^^^^^^^^^^^^^^^^^^^^^^^^^^
  File "/usr/local/lib/python3.13/concurrent/futures/thread.py", line 59, in run
    result = self.fn(*self.args, **self.kwargs)
  File "/usr/local/lib/python3.13/site-packages/pymongo/synchronous/collection.py", line 891, in insert_one
    self._insert_one(
    ~~~~~~~~~~~~~~~~^
        document,
        ^^^^^^^^^
    ...<5 lines>...
        comment=comment,
        ^^^^^^^^^^^^^^^^
    ),
    ^
  File "/usr/local/lib/python3.13/site-packages/pymongo/synchronous/collection.py", line 831, in _insert_one
    self._database.client._retryable_write(
    ~~~~~~~~~~~~~~~~~~~~~~~~~~~~~~~~~~~~~~^
        acknowledged, _insert_command, session, operation=_Op.INSERT
        ^^^^^^^^^^^^^^^^^^^^^^^^^^^^^^^^^^^^^^^^^^^^^^^^^^^^^^^^^^^^
    )
    ^
  File "/usr/local/lib/python3.13/site-packages/pymongo/synchronous/mongo_client.py", line 2061, in _retryable_write
    return self._retry_with_session(retryable, func, s, bulk, operation, operation_id)
           ~~~~~~~~~~~~~~~~~~~~~~~~^^^^^^^^^^^^^^^^^^^^^^^^^^^^^^^^^^^^^^^^^^^^^^^^^^^
  File "/usr/local/lib/python3.13/site-packages/pymongo/synchronous/mongo_client.py", line 1947, in _retry_with_session
    return self._retry_internal(
           ~~~~~~~~~~~~~~~~~~~~^
        func=func,
        ^^^^^^^^^^
    ...<4 lines>...
        operation_id=operation_id,
        ^^^^^^^^^^^^^^^^^^^^^^^^^^
    )
    ^
  File "/usr/local/lib/python3.13/site-packages/pymongo/_csot.py", line 119, in csot_wrapper
    return func(self, *args, **kwargs)
  File "/usr/local/lib/python3.13/site-packages/pymongo/synchronous/mongo_client.py", line 1993, in _retry_internal
    ).run()
      ~~~^^
  File "/usr/local/lib/python3.13/site-packages/pymongo/synchronous/mongo_client.py", line 2730, in run
    return self._read() if self._is_read else self._write()
                                              ~~~~~~~~~~~^^
  File "/usr/local/lib/python3.13/site-packages/pymongo/synchronous/mongo_client.py", line 2862, in _write
    return self._func(self._session, conn, self._retryable)  # type: ignore
           ~~~~~~~~~~^^^^^^^^^^^^^^^^^^^^^^^^^^^^^^^^^^^^^^
  File "/usr/local/lib/python3.13/site-packages/pymongo/synchronous/collection.py", line 829, in _insert_command
    _check_write_command_response(result)
    ~~~~~~~~~~~~~~~~~~~~~~~~~~~~~^^^^^^^^
  File "/usr/local/lib/python3.13/site-packages/pymongo/helpers_shared.py", line 288, in _check_write_command_response
    _raise_last_write_error(write_errors)
    ~~~~~~~~~~~~~~~~~~~~~~~^^^^^^^^^^^^^^
  File "/usr/local/lib/python3.13/site-packages/pymongo/helpers_shared.py", line 258, in _raise_last_write_error
    raise DuplicateKeyError(error.get("errmsg"), 11000, error)
pymongo.errors.DuplicateKeyError: E11000 duplicate key error collection: travel_db.users index: passport_1 dup key: { passport: "1111111111" }, full error: {'index': 0, 'code': 11000, 'errmsg': 'E11000 duplicate key error collection: travel_db.users index: passport_1 dup key: { passport: "1111111111" }', 'keyPattern': {'passport': 1}, 'keyValue': {'passport': '1111111111'}}
2025-09-21 10:53:06,881 - services.user_service - ERROR [user_service.py:80] - Ошибка регистрации пользователя lao22u233: E11000 duplicate key error collection: travel_db.users index: passport_1 dup key: { passport: "1111111111" }, full error: {'index': 0, 'code': 11000, 'errmsg': 'E11000 duplicate key error collection: travel_db.users index: passport_1 dup key: { passport: "1111111111" }', 'keyPattern': {'passport': 1}, 'keyValue': {'passport': '1111111111'}}
2025-09-21 10:53:06,883 - controllers.user_controller - ERROR [user_controller.py:86] - Registration error: Пользователь с таким логином уже существует
2025-09-21 14:30:46,369 - controllers.user_controller - ERROR [user_controller.py:121] - Ошибка при авторизации пользователя: 401: Invalid login or password
Traceback (most recent call last):
  File "/app/src/controllers/user_controller.py", line 109, in login
    raise HTTPException(status_code=401, detail="Invalid login or password")
fastapi.exceptions.HTTPException: 401: Invalid login or password
2025-09-21 14:31:11,217 - src.main - ERROR [main.py:59] - Ошибка при обработке запроса: 'dict object' has no attribute 'user'
Traceback (most recent call last):
  File "/usr/local/lib/python3.13/site-packages/starlette/middleware/errors.py", line 165, in __call__
    await self.app(scope, receive, _send)
  File "/usr/local/lib/python3.13/site-packages/starlette/middleware/exceptions.py", line 62, in __call__
    await wrap_app_handling_exceptions(self.app, conn)(scope, receive, send)
  File "/usr/local/lib/python3.13/site-packages/starlette/_exception_handler.py", line 53, in wrapped_app
    raise exc
  File "/usr/local/lib/python3.13/site-packages/starlette/_exception_handler.py", line 42, in wrapped_app
    await app(scope, receive, sender)
  File "/usr/local/lib/python3.13/site-packages/starlette/routing.py", line 714, in __call__
    await self.middleware_stack(scope, receive, send)
  File "/usr/local/lib/python3.13/site-packages/starlette/routing.py", line 734, in app
    await route.handle(scope, receive, send)
  File "/usr/local/lib/python3.13/site-packages/starlette/routing.py", line 288, in handle
    await self.app(scope, receive, send)
  File "/usr/local/lib/python3.13/site-packages/starlette/routing.py", line 76, in app
    await wrap_app_handling_exceptions(app, request)(scope, receive, send)
  File "/usr/local/lib/python3.13/site-packages/starlette/_exception_handler.py", line 53, in wrapped_app
    raise exc
  File "/usr/local/lib/python3.13/site-packages/starlette/_exception_handler.py", line 42, in wrapped_app
    await app(scope, receive, sender)
  File "/usr/local/lib/python3.13/site-packages/starlette/routing.py", line 73, in app
    response = await f(request)
               ^^^^^^^^^^^^^^^^
  File "/usr/local/lib/python3.13/site-packages/fastapi/routing.py", line 301, in app
    raw_response = await run_endpoint_function(
                   ^^^^^^^^^^^^^^^^^^^^^^^^^^^^
    ...<3 lines>...
    )
    ^
  File "/usr/local/lib/python3.13/site-packages/fastapi/routing.py", line 212, in run_endpoint_function
    return await dependant.call(**values)
           ^^^^^^^^^^^^^^^^^^^^^^^^^^^^^^
  File "/app/src/routers/route.py", line 97, in get_all_route
    return templates.TemplateResponse(
           ~~~~~~~~~~~~~~~~~~~~~~~~~~^
        "route.html",
        ^^^^^^^^^^^^^
    ...<5 lines>...
        }
        ^
    )
    ^
  File "/usr/local/lib/python3.13/site-packages/starlette/templating.py", line 209, in TemplateResponse
    return _TemplateResponse(
        template,
    ...<4 lines>...
        background=background,
    )
  File "/usr/local/lib/python3.13/site-packages/starlette/templating.py", line 40, in __init__
    content = template.render(context)
  File "/usr/local/lib/python3.13/site-packages/jinja2/environment.py", line 1295, in render
    self.environment.handle_exception()
    ~~~~~~~~~~~~~~~~~~~~~~~~~~~~~~~~~^^
  File "/usr/local/lib/python3.13/site-packages/jinja2/environment.py", line 942, in handle_exception
    raise rewrite_traceback_stack(source=source)
  File "templates/route.html", line 177, in top-level template code
    data-user="{{ route.travel.user.fio }}"
    
  File "/usr/local/lib/python3.13/site-packages/jinja2/environment.py", line 490, in getattr
    return getattr(obj, attribute)
jinja2.exceptions.UndefinedError: 'dict object' has no attribute 'user'
2025-09-21 14:31:15,390 - src.main - ERROR [main.py:59] - Ошибка при обработке запроса: 'dict object' has no attribute 'user'
Traceback (most recent call last):
  File "/usr/local/lib/python3.13/site-packages/starlette/middleware/errors.py", line 165, in __call__
    await self.app(scope, receive, _send)
  File "/usr/local/lib/python3.13/site-packages/starlette/middleware/exceptions.py", line 62, in __call__
    await wrap_app_handling_exceptions(self.app, conn)(scope, receive, send)
  File "/usr/local/lib/python3.13/site-packages/starlette/_exception_handler.py", line 53, in wrapped_app
    raise exc
  File "/usr/local/lib/python3.13/site-packages/starlette/_exception_handler.py", line 42, in wrapped_app
    await app(scope, receive, sender)
  File "/usr/local/lib/python3.13/site-packages/starlette/routing.py", line 714, in __call__
    await self.middleware_stack(scope, receive, send)
  File "/usr/local/lib/python3.13/site-packages/starlette/routing.py", line 734, in app
    await route.handle(scope, receive, send)
  File "/usr/local/lib/python3.13/site-packages/starlette/routing.py", line 288, in handle
    await self.app(scope, receive, send)
  File "/usr/local/lib/python3.13/site-packages/starlette/routing.py", line 76, in app
    await wrap_app_handling_exceptions(app, request)(scope, receive, send)
  File "/usr/local/lib/python3.13/site-packages/starlette/_exception_handler.py", line 53, in wrapped_app
    raise exc
  File "/usr/local/lib/python3.13/site-packages/starlette/_exception_handler.py", line 42, in wrapped_app
    await app(scope, receive, sender)
  File "/usr/local/lib/python3.13/site-packages/starlette/routing.py", line 73, in app
    response = await f(request)
               ^^^^^^^^^^^^^^^^
  File "/usr/local/lib/python3.13/site-packages/fastapi/routing.py", line 301, in app
    raw_response = await run_endpoint_function(
                   ^^^^^^^^^^^^^^^^^^^^^^^^^^^^
    ...<3 lines>...
    )
    ^
  File "/usr/local/lib/python3.13/site-packages/fastapi/routing.py", line 212, in run_endpoint_function
    return await dependant.call(**values)
           ^^^^^^^^^^^^^^^^^^^^^^^^^^^^^^
  File "/app/src/routers/route.py", line 97, in get_all_route
    return templates.TemplateResponse(
           ~~~~~~~~~~~~~~~~~~~~~~~~~~^
        "route.html",
        ^^^^^^^^^^^^^
    ...<5 lines>...
        }
        ^
    )
    ^
  File "/usr/local/lib/python3.13/site-packages/starlette/templating.py", line 209, in TemplateResponse
    return _TemplateResponse(
        template,
    ...<4 lines>...
        background=background,
    )
  File "/usr/local/lib/python3.13/site-packages/starlette/templating.py", line 40, in __init__
    content = template.render(context)
  File "/usr/local/lib/python3.13/site-packages/jinja2/environment.py", line 1295, in render
    self.environment.handle_exception()
    ~~~~~~~~~~~~~~~~~~~~~~~~~~~~~~~~~^^
  File "/usr/local/lib/python3.13/site-packages/jinja2/environment.py", line 942, in handle_exception
    raise rewrite_traceback_stack(source=source)
  File "templates/route.html", line 177, in top-level template code
    data-user="{{ route.travel.user.fio }}"
    
  File "/usr/local/lib/python3.13/site-packages/jinja2/environment.py", line 490, in getattr
    return getattr(obj, attribute)
jinja2.exceptions.UndefinedError: 'dict object' has no attribute 'user'
2025-09-21 14:53:49,273 - src.main - ERROR [main.py:59] - Ошибка при обработке запроса: 'dict object' has no attribute 'user'
Traceback (most recent call last):
  File "/usr/local/lib/python3.13/site-packages/starlette/middleware/errors.py", line 165, in __call__
    await self.app(scope, receive, _send)
  File "/usr/local/lib/python3.13/site-packages/starlette/middleware/exceptions.py", line 62, in __call__
    await wrap_app_handling_exceptions(self.app, conn)(scope, receive, send)
  File "/usr/local/lib/python3.13/site-packages/starlette/_exception_handler.py", line 53, in wrapped_app
    raise exc
  File "/usr/local/lib/python3.13/site-packages/starlette/_exception_handler.py", line 42, in wrapped_app
    await app(scope, receive, sender)
  File "/usr/local/lib/python3.13/site-packages/starlette/routing.py", line 714, in __call__
    await self.middleware_stack(scope, receive, send)
  File "/usr/local/lib/python3.13/site-packages/starlette/routing.py", line 734, in app
    await route.handle(scope, receive, send)
  File "/usr/local/lib/python3.13/site-packages/starlette/routing.py", line 288, in handle
    await self.app(scope, receive, send)
  File "/usr/local/lib/python3.13/site-packages/starlette/routing.py", line 76, in app
    await wrap_app_handling_exceptions(app, request)(scope, receive, send)
  File "/usr/local/lib/python3.13/site-packages/starlette/_exception_handler.py", line 53, in wrapped_app
    raise exc
  File "/usr/local/lib/python3.13/site-packages/starlette/_exception_handler.py", line 42, in wrapped_app
    await app(scope, receive, sender)
  File "/usr/local/lib/python3.13/site-packages/starlette/routing.py", line 73, in app
    response = await f(request)
               ^^^^^^^^^^^^^^^^
  File "/usr/local/lib/python3.13/site-packages/fastapi/routing.py", line 301, in app
    raw_response = await run_endpoint_function(
                   ^^^^^^^^^^^^^^^^^^^^^^^^^^^^
    ...<3 lines>...
    )
    ^
  File "/usr/local/lib/python3.13/site-packages/fastapi/routing.py", line 212, in run_endpoint_function
    return await dependant.call(**values)
           ^^^^^^^^^^^^^^^^^^^^^^^^^^^^^^
  File "/app/src/routers/route.py", line 97, in get_all_route
    return templates.TemplateResponse(
           ~~~~~~~~~~~~~~~~~~~~~~~~~~^
        "route.html",
        ^^^^^^^^^^^^^
    ...<5 lines>...
        }
        ^
    )
    ^
  File "/usr/local/lib/python3.13/site-packages/starlette/templating.py", line 209, in TemplateResponse
    return _TemplateResponse(
        template,
    ...<4 lines>...
        background=background,
    )
  File "/usr/local/lib/python3.13/site-packages/starlette/templating.py", line 40, in __init__
    content = template.render(context)
  File "/usr/local/lib/python3.13/site-packages/jinja2/environment.py", line 1295, in render
    self.environment.handle_exception()
    ~~~~~~~~~~~~~~~~~~~~~~~~~~~~~~~~~^^
  File "/usr/local/lib/python3.13/site-packages/jinja2/environment.py", line 942, in handle_exception
    raise rewrite_traceback_stack(source=source)
  File "templates/route.html", line 177, in top-level template code
    data-user="{{ route.travel.user.fio }}"
    
  File "/usr/local/lib/python3.13/site-packages/jinja2/environment.py", line 490, in getattr
    return getattr(obj, attribute)
jinja2.exceptions.UndefinedError: 'dict object' has no attribute 'user'
2025-09-21 14:54:07,507 - src.main - ERROR [main.py:59] - Ошибка при обработке запроса: 'dict object' has no attribute 'user'
Traceback (most recent call last):
  File "/usr/local/lib/python3.13/site-packages/starlette/middleware/errors.py", line 165, in __call__
    await self.app(scope, receive, _send)
  File "/usr/local/lib/python3.13/site-packages/starlette/middleware/exceptions.py", line 62, in __call__
    await wrap_app_handling_exceptions(self.app, conn)(scope, receive, send)
  File "/usr/local/lib/python3.13/site-packages/starlette/_exception_handler.py", line 53, in wrapped_app
    raise exc
  File "/usr/local/lib/python3.13/site-packages/starlette/_exception_handler.py", line 42, in wrapped_app
    await app(scope, receive, sender)
  File "/usr/local/lib/python3.13/site-packages/starlette/routing.py", line 714, in __call__
    await self.middleware_stack(scope, receive, send)
  File "/usr/local/lib/python3.13/site-packages/starlette/routing.py", line 734, in app
    await route.handle(scope, receive, send)
  File "/usr/local/lib/python3.13/site-packages/starlette/routing.py", line 288, in handle
    await self.app(scope, receive, send)
  File "/usr/local/lib/python3.13/site-packages/starlette/routing.py", line 76, in app
    await wrap_app_handling_exceptions(app, request)(scope, receive, send)
  File "/usr/local/lib/python3.13/site-packages/starlette/_exception_handler.py", line 53, in wrapped_app
    raise exc
  File "/usr/local/lib/python3.13/site-packages/starlette/_exception_handler.py", line 42, in wrapped_app
    await app(scope, receive, sender)
  File "/usr/local/lib/python3.13/site-packages/starlette/routing.py", line 73, in app
    response = await f(request)
               ^^^^^^^^^^^^^^^^
  File "/usr/local/lib/python3.13/site-packages/fastapi/routing.py", line 301, in app
    raw_response = await run_endpoint_function(
                   ^^^^^^^^^^^^^^^^^^^^^^^^^^^^
    ...<3 lines>...
    )
    ^
  File "/usr/local/lib/python3.13/site-packages/fastapi/routing.py", line 212, in run_endpoint_function
    return await dependant.call(**values)
           ^^^^^^^^^^^^^^^^^^^^^^^^^^^^^^
  File "/app/src/routers/route.py", line 97, in get_all_route
    return templates.TemplateResponse(
           ~~~~~~~~~~~~~~~~~~~~~~~~~~^
        "route.html",
        ^^^^^^^^^^^^^
    ...<5 lines>...
        }
        ^
    )
    ^
  File "/usr/local/lib/python3.13/site-packages/starlette/templating.py", line 209, in TemplateResponse
    return _TemplateResponse(
        template,
    ...<4 lines>...
        background=background,
    )
  File "/usr/local/lib/python3.13/site-packages/starlette/templating.py", line 40, in __init__
    content = template.render(context)
  File "/usr/local/lib/python3.13/site-packages/jinja2/environment.py", line 1295, in render
    self.environment.handle_exception()
    ~~~~~~~~~~~~~~~~~~~~~~~~~~~~~~~~~^^
  File "/usr/local/lib/python3.13/site-packages/jinja2/environment.py", line 942, in handle_exception
    raise rewrite_traceback_stack(source=source)
  File "templates/route.html", line 177, in top-level template code
    data-user="{{ route.travel.user.fio }}"
    
  File "/usr/local/lib/python3.13/site-packages/jinja2/environment.py", line 490, in getattr
    return getattr(obj, attribute)
jinja2.exceptions.UndefinedError: 'dict object' has no attribute 'user'
2025-09-21 14:54:10,716 - src.main - ERROR [main.py:59] - Ошибка при обработке запроса: 'dict object' has no attribute 'user'
Traceback (most recent call last):
  File "/usr/local/lib/python3.13/site-packages/starlette/middleware/errors.py", line 165, in __call__
    await self.app(scope, receive, _send)
  File "/usr/local/lib/python3.13/site-packages/starlette/middleware/exceptions.py", line 62, in __call__
    await wrap_app_handling_exceptions(self.app, conn)(scope, receive, send)
  File "/usr/local/lib/python3.13/site-packages/starlette/_exception_handler.py", line 53, in wrapped_app
    raise exc
  File "/usr/local/lib/python3.13/site-packages/starlette/_exception_handler.py", line 42, in wrapped_app
    await app(scope, receive, sender)
  File "/usr/local/lib/python3.13/site-packages/starlette/routing.py", line 714, in __call__
    await self.middleware_stack(scope, receive, send)
  File "/usr/local/lib/python3.13/site-packages/starlette/routing.py", line 734, in app
    await route.handle(scope, receive, send)
  File "/usr/local/lib/python3.13/site-packages/starlette/routing.py", line 288, in handle
    await self.app(scope, receive, send)
  File "/usr/local/lib/python3.13/site-packages/starlette/routing.py", line 76, in app
    await wrap_app_handling_exceptions(app, request)(scope, receive, send)
  File "/usr/local/lib/python3.13/site-packages/starlette/_exception_handler.py", line 53, in wrapped_app
    raise exc
  File "/usr/local/lib/python3.13/site-packages/starlette/_exception_handler.py", line 42, in wrapped_app
    await app(scope, receive, sender)
  File "/usr/local/lib/python3.13/site-packages/starlette/routing.py", line 73, in app
    response = await f(request)
               ^^^^^^^^^^^^^^^^
  File "/usr/local/lib/python3.13/site-packages/fastapi/routing.py", line 301, in app
    raw_response = await run_endpoint_function(
                   ^^^^^^^^^^^^^^^^^^^^^^^^^^^^
    ...<3 lines>...
    )
    ^
  File "/usr/local/lib/python3.13/site-packages/fastapi/routing.py", line 212, in run_endpoint_function
    return await dependant.call(**values)
           ^^^^^^^^^^^^^^^^^^^^^^^^^^^^^^
  File "/app/src/routers/route.py", line 97, in get_all_route
    return templates.TemplateResponse(
           ~~~~~~~~~~~~~~~~~~~~~~~~~~^
        "route.html",
        ^^^^^^^^^^^^^
    ...<5 lines>...
        }
        ^
    )
    ^
  File "/usr/local/lib/python3.13/site-packages/starlette/templating.py", line 209, in TemplateResponse
    return _TemplateResponse(
        template,
    ...<4 lines>...
        background=background,
    )
  File "/usr/local/lib/python3.13/site-packages/starlette/templating.py", line 40, in __init__
    content = template.render(context)
  File "/usr/local/lib/python3.13/site-packages/jinja2/environment.py", line 1295, in render
    self.environment.handle_exception()
    ~~~~~~~~~~~~~~~~~~~~~~~~~~~~~~~~~^^
  File "/usr/local/lib/python3.13/site-packages/jinja2/environment.py", line 942, in handle_exception
    raise rewrite_traceback_stack(source=source)
  File "templates/route.html", line 177, in top-level template code
    data-user="{{ route.travel.user.fio }}"
    
  File "/usr/local/lib/python3.13/site-packages/jinja2/environment.py", line 490, in getattr
    return getattr(obj, attribute)
jinja2.exceptions.UndefinedError: 'dict object' has no attribute 'user'
2025-09-21 14:56:06,189 - src.main - ERROR [main.py:59] - Ошибка при обработке запроса: 'dict object' has no attribute 'user'
Traceback (most recent call last):
  File "/usr/local/lib/python3.13/site-packages/starlette/middleware/errors.py", line 165, in __call__
    await self.app(scope, receive, _send)
  File "/usr/local/lib/python3.13/site-packages/starlette/middleware/exceptions.py", line 62, in __call__
    await wrap_app_handling_exceptions(self.app, conn)(scope, receive, send)
  File "/usr/local/lib/python3.13/site-packages/starlette/_exception_handler.py", line 53, in wrapped_app
    raise exc
  File "/usr/local/lib/python3.13/site-packages/starlette/_exception_handler.py", line 42, in wrapped_app
    await app(scope, receive, sender)
  File "/usr/local/lib/python3.13/site-packages/starlette/routing.py", line 714, in __call__
    await self.middleware_stack(scope, receive, send)
  File "/usr/local/lib/python3.13/site-packages/starlette/routing.py", line 734, in app
    await route.handle(scope, receive, send)
  File "/usr/local/lib/python3.13/site-packages/starlette/routing.py", line 288, in handle
    await self.app(scope, receive, send)
  File "/usr/local/lib/python3.13/site-packages/starlette/routing.py", line 76, in app
    await wrap_app_handling_exceptions(app, request)(scope, receive, send)
  File "/usr/local/lib/python3.13/site-packages/starlette/_exception_handler.py", line 53, in wrapped_app
    raise exc
  File "/usr/local/lib/python3.13/site-packages/starlette/_exception_handler.py", line 42, in wrapped_app
    await app(scope, receive, sender)
  File "/usr/local/lib/python3.13/site-packages/starlette/routing.py", line 73, in app
    response = await f(request)
               ^^^^^^^^^^^^^^^^
  File "/usr/local/lib/python3.13/site-packages/fastapi/routing.py", line 301, in app
    raw_response = await run_endpoint_function(
                   ^^^^^^^^^^^^^^^^^^^^^^^^^^^^
    ...<3 lines>...
    )
    ^
  File "/usr/local/lib/python3.13/site-packages/fastapi/routing.py", line 212, in run_endpoint_function
    return await dependant.call(**values)
           ^^^^^^^^^^^^^^^^^^^^^^^^^^^^^^
  File "/app/src/routers/route.py", line 97, in get_all_route
    return templates.TemplateResponse(
           ~~~~~~~~~~~~~~~~~~~~~~~~~~^
        "route.html",
        ^^^^^^^^^^^^^
    ...<5 lines>...
        }
        ^
    )
    ^
  File "/usr/local/lib/python3.13/site-packages/starlette/templating.py", line 209, in TemplateResponse
    return _TemplateResponse(
        template,
    ...<4 lines>...
        background=background,
    )
  File "/usr/local/lib/python3.13/site-packages/starlette/templating.py", line 40, in __init__
    content = template.render(context)
  File "/usr/local/lib/python3.13/site-packages/jinja2/environment.py", line 1295, in render
    self.environment.handle_exception()
    ~~~~~~~~~~~~~~~~~~~~~~~~~~~~~~~~~^^
  File "/usr/local/lib/python3.13/site-packages/jinja2/environment.py", line 942, in handle_exception
    raise rewrite_traceback_stack(source=source)
  File "templates/route.html", line 177, in top-level template code
    data-user="{{ route.travel.user.fio }}"
    
  File "/usr/local/lib/python3.13/site-packages/jinja2/environment.py", line 490, in getattr
    return getattr(obj, attribute)
jinja2.exceptions.UndefinedError: 'dict object' has no attribute 'user'
2025-09-21 14:56:14,452 - controllers.user_controller - ERROR [user_controller.py:121] - Ошибка при авторизации пользователя: 401: Invalid login or password
Traceback (most recent call last):
  File "/app/src/controllers/user_controller.py", line 109, in login
    raise HTTPException(status_code=401, detail="Invalid login or password")
fastapi.exceptions.HTTPException: 401: Invalid login or password
2025-09-21 14:56:17,821 - src.main - ERROR [main.py:59] - Ошибка при обработке запроса: 'dict object' has no attribute 'user'
Traceback (most recent call last):
  File "/usr/local/lib/python3.13/site-packages/starlette/middleware/errors.py", line 165, in __call__
    await self.app(scope, receive, _send)
  File "/usr/local/lib/python3.13/site-packages/starlette/middleware/exceptions.py", line 62, in __call__
    await wrap_app_handling_exceptions(self.app, conn)(scope, receive, send)
  File "/usr/local/lib/python3.13/site-packages/starlette/_exception_handler.py", line 53, in wrapped_app
    raise exc
  File "/usr/local/lib/python3.13/site-packages/starlette/_exception_handler.py", line 42, in wrapped_app
    await app(scope, receive, sender)
  File "/usr/local/lib/python3.13/site-packages/starlette/routing.py", line 714, in __call__
    await self.middleware_stack(scope, receive, send)
  File "/usr/local/lib/python3.13/site-packages/starlette/routing.py", line 734, in app
    await route.handle(scope, receive, send)
  File "/usr/local/lib/python3.13/site-packages/starlette/routing.py", line 288, in handle
    await self.app(scope, receive, send)
  File "/usr/local/lib/python3.13/site-packages/starlette/routing.py", line 76, in app
    await wrap_app_handling_exceptions(app, request)(scope, receive, send)
  File "/usr/local/lib/python3.13/site-packages/starlette/_exception_handler.py", line 53, in wrapped_app
    raise exc
  File "/usr/local/lib/python3.13/site-packages/starlette/_exception_handler.py", line 42, in wrapped_app
    await app(scope, receive, sender)
  File "/usr/local/lib/python3.13/site-packages/starlette/routing.py", line 73, in app
    response = await f(request)
               ^^^^^^^^^^^^^^^^
  File "/usr/local/lib/python3.13/site-packages/fastapi/routing.py", line 301, in app
    raw_response = await run_endpoint_function(
                   ^^^^^^^^^^^^^^^^^^^^^^^^^^^^
    ...<3 lines>...
    )
    ^
  File "/usr/local/lib/python3.13/site-packages/fastapi/routing.py", line 212, in run_endpoint_function
    return await dependant.call(**values)
           ^^^^^^^^^^^^^^^^^^^^^^^^^^^^^^
  File "/app/src/routers/route.py", line 97, in get_all_route
    return templates.TemplateResponse(
           ~~~~~~~~~~~~~~~~~~~~~~~~~~^
        "route.html",
        ^^^^^^^^^^^^^
    ...<5 lines>...
        }
        ^
    )
    ^
  File "/usr/local/lib/python3.13/site-packages/starlette/templating.py", line 209, in TemplateResponse
    return _TemplateResponse(
        template,
    ...<4 lines>...
        background=background,
    )
  File "/usr/local/lib/python3.13/site-packages/starlette/templating.py", line 40, in __init__
    content = template.render(context)
  File "/usr/local/lib/python3.13/site-packages/jinja2/environment.py", line 1295, in render
    self.environment.handle_exception()
    ~~~~~~~~~~~~~~~~~~~~~~~~~~~~~~~~~^^
  File "/usr/local/lib/python3.13/site-packages/jinja2/environment.py", line 942, in handle_exception
    raise rewrite_traceback_stack(source=source)
  File "templates/route.html", line 177, in top-level template code
    data-user="{{ route.travel.user.fio }}"
    
  File "/usr/local/lib/python3.13/site-packages/jinja2/environment.py", line 490, in getattr
    return getattr(obj, attribute)
jinja2.exceptions.UndefinedError: 'dict object' has no attribute 'user'
2025-09-21 14:56:18,445 - src.main - ERROR [main.py:59] - Ошибка при обработке запроса: 'dict object' has no attribute 'user'
Traceback (most recent call last):
  File "/usr/local/lib/python3.13/site-packages/starlette/middleware/errors.py", line 165, in __call__
    await self.app(scope, receive, _send)
  File "/usr/local/lib/python3.13/site-packages/starlette/middleware/exceptions.py", line 62, in __call__
    await wrap_app_handling_exceptions(self.app, conn)(scope, receive, send)
  File "/usr/local/lib/python3.13/site-packages/starlette/_exception_handler.py", line 53, in wrapped_app
    raise exc
  File "/usr/local/lib/python3.13/site-packages/starlette/_exception_handler.py", line 42, in wrapped_app
    await app(scope, receive, sender)
  File "/usr/local/lib/python3.13/site-packages/starlette/routing.py", line 714, in __call__
    await self.middleware_stack(scope, receive, send)
  File "/usr/local/lib/python3.13/site-packages/starlette/routing.py", line 734, in app
    await route.handle(scope, receive, send)
  File "/usr/local/lib/python3.13/site-packages/starlette/routing.py", line 288, in handle
    await self.app(scope, receive, send)
  File "/usr/local/lib/python3.13/site-packages/starlette/routing.py", line 76, in app
    await wrap_app_handling_exceptions(app, request)(scope, receive, send)
  File "/usr/local/lib/python3.13/site-packages/starlette/_exception_handler.py", line 53, in wrapped_app
    raise exc
  File "/usr/local/lib/python3.13/site-packages/starlette/_exception_handler.py", line 42, in wrapped_app
    await app(scope, receive, sender)
  File "/usr/local/lib/python3.13/site-packages/starlette/routing.py", line 73, in app
    response = await f(request)
               ^^^^^^^^^^^^^^^^
  File "/usr/local/lib/python3.13/site-packages/fastapi/routing.py", line 301, in app
    raw_response = await run_endpoint_function(
                   ^^^^^^^^^^^^^^^^^^^^^^^^^^^^
    ...<3 lines>...
    )
    ^
  File "/usr/local/lib/python3.13/site-packages/fastapi/routing.py", line 212, in run_endpoint_function
    return await dependant.call(**values)
           ^^^^^^^^^^^^^^^^^^^^^^^^^^^^^^
  File "/app/src/routers/route.py", line 97, in get_all_route
    return templates.TemplateResponse(
           ~~~~~~~~~~~~~~~~~~~~~~~~~~^
        "route.html",
        ^^^^^^^^^^^^^
    ...<5 lines>...
        }
        ^
    )
    ^
  File "/usr/local/lib/python3.13/site-packages/starlette/templating.py", line 209, in TemplateResponse
    return _TemplateResponse(
        template,
    ...<4 lines>...
        background=background,
    )
  File "/usr/local/lib/python3.13/site-packages/starlette/templating.py", line 40, in __init__
    content = template.render(context)
  File "/usr/local/lib/python3.13/site-packages/jinja2/environment.py", line 1295, in render
    self.environment.handle_exception()
    ~~~~~~~~~~~~~~~~~~~~~~~~~~~~~~~~~^^
  File "/usr/local/lib/python3.13/site-packages/jinja2/environment.py", line 942, in handle_exception
    raise rewrite_traceback_stack(source=source)
  File "templates/route.html", line 177, in top-level template code
    data-user="{{ route.travel.user.fio }}"
    
  File "/usr/local/lib/python3.13/site-packages/jinja2/environment.py", line 490, in getattr
    return getattr(obj, attribute)
jinja2.exceptions.UndefinedError: 'dict object' has no attribute 'user'
2025-09-21 14:59:04,865 - src.main - ERROR [main.py:59] - Ошибка при обработке запроса: 'dict object' has no attribute 'user'
Traceback (most recent call last):
  File "/usr/local/lib/python3.13/site-packages/starlette/middleware/errors.py", line 165, in __call__
    await self.app(scope, receive, _send)
  File "/usr/local/lib/python3.13/site-packages/starlette/middleware/exceptions.py", line 62, in __call__
    await wrap_app_handling_exceptions(self.app, conn)(scope, receive, send)
  File "/usr/local/lib/python3.13/site-packages/starlette/_exception_handler.py", line 53, in wrapped_app
    raise exc
  File "/usr/local/lib/python3.13/site-packages/starlette/_exception_handler.py", line 42, in wrapped_app
    await app(scope, receive, sender)
  File "/usr/local/lib/python3.13/site-packages/starlette/routing.py", line 714, in __call__
    await self.middleware_stack(scope, receive, send)
  File "/usr/local/lib/python3.13/site-packages/starlette/routing.py", line 734, in app
    await route.handle(scope, receive, send)
  File "/usr/local/lib/python3.13/site-packages/starlette/routing.py", line 288, in handle
    await self.app(scope, receive, send)
  File "/usr/local/lib/python3.13/site-packages/starlette/routing.py", line 76, in app
    await wrap_app_handling_exceptions(app, request)(scope, receive, send)
  File "/usr/local/lib/python3.13/site-packages/starlette/_exception_handler.py", line 53, in wrapped_app
    raise exc
  File "/usr/local/lib/python3.13/site-packages/starlette/_exception_handler.py", line 42, in wrapped_app
    await app(scope, receive, sender)
  File "/usr/local/lib/python3.13/site-packages/starlette/routing.py", line 73, in app
    response = await f(request)
               ^^^^^^^^^^^^^^^^
  File "/usr/local/lib/python3.13/site-packages/fastapi/routing.py", line 301, in app
    raw_response = await run_endpoint_function(
                   ^^^^^^^^^^^^^^^^^^^^^^^^^^^^
    ...<3 lines>...
    )
    ^
  File "/usr/local/lib/python3.13/site-packages/fastapi/routing.py", line 212, in run_endpoint_function
    return await dependant.call(**values)
           ^^^^^^^^^^^^^^^^^^^^^^^^^^^^^^
  File "/app/src/routers/route.py", line 97, in get_all_route
    return templates.TemplateResponse(
           ~~~~~~~~~~~~~~~~~~~~~~~~~~^
        "route.html",
        ^^^^^^^^^^^^^
    ...<5 lines>...
        }
        ^
    )
    ^
  File "/usr/local/lib/python3.13/site-packages/starlette/templating.py", line 209, in TemplateResponse
    return _TemplateResponse(
        template,
    ...<4 lines>...
        background=background,
    )
  File "/usr/local/lib/python3.13/site-packages/starlette/templating.py", line 40, in __init__
    content = template.render(context)
  File "/usr/local/lib/python3.13/site-packages/jinja2/environment.py", line 1295, in render
    self.environment.handle_exception()
    ~~~~~~~~~~~~~~~~~~~~~~~~~~~~~~~~~^^
  File "/usr/local/lib/python3.13/site-packages/jinja2/environment.py", line 942, in handle_exception
    raise rewrite_traceback_stack(source=source)
  File "templates/route.html", line 177, in top-level template code
    data-user="{{ route.travel.user.fio|default('')}}"
    
  File "/usr/local/lib/python3.13/site-packages/jinja2/environment.py", line 490, in getattr
    return getattr(obj, attribute)
jinja2.exceptions.UndefinedError: 'dict object' has no attribute 'user'
2025-09-21 14:59:57,656 - src.main - ERROR [main.py:59] - Ошибка при обработке запроса: 'dict object' has no attribute 'user'
Traceback (most recent call last):
  File "/usr/local/lib/python3.13/site-packages/starlette/middleware/errors.py", line 165, in __call__
    await self.app(scope, receive, _send)
  File "/usr/local/lib/python3.13/site-packages/starlette/middleware/exceptions.py", line 62, in __call__
    await wrap_app_handling_exceptions(self.app, conn)(scope, receive, send)
  File "/usr/local/lib/python3.13/site-packages/starlette/_exception_handler.py", line 53, in wrapped_app
    raise exc
  File "/usr/local/lib/python3.13/site-packages/starlette/_exception_handler.py", line 42, in wrapped_app
    await app(scope, receive, sender)
  File "/usr/local/lib/python3.13/site-packages/starlette/routing.py", line 714, in __call__
    await self.middleware_stack(scope, receive, send)
  File "/usr/local/lib/python3.13/site-packages/starlette/routing.py", line 734, in app
    await route.handle(scope, receive, send)
  File "/usr/local/lib/python3.13/site-packages/starlette/routing.py", line 288, in handle
    await self.app(scope, receive, send)
  File "/usr/local/lib/python3.13/site-packages/starlette/routing.py", line 76, in app
    await wrap_app_handling_exceptions(app, request)(scope, receive, send)
  File "/usr/local/lib/python3.13/site-packages/starlette/_exception_handler.py", line 53, in wrapped_app
    raise exc
  File "/usr/local/lib/python3.13/site-packages/starlette/_exception_handler.py", line 42, in wrapped_app
    await app(scope, receive, sender)
  File "/usr/local/lib/python3.13/site-packages/starlette/routing.py", line 73, in app
    response = await f(request)
               ^^^^^^^^^^^^^^^^
  File "/usr/local/lib/python3.13/site-packages/fastapi/routing.py", line 301, in app
    raw_response = await run_endpoint_function(
                   ^^^^^^^^^^^^^^^^^^^^^^^^^^^^
    ...<3 lines>...
    )
    ^
  File "/usr/local/lib/python3.13/site-packages/fastapi/routing.py", line 212, in run_endpoint_function
    return await dependant.call(**values)
           ^^^^^^^^^^^^^^^^^^^^^^^^^^^^^^
  File "/app/src/routers/route.py", line 97, in get_all_route
    return templates.TemplateResponse(
           ~~~~~~~~~~~~~~~~~~~~~~~~~~^
        "route.html",
        ^^^^^^^^^^^^^
    ...<5 lines>...
        }
        ^
    )
    ^
  File "/usr/local/lib/python3.13/site-packages/starlette/templating.py", line 209, in TemplateResponse
    return _TemplateResponse(
        template,
    ...<4 lines>...
        background=background,
    )
  File "/usr/local/lib/python3.13/site-packages/starlette/templating.py", line 40, in __init__
    content = template.render(context)
  File "/usr/local/lib/python3.13/site-packages/jinja2/environment.py", line 1295, in render
    self.environment.handle_exception()
    ~~~~~~~~~~~~~~~~~~~~~~~~~~~~~~~~~^^
  File "/usr/local/lib/python3.13/site-packages/jinja2/environment.py", line 942, in handle_exception
    raise rewrite_traceback_stack(source=source)
  File "templates/route.html", line 177, in top-level template code
    data-user="{{ route.travel.user.fio|default('')}}"
    
  File "/usr/local/lib/python3.13/site-packages/jinja2/environment.py", line 490, in getattr
    return getattr(obj, attribute)
jinja2.exceptions.UndefinedError: 'dict object' has no attribute 'user'
2025-09-21 15:00:01,228 - src.main - ERROR [main.py:59] - Ошибка при обработке запроса: 'user_id'
Traceback (most recent call last):
  File "/usr/local/lib/python3.13/site-packages/starlette/middleware/errors.py", line 165, in __call__
    await self.app(scope, receive, _send)
  File "/usr/local/lib/python3.13/site-packages/starlette/middleware/exceptions.py", line 62, in __call__
    await wrap_app_handling_exceptions(self.app, conn)(scope, receive, send)
  File "/usr/local/lib/python3.13/site-packages/starlette/_exception_handler.py", line 53, in wrapped_app
    raise exc
  File "/usr/local/lib/python3.13/site-packages/starlette/_exception_handler.py", line 42, in wrapped_app
    await app(scope, receive, sender)
  File "/usr/local/lib/python3.13/site-packages/starlette/routing.py", line 714, in __call__
    await self.middleware_stack(scope, receive, send)
  File "/usr/local/lib/python3.13/site-packages/starlette/routing.py", line 734, in app
    await route.handle(scope, receive, send)
  File "/usr/local/lib/python3.13/site-packages/starlette/routing.py", line 288, in handle
    await self.app(scope, receive, send)
  File "/usr/local/lib/python3.13/site-packages/starlette/routing.py", line 76, in app
    await wrap_app_handling_exceptions(app, request)(scope, receive, send)
  File "/usr/local/lib/python3.13/site-packages/starlette/_exception_handler.py", line 53, in wrapped_app
    raise exc
  File "/usr/local/lib/python3.13/site-packages/starlette/_exception_handler.py", line 42, in wrapped_app
    await app(scope, receive, sender)
  File "/usr/local/lib/python3.13/site-packages/starlette/routing.py", line 73, in app
    response = await f(request)
               ^^^^^^^^^^^^^^^^
  File "/usr/local/lib/python3.13/site-packages/fastapi/routing.py", line 301, in app
    raw_response = await run_endpoint_function(
                   ^^^^^^^^^^^^^^^^^^^^^^^^^^^^
    ...<3 lines>...
    )
    ^
  File "/usr/local/lib/python3.13/site-packages/fastapi/routing.py", line 212, in run_endpoint_function
    return await dependant.call(**values)
           ^^^^^^^^^^^^^^^^^^^^^^^^^^^^^^
  File "/app/src/routers/travel.py", line 41, in get_all_travels
    user_id = travels[0]["user_id"] if travels else None
              ~~~~~~~~~~^^^^^^^^^^^
KeyError: 'user_id'
2025-09-21 15:00:01,409 - src.main - ERROR [main.py:59] - Ошибка при обработке запроса: 'user_id'
Traceback (most recent call last):
  File "/usr/local/lib/python3.13/site-packages/starlette/middleware/errors.py", line 165, in __call__
    await self.app(scope, receive, _send)
  File "/usr/local/lib/python3.13/site-packages/starlette/middleware/exceptions.py", line 62, in __call__
    await wrap_app_handling_exceptions(self.app, conn)(scope, receive, send)
  File "/usr/local/lib/python3.13/site-packages/starlette/_exception_handler.py", line 53, in wrapped_app
    raise exc
  File "/usr/local/lib/python3.13/site-packages/starlette/_exception_handler.py", line 42, in wrapped_app
    await app(scope, receive, sender)
  File "/usr/local/lib/python3.13/site-packages/starlette/routing.py", line 714, in __call__
    await self.middleware_stack(scope, receive, send)
  File "/usr/local/lib/python3.13/site-packages/starlette/routing.py", line 734, in app
    await route.handle(scope, receive, send)
  File "/usr/local/lib/python3.13/site-packages/starlette/routing.py", line 288, in handle
    await self.app(scope, receive, send)
  File "/usr/local/lib/python3.13/site-packages/starlette/routing.py", line 76, in app
    await wrap_app_handling_exceptions(app, request)(scope, receive, send)
  File "/usr/local/lib/python3.13/site-packages/starlette/_exception_handler.py", line 53, in wrapped_app
    raise exc
  File "/usr/local/lib/python3.13/site-packages/starlette/_exception_handler.py", line 42, in wrapped_app
    await app(scope, receive, sender)
  File "/usr/local/lib/python3.13/site-packages/starlette/routing.py", line 73, in app
    response = await f(request)
               ^^^^^^^^^^^^^^^^
  File "/usr/local/lib/python3.13/site-packages/fastapi/routing.py", line 301, in app
    raw_response = await run_endpoint_function(
                   ^^^^^^^^^^^^^^^^^^^^^^^^^^^^
    ...<3 lines>...
    )
    ^
  File "/usr/local/lib/python3.13/site-packages/fastapi/routing.py", line 212, in run_endpoint_function
    return await dependant.call(**values)
           ^^^^^^^^^^^^^^^^^^^^^^^^^^^^^^
  File "/app/src/routers/travel.py", line 41, in get_all_travels
    user_id = travels[0]["user_id"] if travels else None
              ~~~~~~~~~~^^^^^^^^^^^
KeyError: 'user_id'
2025-09-21 15:00:29,673 - src.main - ERROR [main.py:59] - Ошибка при обработке запроса: 'dict object' has no attribute 'user'
Traceback (most recent call last):
  File "/usr/local/lib/python3.13/site-packages/starlette/middleware/errors.py", line 165, in __call__
    await self.app(scope, receive, _send)
  File "/usr/local/lib/python3.13/site-packages/starlette/middleware/exceptions.py", line 62, in __call__
    await wrap_app_handling_exceptions(self.app, conn)(scope, receive, send)
  File "/usr/local/lib/python3.13/site-packages/starlette/_exception_handler.py", line 53, in wrapped_app
    raise exc
  File "/usr/local/lib/python3.13/site-packages/starlette/_exception_handler.py", line 42, in wrapped_app
    await app(scope, receive, sender)
  File "/usr/local/lib/python3.13/site-packages/starlette/routing.py", line 714, in __call__
    await self.middleware_stack(scope, receive, send)
  File "/usr/local/lib/python3.13/site-packages/starlette/routing.py", line 734, in app
    await route.handle(scope, receive, send)
  File "/usr/local/lib/python3.13/site-packages/starlette/routing.py", line 288, in handle
    await self.app(scope, receive, send)
  File "/usr/local/lib/python3.13/site-packages/starlette/routing.py", line 76, in app
    await wrap_app_handling_exceptions(app, request)(scope, receive, send)
  File "/usr/local/lib/python3.13/site-packages/starlette/_exception_handler.py", line 53, in wrapped_app
    raise exc
  File "/usr/local/lib/python3.13/site-packages/starlette/_exception_handler.py", line 42, in wrapped_app
    await app(scope, receive, sender)
  File "/usr/local/lib/python3.13/site-packages/starlette/routing.py", line 73, in app
    response = await f(request)
               ^^^^^^^^^^^^^^^^
  File "/usr/local/lib/python3.13/site-packages/fastapi/routing.py", line 301, in app
    raw_response = await run_endpoint_function(
                   ^^^^^^^^^^^^^^^^^^^^^^^^^^^^
    ...<3 lines>...
    )
    ^
  File "/usr/local/lib/python3.13/site-packages/fastapi/routing.py", line 212, in run_endpoint_function
    return await dependant.call(**values)
           ^^^^^^^^^^^^^^^^^^^^^^^^^^^^^^
  File "/app/src/routers/route.py", line 97, in get_all_route
    return templates.TemplateResponse(
           ~~~~~~~~~~~~~~~~~~~~~~~~~~^
        "route.html",
        ^^^^^^^^^^^^^
    ...<5 lines>...
        }
        ^
    )
    ^
  File "/usr/local/lib/python3.13/site-packages/starlette/templating.py", line 209, in TemplateResponse
    return _TemplateResponse(
        template,
    ...<4 lines>...
        background=background,
    )
  File "/usr/local/lib/python3.13/site-packages/starlette/templating.py", line 40, in __init__
    content = template.render(context)
  File "/usr/local/lib/python3.13/site-packages/jinja2/environment.py", line 1295, in render
    self.environment.handle_exception()
    ~~~~~~~~~~~~~~~~~~~~~~~~~~~~~~~~~^^
  File "/usr/local/lib/python3.13/site-packages/jinja2/environment.py", line 942, in handle_exception
    raise rewrite_traceback_stack(source=source)
  File "templates/route.html", line 177, in top-level template code
    data-user="{{ route.travel.user.fio|default('')}}"
    
  File "/usr/local/lib/python3.13/site-packages/jinja2/environment.py", line 490, in getattr
    return getattr(obj, attribute)
jinja2.exceptions.UndefinedError: 'dict object' has no attribute 'user'
2025-09-21 15:00:32,348 - src.main - ERROR [main.py:59] - Ошибка при обработке запроса: 'user_id'
Traceback (most recent call last):
  File "/usr/local/lib/python3.13/site-packages/starlette/middleware/errors.py", line 165, in __call__
    await self.app(scope, receive, _send)
  File "/usr/local/lib/python3.13/site-packages/starlette/middleware/exceptions.py", line 62, in __call__
    await wrap_app_handling_exceptions(self.app, conn)(scope, receive, send)
  File "/usr/local/lib/python3.13/site-packages/starlette/_exception_handler.py", line 53, in wrapped_app
    raise exc
  File "/usr/local/lib/python3.13/site-packages/starlette/_exception_handler.py", line 42, in wrapped_app
    await app(scope, receive, sender)
  File "/usr/local/lib/python3.13/site-packages/starlette/routing.py", line 714, in __call__
    await self.middleware_stack(scope, receive, send)
  File "/usr/local/lib/python3.13/site-packages/starlette/routing.py", line 734, in app
    await route.handle(scope, receive, send)
  File "/usr/local/lib/python3.13/site-packages/starlette/routing.py", line 288, in handle
    await self.app(scope, receive, send)
  File "/usr/local/lib/python3.13/site-packages/starlette/routing.py", line 76, in app
    await wrap_app_handling_exceptions(app, request)(scope, receive, send)
  File "/usr/local/lib/python3.13/site-packages/starlette/_exception_handler.py", line 53, in wrapped_app
    raise exc
  File "/usr/local/lib/python3.13/site-packages/starlette/_exception_handler.py", line 42, in wrapped_app
    await app(scope, receive, sender)
  File "/usr/local/lib/python3.13/site-packages/starlette/routing.py", line 73, in app
    response = await f(request)
               ^^^^^^^^^^^^^^^^
  File "/usr/local/lib/python3.13/site-packages/fastapi/routing.py", line 301, in app
    raw_response = await run_endpoint_function(
                   ^^^^^^^^^^^^^^^^^^^^^^^^^^^^
    ...<3 lines>...
    )
    ^
  File "/usr/local/lib/python3.13/site-packages/fastapi/routing.py", line 212, in run_endpoint_function
    return await dependant.call(**values)
           ^^^^^^^^^^^^^^^^^^^^^^^^^^^^^^
  File "/app/src/routers/travel.py", line 41, in get_all_travels
    user_id = travels[0]["user_id"] if travels else None
              ~~~~~~~~~~^^^^^^^^^^^
KeyError: 'user_id'
2025-09-21 15:19:33,322 - src.main - ERROR [main.py:59] - Ошибка при обработке запроса: 'user_id'
Traceback (most recent call last):
  File "/usr/local/lib/python3.13/site-packages/starlette/middleware/errors.py", line 165, in __call__
    await self.app(scope, receive, _send)
  File "/usr/local/lib/python3.13/site-packages/starlette/middleware/exceptions.py", line 62, in __call__
    await wrap_app_handling_exceptions(self.app, conn)(scope, receive, send)
  File "/usr/local/lib/python3.13/site-packages/starlette/_exception_handler.py", line 53, in wrapped_app
    raise exc
  File "/usr/local/lib/python3.13/site-packages/starlette/_exception_handler.py", line 42, in wrapped_app
    await app(scope, receive, sender)
  File "/usr/local/lib/python3.13/site-packages/starlette/routing.py", line 714, in __call__
    await self.middleware_stack(scope, receive, send)
  File "/usr/local/lib/python3.13/site-packages/starlette/routing.py", line 734, in app
    await route.handle(scope, receive, send)
  File "/usr/local/lib/python3.13/site-packages/starlette/routing.py", line 288, in handle
    await self.app(scope, receive, send)
  File "/usr/local/lib/python3.13/site-packages/starlette/routing.py", line 76, in app
    await wrap_app_handling_exceptions(app, request)(scope, receive, send)
  File "/usr/local/lib/python3.13/site-packages/starlette/_exception_handler.py", line 53, in wrapped_app
    raise exc
  File "/usr/local/lib/python3.13/site-packages/starlette/_exception_handler.py", line 42, in wrapped_app
    await app(scope, receive, sender)
  File "/usr/local/lib/python3.13/site-packages/starlette/routing.py", line 73, in app
    response = await f(request)
               ^^^^^^^^^^^^^^^^
  File "/usr/local/lib/python3.13/site-packages/fastapi/routing.py", line 301, in app
    raw_response = await run_endpoint_function(
                   ^^^^^^^^^^^^^^^^^^^^^^^^^^^^
    ...<3 lines>...
    )
    ^
  File "/usr/local/lib/python3.13/site-packages/fastapi/routing.py", line 212, in run_endpoint_function
    return await dependant.call(**values)
           ^^^^^^^^^^^^^^^^^^^^^^^^^^^^^^
  File "/app/src/routers/travel.py", line 41, in get_all_travels
    user_id = travels[0]["user_id"] if travels else None
              ~~~~~~~~~~^^^^^^^^^^^
KeyError: 'user_id'
2025-09-21 15:19:40,154 - src.main - ERROR [main.py:59] - Ошибка при обработке запроса: 'user_id'
Traceback (most recent call last):
  File "/usr/local/lib/python3.13/site-packages/starlette/middleware/errors.py", line 165, in __call__
    await self.app(scope, receive, _send)
  File "/usr/local/lib/python3.13/site-packages/starlette/middleware/exceptions.py", line 62, in __call__
    await wrap_app_handling_exceptions(self.app, conn)(scope, receive, send)
  File "/usr/local/lib/python3.13/site-packages/starlette/_exception_handler.py", line 53, in wrapped_app
    raise exc
  File "/usr/local/lib/python3.13/site-packages/starlette/_exception_handler.py", line 42, in wrapped_app
    await app(scope, receive, sender)
  File "/usr/local/lib/python3.13/site-packages/starlette/routing.py", line 714, in __call__
    await self.middleware_stack(scope, receive, send)
  File "/usr/local/lib/python3.13/site-packages/starlette/routing.py", line 734, in app
    await route.handle(scope, receive, send)
  File "/usr/local/lib/python3.13/site-packages/starlette/routing.py", line 288, in handle
    await self.app(scope, receive, send)
  File "/usr/local/lib/python3.13/site-packages/starlette/routing.py", line 76, in app
    await wrap_app_handling_exceptions(app, request)(scope, receive, send)
  File "/usr/local/lib/python3.13/site-packages/starlette/_exception_handler.py", line 53, in wrapped_app
    raise exc
  File "/usr/local/lib/python3.13/site-packages/starlette/_exception_handler.py", line 42, in wrapped_app
    await app(scope, receive, sender)
  File "/usr/local/lib/python3.13/site-packages/starlette/routing.py", line 73, in app
    response = await f(request)
               ^^^^^^^^^^^^^^^^
  File "/usr/local/lib/python3.13/site-packages/fastapi/routing.py", line 301, in app
    raw_response = await run_endpoint_function(
                   ^^^^^^^^^^^^^^^^^^^^^^^^^^^^
    ...<3 lines>...
    )
    ^
  File "/usr/local/lib/python3.13/site-packages/fastapi/routing.py", line 212, in run_endpoint_function
    return await dependant.call(**values)
           ^^^^^^^^^^^^^^^^^^^^^^^^^^^^^^
  File "/app/src/routers/travel.py", line 41, in get_all_travels
    user_id = travels[0]["user_id"] if travels else None
              ~~~~~~~~~~^^^^^^^^^^^
KeyError: 'user_id'
2025-09-21 15:20:42,467 - src.main - ERROR [main.py:59] - Ошибка при обработке запроса: 'user_id'
Traceback (most recent call last):
  File "/usr/local/lib/python3.13/site-packages/starlette/middleware/errors.py", line 165, in __call__
    await self.app(scope, receive, _send)
  File "/usr/local/lib/python3.13/site-packages/starlette/middleware/exceptions.py", line 62, in __call__
    await wrap_app_handling_exceptions(self.app, conn)(scope, receive, send)
  File "/usr/local/lib/python3.13/site-packages/starlette/_exception_handler.py", line 53, in wrapped_app
    raise exc
  File "/usr/local/lib/python3.13/site-packages/starlette/_exception_handler.py", line 42, in wrapped_app
    await app(scope, receive, sender)
  File "/usr/local/lib/python3.13/site-packages/starlette/routing.py", line 714, in __call__
    await self.middleware_stack(scope, receive, send)
  File "/usr/local/lib/python3.13/site-packages/starlette/routing.py", line 734, in app
    await route.handle(scope, receive, send)
  File "/usr/local/lib/python3.13/site-packages/starlette/routing.py", line 288, in handle
    await self.app(scope, receive, send)
  File "/usr/local/lib/python3.13/site-packages/starlette/routing.py", line 76, in app
    await wrap_app_handling_exceptions(app, request)(scope, receive, send)
  File "/usr/local/lib/python3.13/site-packages/starlette/_exception_handler.py", line 53, in wrapped_app
    raise exc
  File "/usr/local/lib/python3.13/site-packages/starlette/_exception_handler.py", line 42, in wrapped_app
    await app(scope, receive, sender)
  File "/usr/local/lib/python3.13/site-packages/starlette/routing.py", line 73, in app
    response = await f(request)
               ^^^^^^^^^^^^^^^^
  File "/usr/local/lib/python3.13/site-packages/fastapi/routing.py", line 301, in app
    raw_response = await run_endpoint_function(
                   ^^^^^^^^^^^^^^^^^^^^^^^^^^^^
    ...<3 lines>...
    )
    ^
  File "/usr/local/lib/python3.13/site-packages/fastapi/routing.py", line 212, in run_endpoint_function
    return await dependant.call(**values)
           ^^^^^^^^^^^^^^^^^^^^^^^^^^^^^^
  File "/app/src/routers/travel.py", line 41, in get_all_travels
    user_id = travels[0]["user_id"] if travels else None
              ~~~~~~~~~~^^^^^^^^^^^
KeyError: 'user_id'
2025-09-21 15:24:54,944 - src.main - ERROR [main.py:59] - Ошибка при обработке запроса: list indices must be integers or slices, not str
Traceback (most recent call last):
  File "/usr/local/lib/python3.13/site-packages/starlette/middleware/errors.py", line 165, in __call__
    await self.app(scope, receive, _send)
  File "/usr/local/lib/python3.13/site-packages/starlette/middleware/exceptions.py", line 62, in __call__
    await wrap_app_handling_exceptions(self.app, conn)(scope, receive, send)
  File "/usr/local/lib/python3.13/site-packages/starlette/_exception_handler.py", line 53, in wrapped_app
    raise exc
  File "/usr/local/lib/python3.13/site-packages/starlette/_exception_handler.py", line 42, in wrapped_app
    await app(scope, receive, sender)
  File "/usr/local/lib/python3.13/site-packages/starlette/routing.py", line 714, in __call__
    await self.middleware_stack(scope, receive, send)
  File "/usr/local/lib/python3.13/site-packages/starlette/routing.py", line 734, in app
    await route.handle(scope, receive, send)
  File "/usr/local/lib/python3.13/site-packages/starlette/routing.py", line 288, in handle
    await self.app(scope, receive, send)
  File "/usr/local/lib/python3.13/site-packages/starlette/routing.py", line 76, in app
    await wrap_app_handling_exceptions(app, request)(scope, receive, send)
  File "/usr/local/lib/python3.13/site-packages/starlette/_exception_handler.py", line 53, in wrapped_app
    raise exc
  File "/usr/local/lib/python3.13/site-packages/starlette/_exception_handler.py", line 42, in wrapped_app
    await app(scope, receive, sender)
  File "/usr/local/lib/python3.13/site-packages/starlette/routing.py", line 73, in app
    response = await f(request)
               ^^^^^^^^^^^^^^^^
  File "/usr/local/lib/python3.13/site-packages/fastapi/routing.py", line 301, in app
    raw_response = await run_endpoint_function(
                   ^^^^^^^^^^^^^^^^^^^^^^^^^^^^
    ...<3 lines>...
    )
    ^
  File "/usr/local/lib/python3.13/site-packages/fastapi/routing.py", line 212, in run_endpoint_function
    return await dependant.call(**values)
           ^^^^^^^^^^^^^^^^^^^^^^^^^^^^^^
  File "/app/src/routers/travel.py", line 41, in get_all_travels
    user_id = travels[0]["users"]["user_id"] if travels else None
              ~~~~~~~~~~~~~~~~~~~^^^^^^^^^^^
TypeError: list indices must be integers or slices, not str
2025-09-21 15:32:21,863 - src.main - ERROR [main.py:59] - Ошибка при обработке запроса: 'dict object' has no attribute 'user'
Traceback (most recent call last):
  File "/usr/local/lib/python3.13/site-packages/starlette/middleware/errors.py", line 165, in __call__
    await self.app(scope, receive, _send)
  File "/usr/local/lib/python3.13/site-packages/starlette/middleware/exceptions.py", line 62, in __call__
    await wrap_app_handling_exceptions(self.app, conn)(scope, receive, send)
  File "/usr/local/lib/python3.13/site-packages/starlette/_exception_handler.py", line 53, in wrapped_app
    raise exc
  File "/usr/local/lib/python3.13/site-packages/starlette/_exception_handler.py", line 42, in wrapped_app
    await app(scope, receive, sender)
  File "/usr/local/lib/python3.13/site-packages/starlette/routing.py", line 714, in __call__
    await self.middleware_stack(scope, receive, send)
  File "/usr/local/lib/python3.13/site-packages/starlette/routing.py", line 734, in app
    await route.handle(scope, receive, send)
  File "/usr/local/lib/python3.13/site-packages/starlette/routing.py", line 288, in handle
    await self.app(scope, receive, send)
  File "/usr/local/lib/python3.13/site-packages/starlette/routing.py", line 76, in app
    await wrap_app_handling_exceptions(app, request)(scope, receive, send)
  File "/usr/local/lib/python3.13/site-packages/starlette/_exception_handler.py", line 53, in wrapped_app
    raise exc
  File "/usr/local/lib/python3.13/site-packages/starlette/_exception_handler.py", line 42, in wrapped_app
    await app(scope, receive, sender)
  File "/usr/local/lib/python3.13/site-packages/starlette/routing.py", line 73, in app
    response = await f(request)
               ^^^^^^^^^^^^^^^^
  File "/usr/local/lib/python3.13/site-packages/fastapi/routing.py", line 301, in app
    raw_response = await run_endpoint_function(
                   ^^^^^^^^^^^^^^^^^^^^^^^^^^^^
    ...<3 lines>...
    )
    ^
  File "/usr/local/lib/python3.13/site-packages/fastapi/routing.py", line 212, in run_endpoint_function
    return await dependant.call(**values)
           ^^^^^^^^^^^^^^^^^^^^^^^^^^^^^^
  File "/app/src/routers/route.py", line 97, in get_all_route
    return templates.TemplateResponse(
           ~~~~~~~~~~~~~~~~~~~~~~~~~~^
        "route.html",
        ^^^^^^^^^^^^^
    ...<5 lines>...
        }
        ^
    )
    ^
  File "/usr/local/lib/python3.13/site-packages/starlette/templating.py", line 209, in TemplateResponse
    return _TemplateResponse(
        template,
    ...<4 lines>...
        background=background,
    )
  File "/usr/local/lib/python3.13/site-packages/starlette/templating.py", line 40, in __init__
    content = template.render(context)
  File "/usr/local/lib/python3.13/site-packages/jinja2/environment.py", line 1295, in render
    self.environment.handle_exception()
    ~~~~~~~~~~~~~~~~~~~~~~~~~~~~~~~~~^^
  File "/usr/local/lib/python3.13/site-packages/jinja2/environment.py", line 942, in handle_exception
    raise rewrite_traceback_stack(source=source)
  File "templates/route.html", line 177, in top-level template code
    data-user="{{ route.travel.user.fio }}"
    
  File "/usr/local/lib/python3.13/site-packages/jinja2/environment.py", line 490, in getattr
    return getattr(obj, attribute)
jinja2.exceptions.UndefinedError: 'dict object' has no attribute 'user'
2025-09-21 15:56:49,697 - src.main - ERROR [main.py:59] - Ошибка при обработке запроса: 'dict object' has no attribute 'user'
Traceback (most recent call last):
  File "/usr/local/lib/python3.13/site-packages/starlette/middleware/errors.py", line 165, in __call__
    await self.app(scope, receive, _send)
  File "/usr/local/lib/python3.13/site-packages/starlette/middleware/exceptions.py", line 62, in __call__
    await wrap_app_handling_exceptions(self.app, conn)(scope, receive, send)
  File "/usr/local/lib/python3.13/site-packages/starlette/_exception_handler.py", line 53, in wrapped_app
    raise exc
  File "/usr/local/lib/python3.13/site-packages/starlette/_exception_handler.py", line 42, in wrapped_app
    await app(scope, receive, sender)
  File "/usr/local/lib/python3.13/site-packages/starlette/routing.py", line 714, in __call__
    await self.middleware_stack(scope, receive, send)
  File "/usr/local/lib/python3.13/site-packages/starlette/routing.py", line 734, in app
    await route.handle(scope, receive, send)
  File "/usr/local/lib/python3.13/site-packages/starlette/routing.py", line 288, in handle
    await self.app(scope, receive, send)
  File "/usr/local/lib/python3.13/site-packages/starlette/routing.py", line 76, in app
    await wrap_app_handling_exceptions(app, request)(scope, receive, send)
  File "/usr/local/lib/python3.13/site-packages/starlette/_exception_handler.py", line 53, in wrapped_app
    raise exc
  File "/usr/local/lib/python3.13/site-packages/starlette/_exception_handler.py", line 42, in wrapped_app
    await app(scope, receive, sender)
  File "/usr/local/lib/python3.13/site-packages/starlette/routing.py", line 73, in app
    response = await f(request)
               ^^^^^^^^^^^^^^^^
  File "/usr/local/lib/python3.13/site-packages/fastapi/routing.py", line 301, in app
    raw_response = await run_endpoint_function(
                   ^^^^^^^^^^^^^^^^^^^^^^^^^^^^
    ...<3 lines>...
    )
    ^
  File "/usr/local/lib/python3.13/site-packages/fastapi/routing.py", line 212, in run_endpoint_function
    return await dependant.call(**values)
           ^^^^^^^^^^^^^^^^^^^^^^^^^^^^^^
  File "/app/src/routers/route.py", line 97, in get_all_route
    return templates.TemplateResponse(
           ~~~~~~~~~~~~~~~~~~~~~~~~~~^
        "route.html",
        ^^^^^^^^^^^^^
    ...<5 lines>...
        }
        ^
    )
    ^
  File "/usr/local/lib/python3.13/site-packages/starlette/templating.py", line 209, in TemplateResponse
    return _TemplateResponse(
        template,
    ...<4 lines>...
        background=background,
    )
  File "/usr/local/lib/python3.13/site-packages/starlette/templating.py", line 40, in __init__
    content = template.render(context)
  File "/usr/local/lib/python3.13/site-packages/jinja2/environment.py", line 1295, in render
    self.environment.handle_exception()
    ~~~~~~~~~~~~~~~~~~~~~~~~~~~~~~~~~^^
  File "/usr/local/lib/python3.13/site-packages/jinja2/environment.py", line 942, in handle_exception
    raise rewrite_traceback_stack(source=source)
  File "templates/route.html", line 177, in top-level template code
    data-user="{{ route.travel.user.fio }}"
    
  File "/usr/local/lib/python3.13/site-packages/jinja2/environment.py", line 490, in getattr
    return getattr(obj, attribute)
jinja2.exceptions.UndefinedError: 'dict object' has no attribute 'user'
2025-09-21 15:56:59,733 - sqlalchemy.pool.impl.AsyncAdaptedQueuePool - ERROR [base.py:1032] - The garbage collector is trying to clean up non-checked-in connection <AdaptedConnection <asyncpg.connection.Connection object at 0xffff862bf110>>, which will be terminated.  Please ensure that SQLAlchemy pooled connections are returned to the pool explicitly, either by calling ``close()`` or by using appropriate context managers to manage their lifecycle.
2025-09-21 15:56:59,860 - src.main - ERROR [main.py:59] - Ошибка при обработке запроса: 'dict object' has no attribute 'user'
Traceback (most recent call last):
  File "/usr/local/lib/python3.13/site-packages/starlette/middleware/errors.py", line 165, in __call__
    await self.app(scope, receive, _send)
  File "/usr/local/lib/python3.13/site-packages/starlette/middleware/exceptions.py", line 62, in __call__
    await wrap_app_handling_exceptions(self.app, conn)(scope, receive, send)
  File "/usr/local/lib/python3.13/site-packages/starlette/_exception_handler.py", line 53, in wrapped_app
    raise exc
  File "/usr/local/lib/python3.13/site-packages/starlette/_exception_handler.py", line 42, in wrapped_app
    await app(scope, receive, sender)
  File "/usr/local/lib/python3.13/site-packages/starlette/routing.py", line 714, in __call__
    await self.middleware_stack(scope, receive, send)
  File "/usr/local/lib/python3.13/site-packages/starlette/routing.py", line 734, in app
    await route.handle(scope, receive, send)
  File "/usr/local/lib/python3.13/site-packages/starlette/routing.py", line 288, in handle
    await self.app(scope, receive, send)
  File "/usr/local/lib/python3.13/site-packages/starlette/routing.py", line 76, in app
    await wrap_app_handling_exceptions(app, request)(scope, receive, send)
  File "/usr/local/lib/python3.13/site-packages/starlette/_exception_handler.py", line 53, in wrapped_app
    raise exc
  File "/usr/local/lib/python3.13/site-packages/starlette/_exception_handler.py", line 42, in wrapped_app
    await app(scope, receive, sender)
  File "/usr/local/lib/python3.13/site-packages/starlette/routing.py", line 73, in app
    response = await f(request)
               ^^^^^^^^^^^^^^^^
  File "/usr/local/lib/python3.13/site-packages/fastapi/routing.py", line 301, in app
    raw_response = await run_endpoint_function(
                   ^^^^^^^^^^^^^^^^^^^^^^^^^^^^
    ...<3 lines>...
    )
    ^
  File "/usr/local/lib/python3.13/site-packages/fastapi/routing.py", line 212, in run_endpoint_function
    return await dependant.call(**values)
           ^^^^^^^^^^^^^^^^^^^^^^^^^^^^^^
  File "/app/src/routers/route.py", line 97, in get_all_route
    return templates.TemplateResponse(
           ~~~~~~~~~~~~~~~~~~~~~~~~~~^
        "route.html",
        ^^^^^^^^^^^^^
    ...<5 lines>...
        }
        ^
    )
    ^
  File "/usr/local/lib/python3.13/site-packages/starlette/templating.py", line 209, in TemplateResponse
    return _TemplateResponse(
        template,
    ...<4 lines>...
        background=background,
    )
  File "/usr/local/lib/python3.13/site-packages/starlette/templating.py", line 40, in __init__
    content = template.render(context)
  File "/usr/local/lib/python3.13/site-packages/jinja2/environment.py", line 1295, in render
    self.environment.handle_exception()
    ~~~~~~~~~~~~~~~~~~~~~~~~~~~~~~~~~^^
  File "/usr/local/lib/python3.13/site-packages/jinja2/environment.py", line 942, in handle_exception
    raise rewrite_traceback_stack(source=source)
  File "templates/route.html", line 177, in top-level template code
    data-user="{{ route.travel.user.fio }}"
    
  File "/usr/local/lib/python3.13/site-packages/jinja2/environment.py", line 490, in getattr
    return getattr(obj, attribute)
jinja2.exceptions.UndefinedError: 'dict object' has no attribute 'user'
2025-09-21 17:08:16,559 - sqlalchemy.pool.impl.AsyncAdaptedQueuePool - ERROR [base.py:378] - Exception terminating connection <AdaptedConnection <asyncpg.connection.Connection object at 0xffff862ce030>>
Traceback (most recent call last):
  File "/usr/local/lib/python3.13/site-packages/sqlalchemy/pool/base.py", line 374, in _close_connection
    self._dialect.do_terminate(connection)
    ~~~~~~~~~~~~~~~~~~~~~~~~~~^^^^^^^^^^^^
  File "/usr/local/lib/python3.13/site-packages/sqlalchemy/dialects/postgresql/asyncpg.py", line 1130, in do_terminate
    dbapi_connection.terminate()
    ~~~~~~~~~~~~~~~~~~~~~~~~~~^^
  File "/usr/local/lib/python3.13/site-packages/sqlalchemy/dialects/postgresql/asyncpg.py", line 922, in terminate
    self._connection.terminate()
    ~~~~~~~~~~~~~~~~~~~~~~~~~~^^
  File "/usr/local/lib/python3.13/site-packages/asyncpg/connection.py", line 1515, in terminate
    self._abort()
    ~~~~~~~~~~~^^
  File "/usr/local/lib/python3.13/site-packages/asyncpg/connection.py", line 1567, in _abort
    self._protocol.abort()
    ~~~~~~~~~~~~~~~~~~~~^^
  File "asyncpg/protocol/protocol.pyx", line 608, in asyncpg.protocol.protocol.BaseProtocol.abort
  File "/usr/local/lib/python3.13/asyncio/selector_events.py", line 826, in abort
    self._force_close(None)
    ~~~~~~~~~~~~~~~~~^^^^^^
  File "/usr/local/lib/python3.13/asyncio/selector_events.py", line 898, in _force_close
    self._loop.call_soon(self._call_connection_lost, exc)
    ~~~~~~~~~~~~~~~~~~~~^^^^^^^^^^^^^^^^^^^^^^^^^^^^^^^^^
  File "/usr/local/lib/python3.13/asyncio/base_events.py", line 833, in call_soon
    self._check_closed()
    ~~~~~~~~~~~~~~~~~~^^
  File "/usr/local/lib/python3.13/asyncio/base_events.py", line 556, in _check_closed
    raise RuntimeError('Event loop is closed')
RuntimeError: Event loop is closed
2025-09-21 17:08:16,592 - sqlalchemy.pool.impl.AsyncAdaptedQueuePool - ERROR [base.py:1032] - The garbage collector is trying to clean up non-checked-in connection <AdaptedConnection <asyncpg.connection.Connection object at 0xffff862ce030>>, which will be terminated.  Please ensure that SQLAlchemy pooled connections are returned to the pool explicitly, either by calling ``close()`` or by using appropriate context managers to manage their lifecycle.
2025-09-21 17:08:16,594 - sqlalchemy.pool.impl.AsyncAdaptedQueuePool - ERROR [base.py:378] - Exception terminating connection <AdaptedConnection <asyncpg.connection.Connection object at 0xffff862bfd40>>
Traceback (most recent call last):
  File "/usr/local/lib/python3.13/site-packages/sqlalchemy/pool/base.py", line 374, in _close_connection
    self._dialect.do_terminate(connection)
    ~~~~~~~~~~~~~~~~~~~~~~~~~~^^^^^^^^^^^^
  File "/usr/local/lib/python3.13/site-packages/sqlalchemy/dialects/postgresql/asyncpg.py", line 1130, in do_terminate
    dbapi_connection.terminate()
    ~~~~~~~~~~~~~~~~~~~~~~~~~~^^
  File "/usr/local/lib/python3.13/site-packages/sqlalchemy/dialects/postgresql/asyncpg.py", line 922, in terminate
    self._connection.terminate()
    ~~~~~~~~~~~~~~~~~~~~~~~~~~^^
  File "/usr/local/lib/python3.13/site-packages/asyncpg/connection.py", line 1515, in terminate
    self._abort()
    ~~~~~~~~~~~^^
  File "/usr/local/lib/python3.13/site-packages/asyncpg/connection.py", line 1567, in _abort
    self._protocol.abort()
    ~~~~~~~~~~~~~~~~~~~~^^
  File "asyncpg/protocol/protocol.pyx", line 608, in asyncpg.protocol.protocol.BaseProtocol.abort
  File "/usr/local/lib/python3.13/asyncio/selector_events.py", line 826, in abort
    self._force_close(None)
    ~~~~~~~~~~~~~~~~~^^^^^^
  File "/usr/local/lib/python3.13/asyncio/selector_events.py", line 898, in _force_close
    self._loop.call_soon(self._call_connection_lost, exc)
    ~~~~~~~~~~~~~~~~~~~~^^^^^^^^^^^^^^^^^^^^^^^^^^^^^^^^^
  File "/usr/local/lib/python3.13/asyncio/base_events.py", line 833, in call_soon
    self._check_closed()
    ~~~~~~~~~~~~~~~~~~^^
  File "/usr/local/lib/python3.13/asyncio/base_events.py", line 556, in _check_closed
    raise RuntimeError('Event loop is closed')
RuntimeError: Event loop is closed
2025-09-21 17:08:16,596 - sqlalchemy.pool.impl.AsyncAdaptedQueuePool - ERROR [base.py:1032] - The garbage collector is trying to clean up non-checked-in connection <AdaptedConnection <asyncpg.connection.Connection object at 0xffff862bfd40>>, which will be terminated.  Please ensure that SQLAlchemy pooled connections are returned to the pool explicitly, either by calling ``close()`` or by using appropriate context managers to manage their lifecycle.
2025-09-21 17:08:16,597 - sqlalchemy.pool.impl.AsyncAdaptedQueuePool - ERROR [base.py:378] - Exception terminating connection <AdaptedConnection <asyncpg.connection.Connection object at 0xffff85634230>>
Traceback (most recent call last):
  File "/usr/local/lib/python3.13/site-packages/sqlalchemy/pool/base.py", line 374, in _close_connection
    self._dialect.do_terminate(connection)
    ~~~~~~~~~~~~~~~~~~~~~~~~~~^^^^^^^^^^^^
  File "/usr/local/lib/python3.13/site-packages/sqlalchemy/dialects/postgresql/asyncpg.py", line 1130, in do_terminate
    dbapi_connection.terminate()
    ~~~~~~~~~~~~~~~~~~~~~~~~~~^^
  File "/usr/local/lib/python3.13/site-packages/sqlalchemy/dialects/postgresql/asyncpg.py", line 922, in terminate
    self._connection.terminate()
    ~~~~~~~~~~~~~~~~~~~~~~~~~~^^
  File "/usr/local/lib/python3.13/site-packages/asyncpg/connection.py", line 1515, in terminate
    self._abort()
    ~~~~~~~~~~~^^
  File "/usr/local/lib/python3.13/site-packages/asyncpg/connection.py", line 1567, in _abort
    self._protocol.abort()
    ~~~~~~~~~~~~~~~~~~~~^^
  File "asyncpg/protocol/protocol.pyx", line 608, in asyncpg.protocol.protocol.BaseProtocol.abort
  File "/usr/local/lib/python3.13/asyncio/selector_events.py", line 826, in abort
    self._force_close(None)
    ~~~~~~~~~~~~~~~~~^^^^^^
  File "/usr/local/lib/python3.13/asyncio/selector_events.py", line 898, in _force_close
    self._loop.call_soon(self._call_connection_lost, exc)
    ~~~~~~~~~~~~~~~~~~~~^^^^^^^^^^^^^^^^^^^^^^^^^^^^^^^^^
  File "/usr/local/lib/python3.13/asyncio/base_events.py", line 833, in call_soon
    self._check_closed()
    ~~~~~~~~~~~~~~~~~~^^
  File "/usr/local/lib/python3.13/asyncio/base_events.py", line 556, in _check_closed
    raise RuntimeError('Event loop is closed')
RuntimeError: Event loop is closed
2025-09-21 17:08:16,602 - sqlalchemy.pool.impl.AsyncAdaptedQueuePool - ERROR [base.py:1032] - The garbage collector is trying to clean up non-checked-in connection <AdaptedConnection <asyncpg.connection.Connection object at 0xffff85634230>>, which will be terminated.  Please ensure that SQLAlchemy pooled connections are returned to the pool explicitly, either by calling ``close()`` or by using appropriate context managers to manage their lifecycle.
2025-09-21 17:17:59,071 - src.main - ERROR [main.py:59] - Ошибка при обработке запроса: expected token ',', got 'for'
Traceback (most recent call last):
  File "/usr/local/lib/python3.13/site-packages/starlette/middleware/errors.py", line 165, in __call__
    await self.app(scope, receive, _send)
  File "/usr/local/lib/python3.13/site-packages/starlette/middleware/exceptions.py", line 62, in __call__
    await wrap_app_handling_exceptions(self.app, conn)(scope, receive, send)
  File "/usr/local/lib/python3.13/site-packages/starlette/_exception_handler.py", line 53, in wrapped_app
    raise exc
  File "/usr/local/lib/python3.13/site-packages/starlette/_exception_handler.py", line 42, in wrapped_app
    await app(scope, receive, sender)
  File "/usr/local/lib/python3.13/site-packages/starlette/routing.py", line 714, in __call__
    await self.middleware_stack(scope, receive, send)
  File "/usr/local/lib/python3.13/site-packages/starlette/routing.py", line 734, in app
    await route.handle(scope, receive, send)
  File "/usr/local/lib/python3.13/site-packages/starlette/routing.py", line 288, in handle
    await self.app(scope, receive, send)
  File "/usr/local/lib/python3.13/site-packages/starlette/routing.py", line 76, in app
    await wrap_app_handling_exceptions(app, request)(scope, receive, send)
  File "/usr/local/lib/python3.13/site-packages/starlette/_exception_handler.py", line 53, in wrapped_app
    raise exc
  File "/usr/local/lib/python3.13/site-packages/starlette/_exception_handler.py", line 42, in wrapped_app
    await app(scope, receive, sender)
  File "/usr/local/lib/python3.13/site-packages/starlette/routing.py", line 73, in app
    response = await f(request)
               ^^^^^^^^^^^^^^^^
  File "/usr/local/lib/python3.13/site-packages/fastapi/routing.py", line 301, in app
    raw_response = await run_endpoint_function(
                   ^^^^^^^^^^^^^^^^^^^^^^^^^^^^
    ...<3 lines>...
    )
    ^
  File "/usr/local/lib/python3.13/site-packages/fastapi/routing.py", line 212, in run_endpoint_function
    return await dependant.call(**values)
           ^^^^^^^^^^^^^^^^^^^^^^^^^^^^^^
  File "/app/src/routers/route.py", line 97, in get_all_route
    return templates.TemplateResponse(
           ~~~~~~~~~~~~~~~~~~~~~~~~~~^
        "route.html",
        ^^^^^^^^^^^^^
    ...<5 lines>...
        }
        ^
    )
    ^
  File "/usr/local/lib/python3.13/site-packages/starlette/templating.py", line 208, in TemplateResponse
    template = self.get_template(name)
  File "/usr/local/lib/python3.13/site-packages/starlette/templating.py", line 131, in get_template
    return self.env.get_template(name)
           ~~~~~~~~~~~~~~~~~~~~~^^^^^^
  File "/usr/local/lib/python3.13/site-packages/jinja2/environment.py", line 1016, in get_template
    return self._load_template(name, globals)
           ~~~~~~~~~~~~~~~~~~~^^^^^^^^^^^^^^^
  File "/usr/local/lib/python3.13/site-packages/jinja2/environment.py", line 975, in _load_template
    template = self.loader.load(self, name, self.make_globals(globals))
  File "/usr/local/lib/python3.13/site-packages/jinja2/loaders.py", line 138, in load
    code = environment.compile(source, name, filename)
  File "/usr/local/lib/python3.13/site-packages/jinja2/environment.py", line 771, in compile
    self.handle_exception(source=source_hint)
    ~~~~~~~~~~~~~~~~~~~~~^^^^^^^^^^^^^^^^^^^^
  File "/usr/local/lib/python3.13/site-packages/jinja2/environment.py", line 942, in handle_exception
    raise rewrite_traceback_stack(source=source)
  File "templates/route.html", line 177, in template
    data-users="{{ ', '.join([u.fio for u in route.travel.users]) }}"
    
jinja2.exceptions.TemplateSyntaxError: expected token ',', got 'for'
2025-09-21 17:19:41,992 - sqlalchemy.pool.impl.AsyncAdaptedQueuePool - ERROR [base.py:378] - Exception terminating connection <AdaptedConnection <asyncpg.connection.Connection object at 0xffff943bdd60>>
Traceback (most recent call last):
  File "/usr/local/lib/python3.13/site-packages/sqlalchemy/pool/base.py", line 374, in _close_connection
    self._dialect.do_terminate(connection)
    ~~~~~~~~~~~~~~~~~~~~~~~~~~^^^^^^^^^^^^
  File "/usr/local/lib/python3.13/site-packages/sqlalchemy/dialects/postgresql/asyncpg.py", line 1130, in do_terminate
    dbapi_connection.terminate()
    ~~~~~~~~~~~~~~~~~~~~~~~~~~^^
  File "/usr/local/lib/python3.13/site-packages/sqlalchemy/dialects/postgresql/asyncpg.py", line 922, in terminate
    self._connection.terminate()
    ~~~~~~~~~~~~~~~~~~~~~~~~~~^^
  File "/usr/local/lib/python3.13/site-packages/asyncpg/connection.py", line 1515, in terminate
    self._abort()
    ~~~~~~~~~~~^^
  File "/usr/local/lib/python3.13/site-packages/asyncpg/connection.py", line 1567, in _abort
    self._protocol.abort()
    ~~~~~~~~~~~~~~~~~~~~^^
  File "asyncpg/protocol/protocol.pyx", line 608, in asyncpg.protocol.protocol.BaseProtocol.abort
  File "/usr/local/lib/python3.13/asyncio/selector_events.py", line 826, in abort
    self._force_close(None)
    ~~~~~~~~~~~~~~~~~^^^^^^
  File "/usr/local/lib/python3.13/asyncio/selector_events.py", line 898, in _force_close
    self._loop.call_soon(self._call_connection_lost, exc)
    ~~~~~~~~~~~~~~~~~~~~^^^^^^^^^^^^^^^^^^^^^^^^^^^^^^^^^
  File "/usr/local/lib/python3.13/asyncio/base_events.py", line 833, in call_soon
    self._check_closed()
    ~~~~~~~~~~~~~~~~~~^^
  File "/usr/local/lib/python3.13/asyncio/base_events.py", line 556, in _check_closed
    raise RuntimeError('Event loop is closed')
RuntimeError: Event loop is closed
2025-09-21 17:19:42,109 - sqlalchemy.pool.impl.AsyncAdaptedQueuePool - ERROR [base.py:1032] - The garbage collector is trying to clean up non-checked-in connection <AdaptedConnection <asyncpg.connection.Connection object at 0xffff943bdd60>>, which will be terminated.  Please ensure that SQLAlchemy pooled connections are returned to the pool explicitly, either by calling ``close()`` or by using appropriate context managers to manage their lifecycle.
2025-09-21 17:21:18,132 - src.main - ERROR [main.py:59] - Ошибка при обработке запроса: Object of type City is not JSON serializable
Traceback (most recent call last):
  File "/usr/local/lib/python3.13/site-packages/starlette/middleware/errors.py", line 165, in __call__
    await self.app(scope, receive, _send)
  File "/usr/local/lib/python3.13/site-packages/starlette/middleware/exceptions.py", line 62, in __call__
    await wrap_app_handling_exceptions(self.app, conn)(scope, receive, send)
  File "/usr/local/lib/python3.13/site-packages/starlette/_exception_handler.py", line 53, in wrapped_app
    raise exc
  File "/usr/local/lib/python3.13/site-packages/starlette/_exception_handler.py", line 42, in wrapped_app
    await app(scope, receive, sender)
  File "/usr/local/lib/python3.13/site-packages/starlette/routing.py", line 714, in __call__
    await self.middleware_stack(scope, receive, send)
  File "/usr/local/lib/python3.13/site-packages/starlette/routing.py", line 734, in app
    await route.handle(scope, receive, send)
  File "/usr/local/lib/python3.13/site-packages/starlette/routing.py", line 288, in handle
    await self.app(scope, receive, send)
  File "/usr/local/lib/python3.13/site-packages/starlette/routing.py", line 76, in app
    await wrap_app_handling_exceptions(app, request)(scope, receive, send)
  File "/usr/local/lib/python3.13/site-packages/starlette/_exception_handler.py", line 53, in wrapped_app
    raise exc
  File "/usr/local/lib/python3.13/site-packages/starlette/_exception_handler.py", line 42, in wrapped_app
    await app(scope, receive, sender)
  File "/usr/local/lib/python3.13/site-packages/starlette/routing.py", line 73, in app
    response = await f(request)
               ^^^^^^^^^^^^^^^^
  File "/usr/local/lib/python3.13/site-packages/fastapi/routing.py", line 301, in app
    raw_response = await run_endpoint_function(
                   ^^^^^^^^^^^^^^^^^^^^^^^^^^^^
    ...<3 lines>...
    )
    ^
  File "/usr/local/lib/python3.13/site-packages/fastapi/routing.py", line 212, in run_endpoint_function
    return await dependant.call(**values)
           ^^^^^^^^^^^^^^^^^^^^^^^^^^^^^^
  File "/app/src/routers/route.py", line 97, in get_all_route
    return templates.TemplateResponse(
           ~~~~~~~~~~~~~~~~~~~~~~~~~~^
        "route.html",
        ^^^^^^^^^^^^^
    ...<5 lines>...
        }
        ^
    )
    ^
  File "/usr/local/lib/python3.13/site-packages/starlette/templating.py", line 209, in TemplateResponse
    return _TemplateResponse(
        template,
    ...<4 lines>...
        background=background,
    )
  File "/usr/local/lib/python3.13/site-packages/starlette/templating.py", line 40, in __init__
    content = template.render(context)
  File "/usr/local/lib/python3.13/site-packages/jinja2/environment.py", line 1295, in render
    self.environment.handle_exception()
    ~~~~~~~~~~~~~~~~~~~~~~~~~~~~~~~~~^^
  File "/usr/local/lib/python3.13/site-packages/jinja2/environment.py", line 942, in handle_exception
    raise rewrite_traceback_stack(source=source)
  File "templates/route.html", line 178, in top-level template code
    data-entertainments='{{ route.travel.entertainments | tojson }}'
    
  File "/usr/local/lib/python3.13/site-packages/jinja2/filters.py", line 1721, in do_tojson
    return htmlsafe_json_dumps(value, dumps=dumps, **kwargs)
  File "/usr/local/lib/python3.13/site-packages/jinja2/utils.py", line 669, in htmlsafe_json_dumps
    dumps(obj, **kwargs)
    ~~~~~^^^^^^^^^^^^^^^
  File "/usr/local/lib/python3.13/json/__init__.py", line 238, in dumps
    **kw).encode(obj)
          ~~~~~~^^^^^
  File "/usr/local/lib/python3.13/json/encoder.py", line 200, in encode
    chunks = self.iterencode(o, _one_shot=True)
  File "/usr/local/lib/python3.13/json/encoder.py", line 261, in iterencode
    return _iterencode(o, 0)
  File "/usr/local/lib/python3.13/json/encoder.py", line 180, in default
    raise TypeError(f'Object of type {o.__class__.__name__} '
                    f'is not JSON serializable')
TypeError: Object of type City is not JSON serializable
2025-09-21 17:26:48,171 - sqlalchemy.pool.impl.AsyncAdaptedQueuePool - ERROR [base.py:378] - Exception terminating connection <AdaptedConnection <asyncpg.connection.Connection object at 0xffff91565f40>>
Traceback (most recent call last):
  File "/usr/local/lib/python3.13/site-packages/sqlalchemy/pool/base.py", line 374, in _close_connection
    self._dialect.do_terminate(connection)
    ~~~~~~~~~~~~~~~~~~~~~~~~~~^^^^^^^^^^^^
  File "/usr/local/lib/python3.13/site-packages/sqlalchemy/dialects/postgresql/asyncpg.py", line 1130, in do_terminate
    dbapi_connection.terminate()
    ~~~~~~~~~~~~~~~~~~~~~~~~~~^^
  File "/usr/local/lib/python3.13/site-packages/sqlalchemy/dialects/postgresql/asyncpg.py", line 922, in terminate
    self._connection.terminate()
    ~~~~~~~~~~~~~~~~~~~~~~~~~~^^
  File "/usr/local/lib/python3.13/site-packages/asyncpg/connection.py", line 1515, in terminate
    self._abort()
    ~~~~~~~~~~~^^
  File "/usr/local/lib/python3.13/site-packages/asyncpg/connection.py", line 1567, in _abort
    self._protocol.abort()
    ~~~~~~~~~~~~~~~~~~~~^^
  File "asyncpg/protocol/protocol.pyx", line 608, in asyncpg.protocol.protocol.BaseProtocol.abort
  File "/usr/local/lib/python3.13/asyncio/selector_events.py", line 826, in abort
    self._force_close(None)
    ~~~~~~~~~~~~~~~~~^^^^^^
  File "/usr/local/lib/python3.13/asyncio/selector_events.py", line 898, in _force_close
    self._loop.call_soon(self._call_connection_lost, exc)
    ~~~~~~~~~~~~~~~~~~~~^^^^^^^^^^^^^^^^^^^^^^^^^^^^^^^^^
  File "/usr/local/lib/python3.13/asyncio/base_events.py", line 833, in call_soon
    self._check_closed()
    ~~~~~~~~~~~~~~~~~~^^
  File "/usr/local/lib/python3.13/asyncio/base_events.py", line 556, in _check_closed
    raise RuntimeError('Event loop is closed')
RuntimeError: Event loop is closed
2025-09-21 17:26:48,214 - sqlalchemy.pool.impl.AsyncAdaptedQueuePool - ERROR [base.py:1032] - The garbage collector is trying to clean up non-checked-in connection <AdaptedConnection <asyncpg.connection.Connection object at 0xffff91565f40>>, which will be terminated.  Please ensure that SQLAlchemy pooled connections are returned to the pool explicitly, either by calling ``close()`` or by using appropriate context managers to manage their lifecycle.
2025-09-21 17:36:37,561 - src.main - ERROR [main.py:59] - Ошибка при обработке запроса: Object of type Undefined is not JSON serializable
Traceback (most recent call last):
  File "/usr/local/lib/python3.13/site-packages/starlette/middleware/errors.py", line 165, in __call__
    await self.app(scope, receive, _send)
  File "/usr/local/lib/python3.13/site-packages/starlette/middleware/exceptions.py", line 62, in __call__
    await wrap_app_handling_exceptions(self.app, conn)(scope, receive, send)
  File "/usr/local/lib/python3.13/site-packages/starlette/_exception_handler.py", line 53, in wrapped_app
    raise exc
  File "/usr/local/lib/python3.13/site-packages/starlette/_exception_handler.py", line 42, in wrapped_app
    await app(scope, receive, sender)
  File "/usr/local/lib/python3.13/site-packages/starlette/routing.py", line 714, in __call__
    await self.middleware_stack(scope, receive, send)
  File "/usr/local/lib/python3.13/site-packages/starlette/routing.py", line 734, in app
    await route.handle(scope, receive, send)
  File "/usr/local/lib/python3.13/site-packages/starlette/routing.py", line 288, in handle
    await self.app(scope, receive, send)
  File "/usr/local/lib/python3.13/site-packages/starlette/routing.py", line 76, in app
    await wrap_app_handling_exceptions(app, request)(scope, receive, send)
  File "/usr/local/lib/python3.13/site-packages/starlette/_exception_handler.py", line 53, in wrapped_app
    raise exc
  File "/usr/local/lib/python3.13/site-packages/starlette/_exception_handler.py", line 42, in wrapped_app
    await app(scope, receive, sender)
  File "/usr/local/lib/python3.13/site-packages/starlette/routing.py", line 73, in app
    response = await f(request)
               ^^^^^^^^^^^^^^^^
  File "/usr/local/lib/python3.13/site-packages/fastapi/routing.py", line 301, in app
    raw_response = await run_endpoint_function(
                   ^^^^^^^^^^^^^^^^^^^^^^^^^^^^
    ...<3 lines>...
    )
    ^
  File "/usr/local/lib/python3.13/site-packages/fastapi/routing.py", line 212, in run_endpoint_function
    return await dependant.call(**values)
           ^^^^^^^^^^^^^^^^^^^^^^^^^^^^^^
  File "/app/src/routers/route.py", line 123, in get_all_route
    return templates.TemplateResponse(
           ~~~~~~~~~~~~~~~~~~~~~~~~~~^
        "route.html",
        ^^^^^^^^^^^^^
    ...<5 lines>...
        }
        ^
    )
    ^
  File "/usr/local/lib/python3.13/site-packages/starlette/templating.py", line 209, in TemplateResponse
    return _TemplateResponse(
        template,
    ...<4 lines>...
        background=background,
    )
  File "/usr/local/lib/python3.13/site-packages/starlette/templating.py", line 40, in __init__
    content = template.render(context)
  File "/usr/local/lib/python3.13/site-packages/jinja2/environment.py", line 1295, in render
    self.environment.handle_exception()
    ~~~~~~~~~~~~~~~~~~~~~~~~~~~~~~~~~^^
  File "/usr/local/lib/python3.13/site-packages/jinja2/environment.py", line 942, in handle_exception
    raise rewrite_traceback_stack(source=source)
  File "templates/route.html", line 178, in top-level template code
    data-entertainments='{{ entertainments | tojson }}'
    
  File "/usr/local/lib/python3.13/site-packages/jinja2/filters.py", line 1721, in do_tojson
    return htmlsafe_json_dumps(value, dumps=dumps, **kwargs)
  File "/usr/local/lib/python3.13/site-packages/jinja2/utils.py", line 669, in htmlsafe_json_dumps
    dumps(obj, **kwargs)
    ~~~~~^^^^^^^^^^^^^^^
  File "/usr/local/lib/python3.13/json/__init__.py", line 238, in dumps
    **kw).encode(obj)
          ~~~~~~^^^^^
  File "/usr/local/lib/python3.13/json/encoder.py", line 200, in encode
    chunks = self.iterencode(o, _one_shot=True)
  File "/usr/local/lib/python3.13/json/encoder.py", line 261, in iterencode
    return _iterencode(o, 0)
  File "/usr/local/lib/python3.13/json/encoder.py", line 180, in default
    raise TypeError(f'Object of type {o.__class__.__name__} '
                    f'is not JSON serializable')
TypeError: Object of type Undefined is not JSON serializable
2025-09-21 17:37:50,092 - sqlalchemy.pool.impl.AsyncAdaptedQueuePool - ERROR [base.py:378] - Exception terminating connection <AdaptedConnection <asyncpg.connection.Connection object at 0xffffac796120>>
Traceback (most recent call last):
  File "/usr/local/lib/python3.13/site-packages/sqlalchemy/pool/base.py", line 374, in _close_connection
    self._dialect.do_terminate(connection)
    ~~~~~~~~~~~~~~~~~~~~~~~~~~^^^^^^^^^^^^
  File "/usr/local/lib/python3.13/site-packages/sqlalchemy/dialects/postgresql/asyncpg.py", line 1130, in do_terminate
    dbapi_connection.terminate()
    ~~~~~~~~~~~~~~~~~~~~~~~~~~^^
  File "/usr/local/lib/python3.13/site-packages/sqlalchemy/dialects/postgresql/asyncpg.py", line 922, in terminate
    self._connection.terminate()
    ~~~~~~~~~~~~~~~~~~~~~~~~~~^^
  File "/usr/local/lib/python3.13/site-packages/asyncpg/connection.py", line 1515, in terminate
    self._abort()
    ~~~~~~~~~~~^^
  File "/usr/local/lib/python3.13/site-packages/asyncpg/connection.py", line 1567, in _abort
    self._protocol.abort()
    ~~~~~~~~~~~~~~~~~~~~^^
  File "asyncpg/protocol/protocol.pyx", line 608, in asyncpg.protocol.protocol.BaseProtocol.abort
  File "/usr/local/lib/python3.13/asyncio/selector_events.py", line 826, in abort
    self._force_close(None)
    ~~~~~~~~~~~~~~~~~^^^^^^
  File "/usr/local/lib/python3.13/asyncio/selector_events.py", line 898, in _force_close
    self._loop.call_soon(self._call_connection_lost, exc)
    ~~~~~~~~~~~~~~~~~~~~^^^^^^^^^^^^^^^^^^^^^^^^^^^^^^^^^
  File "/usr/local/lib/python3.13/asyncio/base_events.py", line 833, in call_soon
    self._check_closed()
    ~~~~~~~~~~~~~~~~~~^^
  File "/usr/local/lib/python3.13/asyncio/base_events.py", line 556, in _check_closed
    raise RuntimeError('Event loop is closed')
RuntimeError: Event loop is closed
2025-09-21 17:37:50,104 - sqlalchemy.pool.impl.AsyncAdaptedQueuePool - ERROR [base.py:1032] - The garbage collector is trying to clean up non-checked-in connection <AdaptedConnection <asyncpg.connection.Connection object at 0xffffac796120>>, which will be terminated.  Please ensure that SQLAlchemy pooled connections are returned to the pool explicitly, either by calling ``close()`` or by using appropriate context managers to manage their lifecycle.
2025-09-21 18:14:24,399 - sqlalchemy.pool.impl.AsyncAdaptedQueuePool - ERROR [base.py:378] - Exception terminating connection <AdaptedConnection <asyncpg.connection.Connection object at 0xffff99fb1e50>>
Traceback (most recent call last):
  File "/usr/local/lib/python3.13/site-packages/sqlalchemy/pool/base.py", line 374, in _close_connection
    self._dialect.do_terminate(connection)
    ~~~~~~~~~~~~~~~~~~~~~~~~~~^^^^^^^^^^^^
  File "/usr/local/lib/python3.13/site-packages/sqlalchemy/dialects/postgresql/asyncpg.py", line 1130, in do_terminate
    dbapi_connection.terminate()
    ~~~~~~~~~~~~~~~~~~~~~~~~~~^^
  File "/usr/local/lib/python3.13/site-packages/sqlalchemy/dialects/postgresql/asyncpg.py", line 922, in terminate
    self._connection.terminate()
    ~~~~~~~~~~~~~~~~~~~~~~~~~~^^
  File "/usr/local/lib/python3.13/site-packages/asyncpg/connection.py", line 1515, in terminate
    self._abort()
    ~~~~~~~~~~~^^
  File "/usr/local/lib/python3.13/site-packages/asyncpg/connection.py", line 1567, in _abort
    self._protocol.abort()
    ~~~~~~~~~~~~~~~~~~~~^^
  File "asyncpg/protocol/protocol.pyx", line 608, in asyncpg.protocol.protocol.BaseProtocol.abort
  File "/usr/local/lib/python3.13/asyncio/selector_events.py", line 826, in abort
    self._force_close(None)
    ~~~~~~~~~~~~~~~~~^^^^^^
  File "/usr/local/lib/python3.13/asyncio/selector_events.py", line 898, in _force_close
    self._loop.call_soon(self._call_connection_lost, exc)
    ~~~~~~~~~~~~~~~~~~~~^^^^^^^^^^^^^^^^^^^^^^^^^^^^^^^^^
  File "/usr/local/lib/python3.13/asyncio/base_events.py", line 833, in call_soon
    self._check_closed()
    ~~~~~~~~~~~~~~~~~~^^
  File "/usr/local/lib/python3.13/asyncio/base_events.py", line 556, in _check_closed
    raise RuntimeError('Event loop is closed')
RuntimeError: Event loop is closed
2025-09-21 18:14:24,447 - sqlalchemy.pool.impl.AsyncAdaptedQueuePool - ERROR [base.py:1032] - The garbage collector is trying to clean up non-checked-in connection <AdaptedConnection <asyncpg.connection.Connection object at 0xffff99fb1e50>>, which will be terminated.  Please ensure that SQLAlchemy pooled connections are returned to the pool explicitly, either by calling ``close()`` or by using appropriate context managers to manage their lifecycle.
2025-09-21 18:22:24,656 - src.main - ERROR [main.py:59] - Ошибка при обработке запроса: cannot access local variable 'user' where it is not associated with a value
Traceback (most recent call last):
  File "/usr/local/lib/python3.13/site-packages/starlette/middleware/errors.py", line 165, in __call__
    await self.app(scope, receive, _send)
  File "/usr/local/lib/python3.13/site-packages/starlette/middleware/exceptions.py", line 62, in __call__
    await wrap_app_handling_exceptions(self.app, conn)(scope, receive, send)
  File "/usr/local/lib/python3.13/site-packages/starlette/_exception_handler.py", line 53, in wrapped_app
    raise exc
  File "/usr/local/lib/python3.13/site-packages/starlette/_exception_handler.py", line 42, in wrapped_app
    await app(scope, receive, sender)
  File "/usr/local/lib/python3.13/site-packages/starlette/routing.py", line 714, in __call__
    await self.middleware_stack(scope, receive, send)
  File "/usr/local/lib/python3.13/site-packages/starlette/routing.py", line 734, in app
    await route.handle(scope, receive, send)
  File "/usr/local/lib/python3.13/site-packages/starlette/routing.py", line 288, in handle
    await self.app(scope, receive, send)
  File "/usr/local/lib/python3.13/site-packages/starlette/routing.py", line 76, in app
    await wrap_app_handling_exceptions(app, request)(scope, receive, send)
  File "/usr/local/lib/python3.13/site-packages/starlette/_exception_handler.py", line 53, in wrapped_app
    raise exc
  File "/usr/local/lib/python3.13/site-packages/starlette/_exception_handler.py", line 42, in wrapped_app
    await app(scope, receive, sender)
  File "/usr/local/lib/python3.13/site-packages/starlette/routing.py", line 73, in app
    response = await f(request)
               ^^^^^^^^^^^^^^^^
  File "/usr/local/lib/python3.13/site-packages/fastapi/routing.py", line 301, in app
    raw_response = await run_endpoint_function(
                   ^^^^^^^^^^^^^^^^^^^^^^^^^^^^
    ...<3 lines>...
    )
    ^
  File "/usr/local/lib/python3.13/site-packages/fastapi/routing.py", line 212, in run_endpoint_function
    return await dependant.call(**values)
           ^^^^^^^^^^^^^^^^^^^^^^^^^^^^^^
  File "/app/src/routers/route.py", line 142, in get_all_route
    "user": user
            ^^^^
UnboundLocalError: cannot access local variable 'user' where it is not associated with a value
2025-09-21 18:23:17,558 - sqlalchemy.pool.impl.AsyncAdaptedQueuePool - ERROR [base.py:378] - Exception terminating connection <AdaptedConnection <asyncpg.connection.Connection object at 0xffff8d979f40>>
Traceback (most recent call last):
  File "/usr/local/lib/python3.13/site-packages/sqlalchemy/pool/base.py", line 374, in _close_connection
    self._dialect.do_terminate(connection)
    ~~~~~~~~~~~~~~~~~~~~~~~~~~^^^^^^^^^^^^
  File "/usr/local/lib/python3.13/site-packages/sqlalchemy/dialects/postgresql/asyncpg.py", line 1130, in do_terminate
    dbapi_connection.terminate()
    ~~~~~~~~~~~~~~~~~~~~~~~~~~^^
  File "/usr/local/lib/python3.13/site-packages/sqlalchemy/dialects/postgresql/asyncpg.py", line 922, in terminate
    self._connection.terminate()
    ~~~~~~~~~~~~~~~~~~~~~~~~~~^^
  File "/usr/local/lib/python3.13/site-packages/asyncpg/connection.py", line 1515, in terminate
    self._abort()
    ~~~~~~~~~~~^^
  File "/usr/local/lib/python3.13/site-packages/asyncpg/connection.py", line 1567, in _abort
    self._protocol.abort()
    ~~~~~~~~~~~~~~~~~~~~^^
  File "asyncpg/protocol/protocol.pyx", line 608, in asyncpg.protocol.protocol.BaseProtocol.abort
  File "/usr/local/lib/python3.13/asyncio/selector_events.py", line 826, in abort
    self._force_close(None)
    ~~~~~~~~~~~~~~~~~^^^^^^
  File "/usr/local/lib/python3.13/asyncio/selector_events.py", line 898, in _force_close
    self._loop.call_soon(self._call_connection_lost, exc)
    ~~~~~~~~~~~~~~~~~~~~^^^^^^^^^^^^^^^^^^^^^^^^^^^^^^^^^
  File "/usr/local/lib/python3.13/asyncio/base_events.py", line 833, in call_soon
    self._check_closed()
    ~~~~~~~~~~~~~~~~~~^^
  File "/usr/local/lib/python3.13/asyncio/base_events.py", line 556, in _check_closed
    raise RuntimeError('Event loop is closed')
RuntimeError: Event loop is closed
2025-09-21 18:23:17,734 - sqlalchemy.pool.impl.AsyncAdaptedQueuePool - ERROR [base.py:1032] - The garbage collector is trying to clean up non-checked-in connection <AdaptedConnection <asyncpg.connection.Connection object at 0xffff8d979f40>>, which will be terminated.  Please ensure that SQLAlchemy pooled connections are returned to the pool explicitly, either by calling ``close()`` or by using appropriate context managers to manage their lifecycle.
2025-09-21 18:33:50,110 - sqlalchemy.pool.impl.AsyncAdaptedQueuePool - ERROR [base.py:378] - Exception terminating connection <AdaptedConnection <asyncpg.connection.Connection object at 0xffffb8255f40>>
Traceback (most recent call last):
  File "/usr/local/lib/python3.13/site-packages/sqlalchemy/pool/base.py", line 374, in _close_connection
    self._dialect.do_terminate(connection)
    ~~~~~~~~~~~~~~~~~~~~~~~~~~^^^^^^^^^^^^
  File "/usr/local/lib/python3.13/site-packages/sqlalchemy/dialects/postgresql/asyncpg.py", line 1130, in do_terminate
    dbapi_connection.terminate()
    ~~~~~~~~~~~~~~~~~~~~~~~~~~^^
  File "/usr/local/lib/python3.13/site-packages/sqlalchemy/dialects/postgresql/asyncpg.py", line 922, in terminate
    self._connection.terminate()
    ~~~~~~~~~~~~~~~~~~~~~~~~~~^^
  File "/usr/local/lib/python3.13/site-packages/asyncpg/connection.py", line 1515, in terminate
    self._abort()
    ~~~~~~~~~~~^^
  File "/usr/local/lib/python3.13/site-packages/asyncpg/connection.py", line 1567, in _abort
    self._protocol.abort()
    ~~~~~~~~~~~~~~~~~~~~^^
  File "asyncpg/protocol/protocol.pyx", line 608, in asyncpg.protocol.protocol.BaseProtocol.abort
  File "/usr/local/lib/python3.13/asyncio/selector_events.py", line 826, in abort
    self._force_close(None)
    ~~~~~~~~~~~~~~~~~^^^^^^
  File "/usr/local/lib/python3.13/asyncio/selector_events.py", line 898, in _force_close
    self._loop.call_soon(self._call_connection_lost, exc)
    ~~~~~~~~~~~~~~~~~~~~^^^^^^^^^^^^^^^^^^^^^^^^^^^^^^^^^
  File "/usr/local/lib/python3.13/asyncio/base_events.py", line 833, in call_soon
    self._check_closed()
    ~~~~~~~~~~~~~~~~~~^^
  File "/usr/local/lib/python3.13/asyncio/base_events.py", line 556, in _check_closed
    raise RuntimeError('Event loop is closed')
RuntimeError: Event loop is closed
2025-09-21 18:33:50,135 - sqlalchemy.pool.impl.AsyncAdaptedQueuePool - ERROR [base.py:1032] - The garbage collector is trying to clean up non-checked-in connection <AdaptedConnection <asyncpg.connection.Connection object at 0xffffb8255f40>>, which will be terminated.  Please ensure that SQLAlchemy pooled connections are returned to the pool explicitly, either by calling ``close()`` or by using appropriate context managers to manage their lifecycle.
2025-09-21 18:35:11,418 - src.main - ERROR [main.py:59] - Ошибка при обработке запроса: Object of type generator is not JSON serializable
Traceback (most recent call last):
  File "/usr/local/lib/python3.13/site-packages/starlette/middleware/errors.py", line 165, in __call__
    await self.app(scope, receive, _send)
  File "/usr/local/lib/python3.13/site-packages/starlette/middleware/exceptions.py", line 62, in __call__
    await wrap_app_handling_exceptions(self.app, conn)(scope, receive, send)
  File "/usr/local/lib/python3.13/site-packages/starlette/_exception_handler.py", line 53, in wrapped_app
    raise exc
  File "/usr/local/lib/python3.13/site-packages/starlette/_exception_handler.py", line 42, in wrapped_app
    await app(scope, receive, sender)
  File "/usr/local/lib/python3.13/site-packages/starlette/routing.py", line 714, in __call__
    await self.middleware_stack(scope, receive, send)
  File "/usr/local/lib/python3.13/site-packages/starlette/routing.py", line 734, in app
    await route.handle(scope, receive, send)
  File "/usr/local/lib/python3.13/site-packages/starlette/routing.py", line 288, in handle
    await self.app(scope, receive, send)
  File "/usr/local/lib/python3.13/site-packages/starlette/routing.py", line 76, in app
    await wrap_app_handling_exceptions(app, request)(scope, receive, send)
  File "/usr/local/lib/python3.13/site-packages/starlette/_exception_handler.py", line 53, in wrapped_app
    raise exc
  File "/usr/local/lib/python3.13/site-packages/starlette/_exception_handler.py", line 42, in wrapped_app
    await app(scope, receive, sender)
  File "/usr/local/lib/python3.13/site-packages/starlette/routing.py", line 73, in app
    response = await f(request)
               ^^^^^^^^^^^^^^^^
  File "/usr/local/lib/python3.13/site-packages/fastapi/routing.py", line 301, in app
    raw_response = await run_endpoint_function(
                   ^^^^^^^^^^^^^^^^^^^^^^^^^^^^
    ...<3 lines>...
    )
    ^
  File "/usr/local/lib/python3.13/site-packages/fastapi/routing.py", line 212, in run_endpoint_function
    return await dependant.call(**values)
           ^^^^^^^^^^^^^^^^^^^^^^^^^^^^^^
  File "/app/src/routers/route.py", line 136, in get_all_route
    return templates.TemplateResponse(
           ~~~~~~~~~~~~~~~~~~~~~~~~~~^
        "route.html",
        ^^^^^^^^^^^^^
    ...<6 lines>...
        }
        ^
    )
    ^
  File "/usr/local/lib/python3.13/site-packages/starlette/templating.py", line 209, in TemplateResponse
    return _TemplateResponse(
        template,
    ...<4 lines>...
        background=background,
    )
  File "/usr/local/lib/python3.13/site-packages/starlette/templating.py", line 40, in __init__
    content = template.render(context)
  File "/usr/local/lib/python3.13/site-packages/jinja2/environment.py", line 1295, in render
    self.environment.handle_exception()
    ~~~~~~~~~~~~~~~~~~~~~~~~~~~~~~~~~^^
  File "/usr/local/lib/python3.13/site-packages/jinja2/environment.py", line 942, in handle_exception
    raise rewrite_traceback_stack(source=source)
  File "templates/route.html", line 177, in top-level template code
    data-users="{{ route.travel.users | map(attribute='fio') | tojson }}"
    
  File "/usr/local/lib/python3.13/site-packages/jinja2/filters.py", line 1721, in do_tojson
    return htmlsafe_json_dumps(value, dumps=dumps, **kwargs)
  File "/usr/local/lib/python3.13/site-packages/jinja2/utils.py", line 669, in htmlsafe_json_dumps
    dumps(obj, **kwargs)
    ~~~~~^^^^^^^^^^^^^^^
  File "/usr/local/lib/python3.13/json/__init__.py", line 238, in dumps
    **kw).encode(obj)
          ~~~~~~^^^^^
  File "/usr/local/lib/python3.13/json/encoder.py", line 200, in encode
    chunks = self.iterencode(o, _one_shot=True)
  File "/usr/local/lib/python3.13/json/encoder.py", line 261, in iterencode
    return _iterencode(o, 0)
  File "/usr/local/lib/python3.13/json/encoder.py", line 180, in default
    raise TypeError(f'Object of type {o.__class__.__name__} '
                    f'is not JSON serializable')
TypeError: Object of type generator is not JSON serializable
2025-09-21 18:35:11,812 - src.main - ERROR [main.py:59] - Ошибка при обработке запроса: Object of type generator is not JSON serializable
Traceback (most recent call last):
  File "/usr/local/lib/python3.13/site-packages/starlette/middleware/errors.py", line 165, in __call__
    await self.app(scope, receive, _send)
  File "/usr/local/lib/python3.13/site-packages/starlette/middleware/exceptions.py", line 62, in __call__
    await wrap_app_handling_exceptions(self.app, conn)(scope, receive, send)
  File "/usr/local/lib/python3.13/site-packages/starlette/_exception_handler.py", line 53, in wrapped_app
    raise exc
  File "/usr/local/lib/python3.13/site-packages/starlette/_exception_handler.py", line 42, in wrapped_app
    await app(scope, receive, sender)
  File "/usr/local/lib/python3.13/site-packages/starlette/routing.py", line 714, in __call__
    await self.middleware_stack(scope, receive, send)
  File "/usr/local/lib/python3.13/site-packages/starlette/routing.py", line 734, in app
    await route.handle(scope, receive, send)
  File "/usr/local/lib/python3.13/site-packages/starlette/routing.py", line 288, in handle
    await self.app(scope, receive, send)
  File "/usr/local/lib/python3.13/site-packages/starlette/routing.py", line 76, in app
    await wrap_app_handling_exceptions(app, request)(scope, receive, send)
  File "/usr/local/lib/python3.13/site-packages/starlette/_exception_handler.py", line 53, in wrapped_app
    raise exc
  File "/usr/local/lib/python3.13/site-packages/starlette/_exception_handler.py", line 42, in wrapped_app
    await app(scope, receive, sender)
  File "/usr/local/lib/python3.13/site-packages/starlette/routing.py", line 73, in app
    response = await f(request)
               ^^^^^^^^^^^^^^^^
  File "/usr/local/lib/python3.13/site-packages/fastapi/routing.py", line 301, in app
    raw_response = await run_endpoint_function(
                   ^^^^^^^^^^^^^^^^^^^^^^^^^^^^
    ...<3 lines>...
    )
    ^
  File "/usr/local/lib/python3.13/site-packages/fastapi/routing.py", line 212, in run_endpoint_function
    return await dependant.call(**values)
           ^^^^^^^^^^^^^^^^^^^^^^^^^^^^^^
  File "/app/src/routers/route.py", line 136, in get_all_route
    return templates.TemplateResponse(
           ~~~~~~~~~~~~~~~~~~~~~~~~~~^
        "route.html",
        ^^^^^^^^^^^^^
    ...<6 lines>...
        }
        ^
    )
    ^
  File "/usr/local/lib/python3.13/site-packages/starlette/templating.py", line 209, in TemplateResponse
    return _TemplateResponse(
        template,
    ...<4 lines>...
        background=background,
    )
  File "/usr/local/lib/python3.13/site-packages/starlette/templating.py", line 40, in __init__
    content = template.render(context)
  File "/usr/local/lib/python3.13/site-packages/jinja2/environment.py", line 1295, in render
    self.environment.handle_exception()
    ~~~~~~~~~~~~~~~~~~~~~~~~~~~~~~~~~^^
  File "/usr/local/lib/python3.13/site-packages/jinja2/environment.py", line 942, in handle_exception
    raise rewrite_traceback_stack(source=source)
  File "templates/route.html", line 177, in top-level template code
    data-users="{{ route.travel.users | map(attribute='fio') | tojson }}"
    
  File "/usr/local/lib/python3.13/site-packages/jinja2/filters.py", line 1721, in do_tojson
    return htmlsafe_json_dumps(value, dumps=dumps, **kwargs)
  File "/usr/local/lib/python3.13/site-packages/jinja2/utils.py", line 669, in htmlsafe_json_dumps
    dumps(obj, **kwargs)
    ~~~~~^^^^^^^^^^^^^^^
  File "/usr/local/lib/python3.13/json/__init__.py", line 238, in dumps
    **kw).encode(obj)
          ~~~~~~^^^^^
  File "/usr/local/lib/python3.13/json/encoder.py", line 200, in encode
    chunks = self.iterencode(o, _one_shot=True)
  File "/usr/local/lib/python3.13/json/encoder.py", line 261, in iterencode
    return _iterencode(o, 0)
  File "/usr/local/lib/python3.13/json/encoder.py", line 180, in default
    raise TypeError(f'Object of type {o.__class__.__name__} '
                    f'is not JSON serializable')
TypeError: Object of type generator is not JSON serializable
2025-09-21 18:37:51,582 - sqlalchemy.pool.impl.AsyncAdaptedQueuePool - ERROR [base.py:378] - Exception terminating connection <AdaptedConnection <asyncpg.connection.Connection object at 0xffff90c5a030>>
Traceback (most recent call last):
  File "/usr/local/lib/python3.13/site-packages/sqlalchemy/pool/base.py", line 374, in _close_connection
    self._dialect.do_terminate(connection)
    ~~~~~~~~~~~~~~~~~~~~~~~~~~^^^^^^^^^^^^
  File "/usr/local/lib/python3.13/site-packages/sqlalchemy/dialects/postgresql/asyncpg.py", line 1130, in do_terminate
    dbapi_connection.terminate()
    ~~~~~~~~~~~~~~~~~~~~~~~~~~^^
  File "/usr/local/lib/python3.13/site-packages/sqlalchemy/dialects/postgresql/asyncpg.py", line 922, in terminate
    self._connection.terminate()
    ~~~~~~~~~~~~~~~~~~~~~~~~~~^^
  File "/usr/local/lib/python3.13/site-packages/asyncpg/connection.py", line 1515, in terminate
    self._abort()
    ~~~~~~~~~~~^^
  File "/usr/local/lib/python3.13/site-packages/asyncpg/connection.py", line 1567, in _abort
    self._protocol.abort()
    ~~~~~~~~~~~~~~~~~~~~^^
  File "asyncpg/protocol/protocol.pyx", line 608, in asyncpg.protocol.protocol.BaseProtocol.abort
  File "/usr/local/lib/python3.13/asyncio/selector_events.py", line 826, in abort
    self._force_close(None)
    ~~~~~~~~~~~~~~~~~^^^^^^
  File "/usr/local/lib/python3.13/asyncio/selector_events.py", line 898, in _force_close
    self._loop.call_soon(self._call_connection_lost, exc)
    ~~~~~~~~~~~~~~~~~~~~^^^^^^^^^^^^^^^^^^^^^^^^^^^^^^^^^
  File "/usr/local/lib/python3.13/asyncio/base_events.py", line 833, in call_soon
    self._check_closed()
    ~~~~~~~~~~~~~~~~~~^^
  File "/usr/local/lib/python3.13/asyncio/base_events.py", line 556, in _check_closed
    raise RuntimeError('Event loop is closed')
RuntimeError: Event loop is closed
2025-09-21 18:37:51,706 - sqlalchemy.pool.impl.AsyncAdaptedQueuePool - ERROR [base.py:1032] - The garbage collector is trying to clean up non-checked-in connection <AdaptedConnection <asyncpg.connection.Connection object at 0xffff90c5a030>>, which will be terminated.  Please ensure that SQLAlchemy pooled connections are returned to the pool explicitly, either by calling ``close()`` or by using appropriate context managers to manage their lifecycle.
2025-09-21 18:37:51,714 - sqlalchemy.pool.impl.AsyncAdaptedQueuePool - ERROR [base.py:378] - Exception terminating connection <AdaptedConnection <asyncpg.connection.Connection object at 0xffff90c497c0>>
Traceback (most recent call last):
  File "/usr/local/lib/python3.13/site-packages/sqlalchemy/pool/base.py", line 374, in _close_connection
    self._dialect.do_terminate(connection)
    ~~~~~~~~~~~~~~~~~~~~~~~~~~^^^^^^^^^^^^
  File "/usr/local/lib/python3.13/site-packages/sqlalchemy/dialects/postgresql/asyncpg.py", line 1130, in do_terminate
    dbapi_connection.terminate()
    ~~~~~~~~~~~~~~~~~~~~~~~~~~^^
  File "/usr/local/lib/python3.13/site-packages/sqlalchemy/dialects/postgresql/asyncpg.py", line 922, in terminate
    self._connection.terminate()
    ~~~~~~~~~~~~~~~~~~~~~~~~~~^^
  File "/usr/local/lib/python3.13/site-packages/asyncpg/connection.py", line 1515, in terminate
    self._abort()
    ~~~~~~~~~~~^^
  File "/usr/local/lib/python3.13/site-packages/asyncpg/connection.py", line 1567, in _abort
    self._protocol.abort()
    ~~~~~~~~~~~~~~~~~~~~^^
  File "asyncpg/protocol/protocol.pyx", line 608, in asyncpg.protocol.protocol.BaseProtocol.abort
  File "/usr/local/lib/python3.13/asyncio/selector_events.py", line 826, in abort
    self._force_close(None)
    ~~~~~~~~~~~~~~~~~^^^^^^
  File "/usr/local/lib/python3.13/asyncio/selector_events.py", line 898, in _force_close
    self._loop.call_soon(self._call_connection_lost, exc)
    ~~~~~~~~~~~~~~~~~~~~^^^^^^^^^^^^^^^^^^^^^^^^^^^^^^^^^
  File "/usr/local/lib/python3.13/asyncio/base_events.py", line 833, in call_soon
    self._check_closed()
    ~~~~~~~~~~~~~~~~~~^^
  File "/usr/local/lib/python3.13/asyncio/base_events.py", line 556, in _check_closed
    raise RuntimeError('Event loop is closed')
RuntimeError: Event loop is closed
2025-09-21 18:37:51,721 - sqlalchemy.pool.impl.AsyncAdaptedQueuePool - ERROR [base.py:1032] - The garbage collector is trying to clean up non-checked-in connection <AdaptedConnection <asyncpg.connection.Connection object at 0xffff90c497c0>>, which will be terminated.  Please ensure that SQLAlchemy pooled connections are returned to the pool explicitly, either by calling ``close()`` or by using appropriate context managers to manage their lifecycle.
2025-09-21 18:58:11,643 - sqlalchemy.pool.impl.AsyncAdaptedQueuePool - ERROR [base.py:378] - Exception terminating connection <AdaptedConnection <asyncpg.connection.Connection object at 0xffff91b92030>>
Traceback (most recent call last):
  File "/usr/local/lib/python3.13/site-packages/sqlalchemy/pool/base.py", line 374, in _close_connection
    self._dialect.do_terminate(connection)
    ~~~~~~~~~~~~~~~~~~~~~~~~~~^^^^^^^^^^^^
  File "/usr/local/lib/python3.13/site-packages/sqlalchemy/dialects/postgresql/asyncpg.py", line 1130, in do_terminate
    dbapi_connection.terminate()
    ~~~~~~~~~~~~~~~~~~~~~~~~~~^^
  File "/usr/local/lib/python3.13/site-packages/sqlalchemy/dialects/postgresql/asyncpg.py", line 922, in terminate
    self._connection.terminate()
    ~~~~~~~~~~~~~~~~~~~~~~~~~~^^
  File "/usr/local/lib/python3.13/site-packages/asyncpg/connection.py", line 1515, in terminate
    self._abort()
    ~~~~~~~~~~~^^
  File "/usr/local/lib/python3.13/site-packages/asyncpg/connection.py", line 1567, in _abort
    self._protocol.abort()
    ~~~~~~~~~~~~~~~~~~~~^^
  File "asyncpg/protocol/protocol.pyx", line 608, in asyncpg.protocol.protocol.BaseProtocol.abort
  File "/usr/local/lib/python3.13/asyncio/selector_events.py", line 826, in abort
    self._force_close(None)
    ~~~~~~~~~~~~~~~~~^^^^^^
  File "/usr/local/lib/python3.13/asyncio/selector_events.py", line 898, in _force_close
    self._loop.call_soon(self._call_connection_lost, exc)
    ~~~~~~~~~~~~~~~~~~~~^^^^^^^^^^^^^^^^^^^^^^^^^^^^^^^^^
  File "/usr/local/lib/python3.13/asyncio/base_events.py", line 833, in call_soon
    self._check_closed()
    ~~~~~~~~~~~~~~~~~~^^
  File "/usr/local/lib/python3.13/asyncio/base_events.py", line 556, in _check_closed
    raise RuntimeError('Event loop is closed')
RuntimeError: Event loop is closed
2025-09-21 18:58:11,665 - sqlalchemy.pool.impl.AsyncAdaptedQueuePool - ERROR [base.py:1032] - The garbage collector is trying to clean up non-checked-in connection <AdaptedConnection <asyncpg.connection.Connection object at 0xffff91b92030>>, which will be terminated.  Please ensure that SQLAlchemy pooled connections are returned to the pool explicitly, either by calling ``close()`` or by using appropriate context managers to manage their lifecycle.
2025-09-21 19:09:29,819 - sqlalchemy.pool.impl.AsyncAdaptedQueuePool - ERROR [base.py:378] - Exception terminating connection <AdaptedConnection <asyncpg.connection.Connection object at 0xffff9df86120>>
Traceback (most recent call last):
  File "/usr/local/lib/python3.13/site-packages/sqlalchemy/pool/base.py", line 374, in _close_connection
    self._dialect.do_terminate(connection)
    ~~~~~~~~~~~~~~~~~~~~~~~~~~^^^^^^^^^^^^
  File "/usr/local/lib/python3.13/site-packages/sqlalchemy/dialects/postgresql/asyncpg.py", line 1130, in do_terminate
    dbapi_connection.terminate()
    ~~~~~~~~~~~~~~~~~~~~~~~~~~^^
  File "/usr/local/lib/python3.13/site-packages/sqlalchemy/dialects/postgresql/asyncpg.py", line 922, in terminate
    self._connection.terminate()
    ~~~~~~~~~~~~~~~~~~~~~~~~~~^^
  File "/usr/local/lib/python3.13/site-packages/asyncpg/connection.py", line 1515, in terminate
    self._abort()
    ~~~~~~~~~~~^^
  File "/usr/local/lib/python3.13/site-packages/asyncpg/connection.py", line 1567, in _abort
    self._protocol.abort()
    ~~~~~~~~~~~~~~~~~~~~^^
  File "asyncpg/protocol/protocol.pyx", line 608, in asyncpg.protocol.protocol.BaseProtocol.abort
  File "/usr/local/lib/python3.13/asyncio/selector_events.py", line 826, in abort
    self._force_close(None)
    ~~~~~~~~~~~~~~~~~^^^^^^
  File "/usr/local/lib/python3.13/asyncio/selector_events.py", line 898, in _force_close
    self._loop.call_soon(self._call_connection_lost, exc)
    ~~~~~~~~~~~~~~~~~~~~^^^^^^^^^^^^^^^^^^^^^^^^^^^^^^^^^
  File "/usr/local/lib/python3.13/asyncio/base_events.py", line 833, in call_soon
    self._check_closed()
    ~~~~~~~~~~~~~~~~~~^^
  File "/usr/local/lib/python3.13/asyncio/base_events.py", line 556, in _check_closed
    raise RuntimeError('Event loop is closed')
RuntimeError: Event loop is closed
2025-09-21 19:09:29,858 - sqlalchemy.pool.impl.AsyncAdaptedQueuePool - ERROR [base.py:1032] - The garbage collector is trying to clean up non-checked-in connection <AdaptedConnection <asyncpg.connection.Connection object at 0xffff9df86120>>, which will be terminated.  Please ensure that SQLAlchemy pooled connections are returned to the pool explicitly, either by calling ``close()`` or by using appropriate context managers to manage their lifecycle.
2025-09-21 19:11:50,710 - sqlalchemy.pool.impl.AsyncAdaptedQueuePool - ERROR [base.py:378] - Exception terminating connection <AdaptedConnection <asyncpg.connection.Connection object at 0xffff98eb6030>>
Traceback (most recent call last):
  File "/usr/local/lib/python3.13/site-packages/sqlalchemy/pool/base.py", line 374, in _close_connection
    self._dialect.do_terminate(connection)
    ~~~~~~~~~~~~~~~~~~~~~~~~~~^^^^^^^^^^^^
  File "/usr/local/lib/python3.13/site-packages/sqlalchemy/dialects/postgresql/asyncpg.py", line 1130, in do_terminate
    dbapi_connection.terminate()
    ~~~~~~~~~~~~~~~~~~~~~~~~~~^^
  File "/usr/local/lib/python3.13/site-packages/sqlalchemy/dialects/postgresql/asyncpg.py", line 922, in terminate
    self._connection.terminate()
    ~~~~~~~~~~~~~~~~~~~~~~~~~~^^
  File "/usr/local/lib/python3.13/site-packages/asyncpg/connection.py", line 1515, in terminate
    self._abort()
    ~~~~~~~~~~~^^
  File "/usr/local/lib/python3.13/site-packages/asyncpg/connection.py", line 1567, in _abort
    self._protocol.abort()
    ~~~~~~~~~~~~~~~~~~~~^^
  File "asyncpg/protocol/protocol.pyx", line 608, in asyncpg.protocol.protocol.BaseProtocol.abort
  File "/usr/local/lib/python3.13/asyncio/selector_events.py", line 826, in abort
    self._force_close(None)
    ~~~~~~~~~~~~~~~~~^^^^^^
  File "/usr/local/lib/python3.13/asyncio/selector_events.py", line 898, in _force_close
    self._loop.call_soon(self._call_connection_lost, exc)
    ~~~~~~~~~~~~~~~~~~~~^^^^^^^^^^^^^^^^^^^^^^^^^^^^^^^^^
  File "/usr/local/lib/python3.13/asyncio/base_events.py", line 833, in call_soon
    self._check_closed()
    ~~~~~~~~~~~~~~~~~~^^
  File "/usr/local/lib/python3.13/asyncio/base_events.py", line 556, in _check_closed
    raise RuntimeError('Event loop is closed')
RuntimeError: Event loop is closed
2025-09-21 19:11:50,872 - sqlalchemy.pool.impl.AsyncAdaptedQueuePool - ERROR [base.py:1032] - The garbage collector is trying to clean up non-checked-in connection <AdaptedConnection <asyncpg.connection.Connection object at 0xffff98eb6030>>, which will be terminated.  Please ensure that SQLAlchemy pooled connections are returned to the pool explicitly, either by calling ``close()`` or by using appropriate context managers to manage their lifecycle.
2025-10-01 18:33:58,511 - controllers.user_controller - ERROR [user_controller.py:121] - Ошибка при авторизации пользователя: [Errno 8] nodename nor servname provided, or not known
Traceback (most recent call last):
  File "/Users/nastya/bauman/7_sem/web/src/controllers/user_controller.py", line 107, in login
    user = await self.auth_service.authenticate(data["login"], data["password"])
           ^^^^^^^^^^^^^^^^^^^^^^^^^^^^^^^^^^^^^^^^^^^^^^^^^^^^^^^^^^^^^^^^^^^^^
  File "/Users/nastya/bauman/7_sem/web/src/services/user_service.py", line 86, in authenticate
    user = await self.repository.get_by_login(login)
           ^^^^^^^^^^^^^^^^^^^^^^^^^^^^^^^^^^^^^^^^^
  File "/Users/nastya/bauman/7_sem/web/src/repository/user_repository.py", line 99, in get_by_login
    result = await self.session.execute(query, {"login": login})
             ^^^^^^^^^^^^^^^^^^^^^^^^^^^^^^^^^^^^^^^^^^^^^^^^^^^
  File "/opt/homebrew/lib/python3.11/site-packages/sqlalchemy/ext/asyncio/session.py", line 463, in execute
    result = await greenlet_spawn(
             ^^^^^^^^^^^^^^^^^^^^^
  File "/opt/homebrew/lib/python3.11/site-packages/sqlalchemy/util/_concurrency_py3k.py", line 201, in greenlet_spawn
    result = context.throw(*sys.exc_info())
             ^^^^^^^^^^^^^^^^^^^^^^^^^^^^^^
  File "/opt/homebrew/lib/python3.11/site-packages/sqlalchemy/orm/session.py", line 2365, in execute
    return self._execute_internal(
           ^^^^^^^^^^^^^^^^^^^^^^^
  File "/opt/homebrew/lib/python3.11/site-packages/sqlalchemy/orm/session.py", line 2241, in _execute_internal
    conn = self._connection_for_bind(bind)
           ^^^^^^^^^^^^^^^^^^^^^^^^^^^^^^^
  File "/opt/homebrew/lib/python3.11/site-packages/sqlalchemy/orm/session.py", line 2110, in _connection_for_bind
    return trans._connection_for_bind(engine, execution_options)
           ^^^^^^^^^^^^^^^^^^^^^^^^^^^^^^^^^^^^^^^^^^^^^^^^^^^^^
  File "<string>", line 2, in _connection_for_bind
  File "/opt/homebrew/lib/python3.11/site-packages/sqlalchemy/orm/state_changes.py", line 139, in _go
    ret_value = fn(self, *arg, **kw)
                ^^^^^^^^^^^^^^^^^^^^
  File "/opt/homebrew/lib/python3.11/site-packages/sqlalchemy/orm/session.py", line 1189, in _connection_for_bind
    conn = bind.connect()
           ^^^^^^^^^^^^^^
  File "/opt/homebrew/lib/python3.11/site-packages/sqlalchemy/engine/base.py", line 3274, in connect
    return self._connection_cls(self)
           ^^^^^^^^^^^^^^^^^^^^^^^^^^
  File "/opt/homebrew/lib/python3.11/site-packages/sqlalchemy/engine/base.py", line 146, in __init__
    self._dbapi_connection = engine.raw_connection()
                             ^^^^^^^^^^^^^^^^^^^^^^^
  File "/opt/homebrew/lib/python3.11/site-packages/sqlalchemy/engine/base.py", line 3298, in raw_connection
    return self.pool.connect()
           ^^^^^^^^^^^^^^^^^^^
  File "/opt/homebrew/lib/python3.11/site-packages/sqlalchemy/pool/base.py", line 449, in connect
    return _ConnectionFairy._checkout(self)
           ^^^^^^^^^^^^^^^^^^^^^^^^^^^^^^^^
  File "/opt/homebrew/lib/python3.11/site-packages/sqlalchemy/pool/base.py", line 1264, in _checkout
    fairy = _ConnectionRecord.checkout(pool)
            ^^^^^^^^^^^^^^^^^^^^^^^^^^^^^^^^
  File "/opt/homebrew/lib/python3.11/site-packages/sqlalchemy/pool/base.py", line 713, in checkout
    rec = pool._do_get()
          ^^^^^^^^^^^^^^
  File "/opt/homebrew/lib/python3.11/site-packages/sqlalchemy/pool/impl.py", line 179, in _do_get
    with util.safe_reraise():
  File "/opt/homebrew/lib/python3.11/site-packages/sqlalchemy/util/langhelpers.py", line 146, in __exit__
    raise exc_value.with_traceback(exc_tb)
  File "/opt/homebrew/lib/python3.11/site-packages/sqlalchemy/pool/impl.py", line 177, in _do_get
    return self._create_connection()
           ^^^^^^^^^^^^^^^^^^^^^^^^^
  File "/opt/homebrew/lib/python3.11/site-packages/sqlalchemy/pool/base.py", line 390, in _create_connection
    return _ConnectionRecord(self)
           ^^^^^^^^^^^^^^^^^^^^^^^
  File "/opt/homebrew/lib/python3.11/site-packages/sqlalchemy/pool/base.py", line 675, in __init__
    self.__connect()
  File "/opt/homebrew/lib/python3.11/site-packages/sqlalchemy/pool/base.py", line 901, in __connect
    with util.safe_reraise():
  File "/opt/homebrew/lib/python3.11/site-packages/sqlalchemy/util/langhelpers.py", line 146, in __exit__
    raise exc_value.with_traceback(exc_tb)
  File "/opt/homebrew/lib/python3.11/site-packages/sqlalchemy/pool/base.py", line 897, in __connect
    self.dbapi_connection = connection = pool._invoke_creator(self)
                                         ^^^^^^^^^^^^^^^^^^^^^^^^^^
  File "/opt/homebrew/lib/python3.11/site-packages/sqlalchemy/engine/create.py", line 646, in connect
    return dialect.connect(*cargs, **cparams)
           ^^^^^^^^^^^^^^^^^^^^^^^^^^^^^^^^^^
  File "/opt/homebrew/lib/python3.11/site-packages/sqlalchemy/engine/default.py", line 625, in connect
    return self.loaded_dbapi.connect(*cargs, **cparams)  # type: ignore[no-any-return]  # NOQA: E501
           ^^^^^^^^^^^^^^^^^^^^^^^^^^^^^^^^^^^^^^^^^^^^
  File "/opt/homebrew/lib/python3.11/site-packages/sqlalchemy/dialects/postgresql/asyncpg.py", line 961, in connect
    await_only(creator_fn(*arg, **kw)),
    ^^^^^^^^^^^^^^^^^^^^^^^^^^^^^^^^^^
  File "/opt/homebrew/lib/python3.11/site-packages/sqlalchemy/util/_concurrency_py3k.py", line 132, in await_only
    return current.parent.switch(awaitable)  # type: ignore[no-any-return,attr-defined] # noqa: E501
           ^^^^^^^^^^^^^^^^^^^^^^^^^^^^^^^^
  File "/opt/homebrew/lib/python3.11/site-packages/sqlalchemy/util/_concurrency_py3k.py", line 196, in greenlet_spawn
    value = await result
            ^^^^^^^^^^^^
  File "/opt/homebrew/lib/python3.11/site-packages/asyncpg/connection.py", line 2421, in connect
    return await connect_utils._connect(
           ^^^^^^^^^^^^^^^^^^^^^^^^^^^^^
  File "/opt/homebrew/lib/python3.11/site-packages/asyncpg/connect_utils.py", line 1075, in _connect
    raise last_error or exceptions.TargetServerAttributeNotMatched(
  File "/opt/homebrew/lib/python3.11/site-packages/asyncpg/connect_utils.py", line 1049, in _connect
    conn = await _connect_addr(
           ^^^^^^^^^^^^^^^^^^^^
  File "/opt/homebrew/lib/python3.11/site-packages/asyncpg/connect_utils.py", line 886, in _connect_addr
    return await __connect_addr(params, True, *args)
           ^^^^^^^^^^^^^^^^^^^^^^^^^^^^^^^^^^^^^^^^^
  File "/opt/homebrew/lib/python3.11/site-packages/asyncpg/connect_utils.py", line 931, in __connect_addr
    tr, pr = await connector
             ^^^^^^^^^^^^^^^
  File "/opt/homebrew/lib/python3.11/site-packages/asyncpg/connect_utils.py", line 802, in _create_ssl_connection
    tr, pr = await loop.create_connection(
             ^^^^^^^^^^^^^^^^^^^^^^^^^^^^^
  File "/opt/homebrew/Cellar/python@3.11/3.11.12_1/Frameworks/Python.framework/Versions/3.11/lib/python3.11/asyncio/base_events.py", line 1046, in create_connection
    infos = await self._ensure_resolved(
            ^^^^^^^^^^^^^^^^^^^^^^^^^^^^
  File "/opt/homebrew/Cellar/python@3.11/3.11.12_1/Frameworks/Python.framework/Versions/3.11/lib/python3.11/asyncio/base_events.py", line 1420, in _ensure_resolved
    return await loop.getaddrinfo(host, port, family=family, type=type,
           ^^^^^^^^^^^^^^^^^^^^^^^^^^^^^^^^^^^^^^^^^^^^^^^^^^^^^^^^^^^^
  File "/opt/homebrew/Cellar/python@3.11/3.11.12_1/Frameworks/Python.framework/Versions/3.11/lib/python3.11/asyncio/base_events.py", line 868, in getaddrinfo
    return await self.run_in_executor(
           ^^^^^^^^^^^^^^^^^^^^^^^^^^^
  File "/opt/homebrew/Cellar/python@3.11/3.11.12_1/Frameworks/Python.framework/Versions/3.11/lib/python3.11/concurrent/futures/thread.py", line 58, in run
    result = self.fn(*self.args, **self.kwargs)
             ^^^^^^^^^^^^^^^^^^^^^^^^^^^^^^^^^^
  File "/opt/homebrew/Cellar/python@3.11/3.11.12_1/Frameworks/Python.framework/Versions/3.11/lib/python3.11/socket.py", line 974, in getaddrinfo
    for res in _socket.getaddrinfo(host, port, family, type, proto, flags):
               ^^^^^^^^^^^^^^^^^^^^^^^^^^^^^^^^^^^^^^^^^^^^^^^^^^^^^^^^^^^
socket.gaierror: [Errno 8] nodename nor servname provided, or not known
2025-10-01 18:52:07,970 - controllers.user_controller - ERROR [user_controller.py:121] - Ошибка при авторизации пользователя: database "travel_db" does not exist
Traceback (most recent call last):
  File "/Users/nastya/bauman/7_sem/web/src/controllers/user_controller.py", line 107, in login
    user = await self.auth_service.authenticate(data["login"], data["password"])
           ^^^^^^^^^^^^^^^^^^^^^^^^^^^^^^^^^^^^^^^^^^^^^^^^^^^^^^^^^^^^^^^^^^^^^
  File "/Users/nastya/bauman/7_sem/web/src/services/user_service.py", line 86, in authenticate
    user = await self.repository.get_by_login(login)
           ^^^^^^^^^^^^^^^^^^^^^^^^^^^^^^^^^^^^^^^^^
  File "/Users/nastya/bauman/7_sem/web/src/repository/user_repository.py", line 99, in get_by_login
    result = await self.session.execute(query, {"login": login})
             ^^^^^^^^^^^^^^^^^^^^^^^^^^^^^^^^^^^^^^^^^^^^^^^^^^^
  File "/opt/homebrew/lib/python3.11/site-packages/sqlalchemy/ext/asyncio/session.py", line 463, in execute
    result = await greenlet_spawn(
             ^^^^^^^^^^^^^^^^^^^^^
  File "/opt/homebrew/lib/python3.11/site-packages/sqlalchemy/util/_concurrency_py3k.py", line 201, in greenlet_spawn
    result = context.throw(*sys.exc_info())
             ^^^^^^^^^^^^^^^^^^^^^^^^^^^^^^
  File "/opt/homebrew/lib/python3.11/site-packages/sqlalchemy/orm/session.py", line 2365, in execute
    return self._execute_internal(
           ^^^^^^^^^^^^^^^^^^^^^^^
  File "/opt/homebrew/lib/python3.11/site-packages/sqlalchemy/orm/session.py", line 2241, in _execute_internal
    conn = self._connection_for_bind(bind)
           ^^^^^^^^^^^^^^^^^^^^^^^^^^^^^^^
  File "/opt/homebrew/lib/python3.11/site-packages/sqlalchemy/orm/session.py", line 2110, in _connection_for_bind
    return trans._connection_for_bind(engine, execution_options)
           ^^^^^^^^^^^^^^^^^^^^^^^^^^^^^^^^^^^^^^^^^^^^^^^^^^^^^
  File "<string>", line 2, in _connection_for_bind
  File "/opt/homebrew/lib/python3.11/site-packages/sqlalchemy/orm/state_changes.py", line 139, in _go
    ret_value = fn(self, *arg, **kw)
                ^^^^^^^^^^^^^^^^^^^^
  File "/opt/homebrew/lib/python3.11/site-packages/sqlalchemy/orm/session.py", line 1189, in _connection_for_bind
    conn = bind.connect()
           ^^^^^^^^^^^^^^
  File "/opt/homebrew/lib/python3.11/site-packages/sqlalchemy/engine/base.py", line 3274, in connect
    return self._connection_cls(self)
           ^^^^^^^^^^^^^^^^^^^^^^^^^^
  File "/opt/homebrew/lib/python3.11/site-packages/sqlalchemy/engine/base.py", line 146, in __init__
    self._dbapi_connection = engine.raw_connection()
                             ^^^^^^^^^^^^^^^^^^^^^^^
  File "/opt/homebrew/lib/python3.11/site-packages/sqlalchemy/engine/base.py", line 3298, in raw_connection
    return self.pool.connect()
           ^^^^^^^^^^^^^^^^^^^
  File "/opt/homebrew/lib/python3.11/site-packages/sqlalchemy/pool/base.py", line 449, in connect
    return _ConnectionFairy._checkout(self)
           ^^^^^^^^^^^^^^^^^^^^^^^^^^^^^^^^
  File "/opt/homebrew/lib/python3.11/site-packages/sqlalchemy/pool/base.py", line 1264, in _checkout
    fairy = _ConnectionRecord.checkout(pool)
            ^^^^^^^^^^^^^^^^^^^^^^^^^^^^^^^^
  File "/opt/homebrew/lib/python3.11/site-packages/sqlalchemy/pool/base.py", line 713, in checkout
    rec = pool._do_get()
          ^^^^^^^^^^^^^^
  File "/opt/homebrew/lib/python3.11/site-packages/sqlalchemy/pool/impl.py", line 179, in _do_get
    with util.safe_reraise():
  File "/opt/homebrew/lib/python3.11/site-packages/sqlalchemy/util/langhelpers.py", line 146, in __exit__
    raise exc_value.with_traceback(exc_tb)
  File "/opt/homebrew/lib/python3.11/site-packages/sqlalchemy/pool/impl.py", line 177, in _do_get
    return self._create_connection()
           ^^^^^^^^^^^^^^^^^^^^^^^^^
  File "/opt/homebrew/lib/python3.11/site-packages/sqlalchemy/pool/base.py", line 390, in _create_connection
    return _ConnectionRecord(self)
           ^^^^^^^^^^^^^^^^^^^^^^^
  File "/opt/homebrew/lib/python3.11/site-packages/sqlalchemy/pool/base.py", line 675, in __init__
    self.__connect()
  File "/opt/homebrew/lib/python3.11/site-packages/sqlalchemy/pool/base.py", line 901, in __connect
    with util.safe_reraise():
  File "/opt/homebrew/lib/python3.11/site-packages/sqlalchemy/util/langhelpers.py", line 146, in __exit__
    raise exc_value.with_traceback(exc_tb)
  File "/opt/homebrew/lib/python3.11/site-packages/sqlalchemy/pool/base.py", line 897, in __connect
    self.dbapi_connection = connection = pool._invoke_creator(self)
                                         ^^^^^^^^^^^^^^^^^^^^^^^^^^
  File "/opt/homebrew/lib/python3.11/site-packages/sqlalchemy/engine/create.py", line 646, in connect
    return dialect.connect(*cargs, **cparams)
           ^^^^^^^^^^^^^^^^^^^^^^^^^^^^^^^^^^
  File "/opt/homebrew/lib/python3.11/site-packages/sqlalchemy/engine/default.py", line 625, in connect
    return self.loaded_dbapi.connect(*cargs, **cparams)  # type: ignore[no-any-return]  # NOQA: E501
           ^^^^^^^^^^^^^^^^^^^^^^^^^^^^^^^^^^^^^^^^^^^^
  File "/opt/homebrew/lib/python3.11/site-packages/sqlalchemy/dialects/postgresql/asyncpg.py", line 961, in connect
    await_only(creator_fn(*arg, **kw)),
    ^^^^^^^^^^^^^^^^^^^^^^^^^^^^^^^^^^
  File "/opt/homebrew/lib/python3.11/site-packages/sqlalchemy/util/_concurrency_py3k.py", line 132, in await_only
    return current.parent.switch(awaitable)  # type: ignore[no-any-return,attr-defined] # noqa: E501
           ^^^^^^^^^^^^^^^^^^^^^^^^^^^^^^^^
  File "/opt/homebrew/lib/python3.11/site-packages/sqlalchemy/util/_concurrency_py3k.py", line 196, in greenlet_spawn
    value = await result
            ^^^^^^^^^^^^
  File "/opt/homebrew/lib/python3.11/site-packages/asyncpg/connection.py", line 2421, in connect
    return await connect_utils._connect(
           ^^^^^^^^^^^^^^^^^^^^^^^^^^^^^
  File "/opt/homebrew/lib/python3.11/site-packages/asyncpg/connect_utils.py", line 1049, in _connect
    conn = await _connect_addr(
           ^^^^^^^^^^^^^^^^^^^^
  File "/opt/homebrew/lib/python3.11/site-packages/asyncpg/connect_utils.py", line 886, in _connect_addr
    return await __connect_addr(params, True, *args)
           ^^^^^^^^^^^^^^^^^^^^^^^^^^^^^^^^^^^^^^^^^
  File "/opt/homebrew/lib/python3.11/site-packages/asyncpg/connect_utils.py", line 934, in __connect_addr
    await connected
asyncpg.exceptions.InvalidCatalogNameError: database "travel_db" does not exist
2025-10-01 23:11:35,970 - src.main - ERROR [main.py:59] - Ошибка при обработке запроса: Could not parse SQLAlchemy URL from string 'jdbc:postgresql://localhost:5432/postgres'
Traceback (most recent call last):
  File "/opt/homebrew/lib/python3.11/site-packages/starlette/middleware/errors.py", line 164, in __call__
    await self.app(scope, receive, _send)
  File "/opt/homebrew/lib/python3.11/site-packages/starlette/middleware/exceptions.py", line 63, in __call__
    await wrap_app_handling_exceptions(self.app, conn)(scope, receive, send)
  File "/opt/homebrew/lib/python3.11/site-packages/starlette/_exception_handler.py", line 53, in wrapped_app
    raise exc
  File "/opt/homebrew/lib/python3.11/site-packages/starlette/_exception_handler.py", line 42, in wrapped_app
    await app(scope, receive, sender)
  File "/opt/homebrew/lib/python3.11/site-packages/fastapi/middleware/asyncexitstack.py", line 18, in __call__
    await self.app(scope, receive, send)
  File "/opt/homebrew/lib/python3.11/site-packages/starlette/routing.py", line 716, in __call__
    await self.middleware_stack(scope, receive, send)
  File "/opt/homebrew/lib/python3.11/site-packages/starlette/routing.py", line 736, in app
    await route.handle(scope, receive, send)
  File "/opt/homebrew/lib/python3.11/site-packages/starlette/routing.py", line 290, in handle
    await self.app(scope, receive, send)
  File "/opt/homebrew/lib/python3.11/site-packages/fastapi/routing.py", line 123, in app
    await wrap_app_handling_exceptions(app, request)(scope, receive, send)
  File "/opt/homebrew/lib/python3.11/site-packages/starlette/_exception_handler.py", line 53, in wrapped_app
    raise exc
  File "/opt/homebrew/lib/python3.11/site-packages/starlette/_exception_handler.py", line 42, in wrapped_app
    await app(scope, receive, sender)
  File "/opt/homebrew/lib/python3.11/site-packages/fastapi/routing.py", line 109, in app
    response = await f(request)
               ^^^^^^^^^^^^^^^^
  File "/opt/homebrew/lib/python3.11/site-packages/fastapi/routing.py", line 377, in app
    solved_result = await solve_dependencies(
                    ^^^^^^^^^^^^^^^^^^^^^^^^^
  File "/opt/homebrew/lib/python3.11/site-packages/fastapi/dependencies/utils.py", line 646, in solve_dependencies
    solved = await call(**solved_result.values)
             ^^^^^^^^^^^^^^^^^^^^^^^^^^^^^^^^^^
  File "/Users/nastya/bauman/7_sem/web/src/service_locator.py", line 239, in get_service_locator
    _async_session_maker = await get_sessionmaker()
                           ^^^^^^^^^^^^^^^^^^^^^^^^
  File "/Users/nastya/bauman/7_sem/web/src/service_locator.py", line 187, in get_sessionmaker
    engine = create_async_engine(
             ^^^^^^^^^^^^^^^^^^^^
  File "/opt/homebrew/lib/python3.11/site-packages/sqlalchemy/ext/asyncio/engine.py", line 120, in create_async_engine
    sync_engine = _create_engine(url, **kw)
                  ^^^^^^^^^^^^^^^^^^^^^^^^^
  File "<string>", line 2, in create_engine
  File "/opt/homebrew/lib/python3.11/site-packages/sqlalchemy/util/deprecations.py", line 281, in warned
    return fn(*args, **kwargs)  # type: ignore[no-any-return]
           ^^^^^^^^^^^^^^^^^^^
  File "/opt/homebrew/lib/python3.11/site-packages/sqlalchemy/engine/create.py", line 549, in create_engine
    u = _url.make_url(url)
        ^^^^^^^^^^^^^^^^^^
  File "/opt/homebrew/lib/python3.11/site-packages/sqlalchemy/engine/url.py", line 856, in make_url
    return _parse_url(name_or_url)
           ^^^^^^^^^^^^^^^^^^^^^^^
  File "/opt/homebrew/lib/python3.11/site-packages/sqlalchemy/engine/url.py", line 922, in _parse_url
    raise exc.ArgumentError(
sqlalchemy.exc.ArgumentError: Could not parse SQLAlchemy URL from string 'jdbc:postgresql://localhost:5432/postgres'
2025-10-01 23:17:00,946 - repository.user_repository - ERROR [user_repository.py:117] - Ошибка при получении пользователя по логину: (sqlalchemy.dialects.postgresql.asyncpg.ProgrammingError) <class 'asyncpg.exceptions.UndefinedColumnError'>: column "login" does not exist
[SQL: SELECT * FROM users WHERE login = $1]
[parameters: ('admin1',)]
(Background on this error at: https://sqlalche.me/e/20/f405)
Traceback (most recent call last):
  File "/opt/homebrew/lib/python3.11/site-packages/sqlalchemy/dialects/postgresql/asyncpg.py", line 521, in _prepare_and_execute
    prepared_stmt, attributes = await adapt_connection._prepare(
                                ^^^^^^^^^^^^^^^^^^^^^^^^^^^^^^^^
  File "/opt/homebrew/lib/python3.11/site-packages/sqlalchemy/dialects/postgresql/asyncpg.py", line 768, in _prepare
    prepared_stmt = await self._connection.prepare(
                    ^^^^^^^^^^^^^^^^^^^^^^^^^^^^^^^
  File "/opt/homebrew/lib/python3.11/site-packages/asyncpg/connection.py", line 635, in prepare
    return await self._prepare(
           ^^^^^^^^^^^^^^^^^^^^
  File "/opt/homebrew/lib/python3.11/site-packages/asyncpg/connection.py", line 653, in _prepare
    stmt = await self._get_statement(
           ^^^^^^^^^^^^^^^^^^^^^^^^^^
  File "/opt/homebrew/lib/python3.11/site-packages/asyncpg/connection.py", line 432, in _get_statement
    statement = await self._protocol.prepare(
                ^^^^^^^^^^^^^^^^^^^^^^^^^^^^^
  File "asyncpg/protocol/protocol.pyx", line 165, in prepare
asyncpg.exceptions.UndefinedColumnError: column "login" does not exist

The above exception was the direct cause of the following exception:

Traceback (most recent call last):
  File "/opt/homebrew/lib/python3.11/site-packages/sqlalchemy/engine/base.py", line 1964, in _exec_single_context
    self.dialect.do_execute(
  File "/opt/homebrew/lib/python3.11/site-packages/sqlalchemy/engine/default.py", line 945, in do_execute
    cursor.execute(statement, parameters)
  File "/opt/homebrew/lib/python3.11/site-packages/sqlalchemy/dialects/postgresql/asyncpg.py", line 580, in execute
    self._adapt_connection.await_(
  File "/opt/homebrew/lib/python3.11/site-packages/sqlalchemy/util/_concurrency_py3k.py", line 132, in await_only
    return current.parent.switch(awaitable)  # type: ignore[no-any-return,attr-defined] # noqa: E501
           ^^^^^^^^^^^^^^^^^^^^^^^^^^^^^^^^
  File "/opt/homebrew/lib/python3.11/site-packages/sqlalchemy/util/_concurrency_py3k.py", line 196, in greenlet_spawn
    value = await result
            ^^^^^^^^^^^^
  File "/opt/homebrew/lib/python3.11/site-packages/sqlalchemy/dialects/postgresql/asyncpg.py", line 558, in _prepare_and_execute
    self._handle_exception(error)
  File "/opt/homebrew/lib/python3.11/site-packages/sqlalchemy/dialects/postgresql/asyncpg.py", line 508, in _handle_exception
    self._adapt_connection._handle_exception(error)
  File "/opt/homebrew/lib/python3.11/site-packages/sqlalchemy/dialects/postgresql/asyncpg.py", line 792, in _handle_exception
    raise translated_error from error
sqlalchemy.dialects.postgresql.asyncpg.AsyncAdapt_asyncpg_dbapi.ProgrammingError: <class 'asyncpg.exceptions.UndefinedColumnError'>: column "login" does not exist

The above exception was the direct cause of the following exception:

Traceback (most recent call last):
  File "/Users/nastya/bauman/7_sem/web/src/repository/user_repository.py", line 99, in get_by_login
    result = await self.session.execute(query, {"login": login})
             ^^^^^^^^^^^^^^^^^^^^^^^^^^^^^^^^^^^^^^^^^^^^^^^^^^^
  File "/opt/homebrew/lib/python3.11/site-packages/sqlalchemy/ext/asyncio/session.py", line 463, in execute
    result = await greenlet_spawn(
             ^^^^^^^^^^^^^^^^^^^^^
  File "/opt/homebrew/lib/python3.11/site-packages/sqlalchemy/util/_concurrency_py3k.py", line 201, in greenlet_spawn
    result = context.throw(*sys.exc_info())
             ^^^^^^^^^^^^^^^^^^^^^^^^^^^^^^
  File "/opt/homebrew/lib/python3.11/site-packages/sqlalchemy/orm/session.py", line 2365, in execute
    return self._execute_internal(
           ^^^^^^^^^^^^^^^^^^^^^^^
  File "/opt/homebrew/lib/python3.11/site-packages/sqlalchemy/orm/session.py", line 2260, in _execute_internal
    result = conn.execute(
             ^^^^^^^^^^^^^
  File "/opt/homebrew/lib/python3.11/site-packages/sqlalchemy/engine/base.py", line 1416, in execute
    return meth(
           ^^^^^
  File "/opt/homebrew/lib/python3.11/site-packages/sqlalchemy/sql/elements.py", line 523, in _execute_on_connection
    return connection._execute_clauseelement(
           ^^^^^^^^^^^^^^^^^^^^^^^^^^^^^^^^^^
  File "/opt/homebrew/lib/python3.11/site-packages/sqlalchemy/engine/base.py", line 1638, in _execute_clauseelement
    ret = self._execute_context(
          ^^^^^^^^^^^^^^^^^^^^^^
  File "/opt/homebrew/lib/python3.11/site-packages/sqlalchemy/engine/base.py", line 1843, in _execute_context
    return self._exec_single_context(
           ^^^^^^^^^^^^^^^^^^^^^^^^^^
  File "/opt/homebrew/lib/python3.11/site-packages/sqlalchemy/engine/base.py", line 1983, in _exec_single_context
    self._handle_dbapi_exception(
  File "/opt/homebrew/lib/python3.11/site-packages/sqlalchemy/engine/base.py", line 2352, in _handle_dbapi_exception
    raise sqlalchemy_exception.with_traceback(exc_info[2]) from e
  File "/opt/homebrew/lib/python3.11/site-packages/sqlalchemy/engine/base.py", line 1964, in _exec_single_context
    self.dialect.do_execute(
  File "/opt/homebrew/lib/python3.11/site-packages/sqlalchemy/engine/default.py", line 945, in do_execute
    cursor.execute(statement, parameters)
  File "/opt/homebrew/lib/python3.11/site-packages/sqlalchemy/dialects/postgresql/asyncpg.py", line 580, in execute
    self._adapt_connection.await_(
  File "/opt/homebrew/lib/python3.11/site-packages/sqlalchemy/util/_concurrency_py3k.py", line 132, in await_only
    return current.parent.switch(awaitable)  # type: ignore[no-any-return,attr-defined] # noqa: E501
           ^^^^^^^^^^^^^^^^^^^^^^^^^^^^^^^^
  File "/opt/homebrew/lib/python3.11/site-packages/sqlalchemy/util/_concurrency_py3k.py", line 196, in greenlet_spawn
    value = await result
            ^^^^^^^^^^^^
  File "/opt/homebrew/lib/python3.11/site-packages/sqlalchemy/dialects/postgresql/asyncpg.py", line 558, in _prepare_and_execute
    self._handle_exception(error)
  File "/opt/homebrew/lib/python3.11/site-packages/sqlalchemy/dialects/postgresql/asyncpg.py", line 508, in _handle_exception
    self._adapt_connection._handle_exception(error)
  File "/opt/homebrew/lib/python3.11/site-packages/sqlalchemy/dialects/postgresql/asyncpg.py", line 792, in _handle_exception
    raise translated_error from error
sqlalchemy.exc.ProgrammingError: (sqlalchemy.dialects.postgresql.asyncpg.ProgrammingError) <class 'asyncpg.exceptions.UndefinedColumnError'>: column "login" does not exist
[SQL: SELECT * FROM users WHERE login = $1]
[parameters: ('admin1',)]
(Background on this error at: https://sqlalche.me/e/20/f405)
2025-10-01 23:17:00,954 - controllers.user_controller - ERROR [user_controller.py:121] - Ошибка при авторизации пользователя: 401: Invalid login or password
Traceback (most recent call last):
  File "/Users/nastya/bauman/7_sem/web/src/controllers/user_controller.py", line 109, in login
    raise HTTPException(status_code=401, detail="Invalid login or password")
fastapi.exceptions.HTTPException: 401: Invalid login or password
2025-10-01 23:18:30,992 - repository.user_repository - ERROR [user_repository.py:117] - Ошибка при получении пользователя по логину: Could not locate column in row for column 'is_admin'
Traceback (most recent call last):
  File "/Users/nastya/bauman/7_sem/web/src/repository/user_repository.py", line 113, in get_by_login
    is_admin=row["is_admin"]
             ~~~^^^^^^^^^^^^
  File "lib/sqlalchemy/cyextension/resultproxy.pyx", line 57, in sqlalchemy.cyextension.resultproxy.BaseRow._get_by_key_impl_mapping
  File "lib/sqlalchemy/cyextension/resultproxy.pyx", line 63, in sqlalchemy.cyextension.resultproxy.BaseRow._get_by_key_impl
  File "/opt/homebrew/lib/python3.11/site-packages/sqlalchemy/engine/result.py", line 203, in _key_not_found
    self._key_fallback(key, None)
  File "/opt/homebrew/lib/python3.11/site-packages/sqlalchemy/engine/cursor.py", line 825, in _key_fallback
    raise exc.NoSuchColumnError(
sqlalchemy.exc.NoSuchColumnError: Could not locate column in row for column 'is_admin'
2025-10-01 23:18:30,994 - controllers.user_controller - ERROR [user_controller.py:121] - Ошибка при авторизации пользователя: 401: Invalid login or password
Traceback (most recent call last):
  File "/Users/nastya/bauman/7_sem/web/src/controllers/user_controller.py", line 109, in login
    raise HTTPException(status_code=401, detail="Invalid login or password")
fastapi.exceptions.HTTPException: 401: Invalid login or password
2025-10-02 12:25:39,443 - routers.city - ERROR [city.py:49] - Ошибка при создании города: The `python-multipart` library must be installed to use form parsing.
2025-10-02 12:25:39,448 - src.main - ERROR [main.py:59] - Ошибка при обработке запроса: name 'HTTPException' is not defined
Traceback (most recent call last):
  File "/Users/nastya/bauman/7_sem/web/src/routers/city.py", line 30, in create_city
    form_data = await request.form()
                ^^^^^^^^^^^^^^^^^^^^
  File "/opt/homebrew/lib/python3.11/site-packages/starlette/requests.py", line 261, in _get_form
    assert parse_options_header is not None, (
           ^^^^^^^^^^^^^^^^^^^^^^^^^^^^^^^^
AssertionError: The `python-multipart` library must be installed to use form parsing.

During handling of the above exception, another exception occurred:

Traceback (most recent call last):
  File "/opt/homebrew/lib/python3.11/site-packages/starlette/middleware/errors.py", line 164, in __call__
    await self.app(scope, receive, _send)
  File "/opt/homebrew/lib/python3.11/site-packages/starlette/middleware/exceptions.py", line 63, in __call__
    await wrap_app_handling_exceptions(self.app, conn)(scope, receive, send)
  File "/opt/homebrew/lib/python3.11/site-packages/starlette/_exception_handler.py", line 53, in wrapped_app
    raise exc
  File "/opt/homebrew/lib/python3.11/site-packages/starlette/_exception_handler.py", line 42, in wrapped_app
    await app(scope, receive, sender)
  File "/opt/homebrew/lib/python3.11/site-packages/fastapi/middleware/asyncexitstack.py", line 18, in __call__
    await self.app(scope, receive, send)
  File "/opt/homebrew/lib/python3.11/site-packages/starlette/routing.py", line 716, in __call__
    await self.middleware_stack(scope, receive, send)
  File "/opt/homebrew/lib/python3.11/site-packages/starlette/routing.py", line 736, in app
    await route.handle(scope, receive, send)
  File "/opt/homebrew/lib/python3.11/site-packages/starlette/routing.py", line 290, in handle
    await self.app(scope, receive, send)
  File "/opt/homebrew/lib/python3.11/site-packages/fastapi/routing.py", line 123, in app
    await wrap_app_handling_exceptions(app, request)(scope, receive, send)
  File "/opt/homebrew/lib/python3.11/site-packages/starlette/_exception_handler.py", line 53, in wrapped_app
    raise exc
  File "/opt/homebrew/lib/python3.11/site-packages/starlette/_exception_handler.py", line 42, in wrapped_app
    await app(scope, receive, sender)
  File "/opt/homebrew/lib/python3.11/site-packages/fastapi/routing.py", line 109, in app
    response = await f(request)
               ^^^^^^^^^^^^^^^^
  File "/opt/homebrew/lib/python3.11/site-packages/fastapi/routing.py", line 387, in app
    raw_response = await run_endpoint_function(
                   ^^^^^^^^^^^^^^^^^^^^^^^^^^^^
  File "/opt/homebrew/lib/python3.11/site-packages/fastapi/routing.py", line 288, in run_endpoint_function
    return await dependant.call(**values)
           ^^^^^^^^^^^^^^^^^^^^^^^^^^^^^^
  File "/Users/nastya/bauman/7_sem/web/src/routers/city.py", line 50, in create_city
    raise HTTPException(
          ^^^^^^^^^^^^^
NameError: name 'HTTPException' is not defined
2025-10-02 12:29:10,776 - routers.city - ERROR [city.py:50] - Ошибка при создании города: name 'status' is not defined
2025-10-02 12:29:10,777 - src.main - ERROR [main.py:59] - Ошибка при обработке запроса: name 'status' is not defined
Traceback (most recent call last):
  File "/Users/nastya/bauman/7_sem/web/src/routers/city.py", line 36, in create_city
    status_code=status.HTTP_400_BAD_REQUEST,
                ^^^^^^
NameError: name 'status' is not defined

During handling of the above exception, another exception occurred:

Traceback (most recent call last):
  File "/opt/homebrew/lib/python3.11/site-packages/starlette/middleware/errors.py", line 164, in __call__
    await self.app(scope, receive, _send)
  File "/opt/homebrew/lib/python3.11/site-packages/starlette/middleware/exceptions.py", line 63, in __call__
    await wrap_app_handling_exceptions(self.app, conn)(scope, receive, send)
  File "/opt/homebrew/lib/python3.11/site-packages/starlette/_exception_handler.py", line 53, in wrapped_app
    raise exc
  File "/opt/homebrew/lib/python3.11/site-packages/starlette/_exception_handler.py", line 42, in wrapped_app
    await app(scope, receive, sender)
  File "/opt/homebrew/lib/python3.11/site-packages/fastapi/middleware/asyncexitstack.py", line 18, in __call__
    await self.app(scope, receive, send)
  File "/opt/homebrew/lib/python3.11/site-packages/starlette/routing.py", line 716, in __call__
    await self.middleware_stack(scope, receive, send)
  File "/opt/homebrew/lib/python3.11/site-packages/starlette/routing.py", line 736, in app
    await route.handle(scope, receive, send)
  File "/opt/homebrew/lib/python3.11/site-packages/starlette/routing.py", line 290, in handle
    await self.app(scope, receive, send)
  File "/opt/homebrew/lib/python3.11/site-packages/fastapi/routing.py", line 123, in app
    await wrap_app_handling_exceptions(app, request)(scope, receive, send)
  File "/opt/homebrew/lib/python3.11/site-packages/starlette/_exception_handler.py", line 53, in wrapped_app
    raise exc
  File "/opt/homebrew/lib/python3.11/site-packages/starlette/_exception_handler.py", line 42, in wrapped_app
    await app(scope, receive, sender)
  File "/opt/homebrew/lib/python3.11/site-packages/fastapi/routing.py", line 109, in app
    response = await f(request)
               ^^^^^^^^^^^^^^^^
  File "/opt/homebrew/lib/python3.11/site-packages/fastapi/routing.py", line 387, in app
    raw_response = await run_endpoint_function(
                   ^^^^^^^^^^^^^^^^^^^^^^^^^^^^
  File "/opt/homebrew/lib/python3.11/site-packages/fastapi/routing.py", line 288, in run_endpoint_function
    return await dependant.call(**values)
           ^^^^^^^^^^^^^^^^^^^^^^^^^^^^^^
  File "/Users/nastya/bauman/7_sem/web/src/routers/city.py", line 52, in create_city
    status_code=status.HTTP_500_INTERNAL_SERVER_ERROR,
                ^^^^^^
NameError: name 'status' is not defined
2025-10-02 12:29:39,789 - routers.city - ERROR [city.py:51] - Ошибка при создании города: 400: Name is required
2025-10-02 12:30:04,233 - routers.city - ERROR [city.py:51] - Ошибка при создании города: 400: Name is required
2025-10-02 12:41:31,624 - sqlalchemy.pool.impl.AsyncAdaptedQueuePool - ERROR [base.py:1032] - The garbage collector is trying to clean up non-checked-in connection <AdaptedConnection <asyncpg.connection.Connection object at 0x1066ab790>>, which will be terminated.  Please ensure that SQLAlchemy pooled connections are returned to the pool explicitly, either by calling ``close()`` or by using appropriate context managers to manage their lifecycle.
2025-10-02 12:41:31,625 - routers.city - ERROR [city.py:51] - Ошибка при создании города: name 'City' is not defined
2025-10-02 12:42:10,148 - sqlalchemy.pool.impl.AsyncAdaptedQueuePool - ERROR [base.py:1032] - The garbage collector is trying to clean up non-checked-in connection <AdaptedConnection <asyncpg.connection.Connection object at 0x104587790>>, which will be terminated.  Please ensure that SQLAlchemy pooled connections are returned to the pool explicitly, either by calling ``close()`` or by using appropriate context managers to manage their lifecycle.
2025-10-02 12:42:10,150 - routers.city - ERROR [city.py:48] - Ошибка при создании города: name 'City' is not defined
2025-10-02 12:43:20,757 - routers.city - ERROR [city.py:47] - Ошибка при создании города: 1 validation error for City
city_id
  Value error, city_id должен быть положительным числом [type=value_error, input_value=0, input_type=int]
    For further information visit https://errors.pydantic.dev/2.10/v/value_error
2025-10-02 12:43:38,789 - controllers.city_controller - ERROR [city_controller.py:30] - Ошибка при создании города: object str can't be used in 'await' expression
Traceback (most recent call last):
  File "/Users/nastya/bauman/7_sem/web/src/controllers/city_controller.py", line 23, in create_new_city
    data = await request.json()
           ^^^^^^^^^^^^^^^^^^^^
TypeError: object str can't be used in 'await' expression
2025-10-02 12:44:58,748 - routers.city - ERROR [city.py:47] - Ошибка при создании города: 'AwaitableOrContextManagerWrapper' object has no attribute 'get'
2025-10-02 12:45:14,696 - controllers.city_controller - ERROR [city_controller.py:30] - Ошибка при создании города: object str can't be used in 'await' expression
Traceback (most recent call last):
  File "/Users/nastya/bauman/7_sem/web/src/controllers/city_controller.py", line 23, in create_new_city
    data = await request.json()
           ^^^^^^^^^^^^^^^^^^^^
TypeError: object str can't be used in 'await' expression
2025-10-02 12:49:42,330 - controllers.city_controller - ERROR [city_controller.py:30] - Ошибка при создании города: 'dict' object has no attribute 'json'
Traceback (most recent call last):
  File "/Users/nastya/bauman/7_sem/web/src/controllers/city_controller.py", line 23, in create_new_city
    data = await request.json()
                 ^^^^^^^^^^^^
AttributeError: 'dict' object has no attribute 'json'
2025-10-02 12:49:42,331 - routers.city - ERROR [city.py:50] - Ошибка при создании города: 400: 'dict' object has no attribute 'json'
2025-10-02 12:51:22,215 - controllers.city_controller - ERROR [city_controller.py:30] - Ошибка при создании города: 'FormData' object has no attribute 'json'
Traceback (most recent call last):
  File "/Users/nastya/bauman/7_sem/web/src/controllers/city_controller.py", line 23, in create_new_city
    data = await request.json()
                 ^^^^^^^^^^^^
AttributeError: 'FormData' object has no attribute 'json'
2025-10-04 08:37:02,473 - sqlalchemy.pool.impl.AsyncAdaptedQueuePool - ERROR [base.py:1032] - The garbage collector is trying to clean up non-checked-in connection <AdaptedConnection <asyncpg.connection.Connection object at 0x1128bb790>>, which will be terminated.  Please ensure that SQLAlchemy pooled connections are returned to the pool explicitly, either by calling ``close()`` or by using appropriate context managers to manage their lifecycle.
2025-10-04 08:38:04,151 - sqlalchemy.pool.impl.AsyncAdaptedQueuePool - ERROR [base.py:1032] - The garbage collector is trying to clean up non-checked-in connection <AdaptedConnection <asyncpg.connection.Connection object at 0x1112bb6a0>>, which will be terminated.  Please ensure that SQLAlchemy pooled connections are returned to the pool explicitly, either by calling ``close()`` or by using appropriate context managers to manage their lifecycle.
2025-10-04 08:38:04,153 - routers.city - ERROR [city.py:44] - Ошибка при создании города: name 'name' is not defined
2025-10-04 08:38:29,796 - controllers.city_controller - ERROR [city_controller.py:30] - Ошибка при создании города: 'FormData' object has no attribute 'json'
Traceback (most recent call last):
  File "/Users/nastya/bauman/7_sem/web/src/controllers/city_controller.py", line 23, in create_new_city
    data = await request.json()
                 ^^^^^^^^^^^^
AttributeError: 'FormData' object has no attribute 'json'
2025-10-04 08:39:44,593 - sqlalchemy.pool.impl.AsyncAdaptedQueuePool - ERROR [base.py:1032] - The garbage collector is trying to clean up non-checked-in connection <AdaptedConnection <asyncpg.connection.Connection object at 0x106ebb790>>, which will be terminated.  Please ensure that SQLAlchemy pooled connections are returned to the pool explicitly, either by calling ``close()`` or by using appropriate context managers to manage their lifecycle.
2025-10-04 08:39:49,138 - controllers.city_controller - ERROR [city_controller.py:30] - Ошибка при создании города: 'FormData' object has no attribute 'form'
Traceback (most recent call last):
  File "/Users/nastya/bauman/7_sem/web/src/controllers/city_controller.py", line 23, in create_new_city
    data = await request.form()
                 ^^^^^^^^^^^^
AttributeError: 'FormData' object has no attribute 'form'
2025-10-04 08:41:50,361 - sqlalchemy.pool.impl.AsyncAdaptedQueuePool - ERROR [base.py:1032] - The garbage collector is trying to clean up non-checked-in connection <AdaptedConnection <asyncpg.connection.Connection object at 0x106653790>>, which will be terminated.  Please ensure that SQLAlchemy pooled connections are returned to the pool explicitly, either by calling ``close()`` or by using appropriate context managers to manage their lifecycle.
2025-10-04 08:41:50,363 - controllers.city_controller - ERROR [city_controller.py:31] - Ошибка при создании города: 'FormData' object has no attribute 'form'
Traceback (most recent call last):
  File "/Users/nastya/bauman/7_sem/web/src/controllers/city_controller.py", line 23, in create_new_city
    data = await request.form()
                 ^^^^^^^^^^^^
AttributeError: 'FormData' object has no attribute 'form'
2025-10-04 08:42:40,608 - sqlalchemy.pool.impl.AsyncAdaptedQueuePool - ERROR [base.py:1032] - The garbage collector is trying to clean up non-checked-in connection <AdaptedConnection <asyncpg.connection.Connection object at 0x108427790>>, which will be terminated.  Please ensure that SQLAlchemy pooled connections are returned to the pool explicitly, either by calling ``close()`` or by using appropriate context managers to manage their lifecycle.
2025-10-04 08:42:40,610 - controllers.city_controller - ERROR [city_controller.py:31] - Ошибка при создании города: 'FormData' object does not support item assignment
Traceback (most recent call last):
  File "/Users/nastya/bauman/7_sem/web/src/controllers/city_controller.py", line 24, in create_new_city
    data["city_id"] = data.get("city_id")
    ~~~~^^^^^^^^^^^
TypeError: 'FormData' object does not support item assignment
2025-10-04 08:43:53,199 - controllers.city_controller - ERROR [city_controller.py:34] - Ошибка при создании города: 1 validation error for City
city_id
  Input should be a valid integer [type=int_type, input_value=None, input_type=NoneType]
    For further information visit https://errors.pydantic.dev/2.10/v/int_type
Traceback (most recent call last):
  File "/Users/nastya/bauman/7_sem/web/src/controllers/city_controller.py", line 29, in create_new_city
    city = City(**data)
           ^^^^^^^^^^^^
  File "/opt/homebrew/lib/python3.11/site-packages/pydantic/main.py", line 214, in __init__
    validated_self = self.__pydantic_validator__.validate_python(data, self_instance=self)
                     ^^^^^^^^^^^^^^^^^^^^^^^^^^^^^^^^^^^^^^^^^^^^^^^^^^^^^^^^^^^^^^^^^^^^^
pydantic_core._pydantic_core.ValidationError: 1 validation error for City
city_id
  Input should be a valid integer [type=int_type, input_value=None, input_type=NoneType]
    For further information visit https://errors.pydantic.dev/2.10/v/int_type
2025-10-04 08:44:33,063 - sqlalchemy.pool.impl.AsyncAdaptedQueuePool - ERROR [base.py:1032] - The garbage collector is trying to clean up non-checked-in connection <AdaptedConnection <asyncpg.connection.Connection object at 0x103fa3790>>, which will be terminated.  Please ensure that SQLAlchemy pooled connections are returned to the pool explicitly, either by calling ``close()`` or by using appropriate context managers to manage their lifecycle.
2025-10-04 08:44:33,065 - controllers.city_controller - ERROR [city_controller.py:34] - Ошибка при создании города: int() argument must be a string, a bytes-like object or a real number, not 'NoneType'
Traceback (most recent call last):
  File "/Users/nastya/bauman/7_sem/web/src/controllers/city_controller.py", line 26, in create_new_city
    "city_id": int(city_id),
               ^^^^^^^^^^^^
TypeError: int() argument must be a string, a bytes-like object or a real number, not 'NoneType'
2025-10-04 08:44:55,044 - controllers.city_controller - ERROR [city_controller.py:34] - Ошибка при создании города: 1 validation error for City
city_id
  Input should be a valid integer [type=int_type, input_value=None, input_type=NoneType]
    For further information visit https://errors.pydantic.dev/2.10/v/int_type
Traceback (most recent call last):
  File "/Users/nastya/bauman/7_sem/web/src/controllers/city_controller.py", line 29, in create_new_city
    city = City(**data)
           ^^^^^^^^^^^^
  File "/opt/homebrew/lib/python3.11/site-packages/pydantic/main.py", line 214, in __init__
    validated_self = self.__pydantic_validator__.validate_python(data, self_instance=self)
                     ^^^^^^^^^^^^^^^^^^^^^^^^^^^^^^^^^^^^^^^^^^^^^^^^^^^^^^^^^^^^^^^^^^^^^
pydantic_core._pydantic_core.ValidationError: 1 validation error for City
city_id
  Input should be a valid integer [type=int_type, input_value=None, input_type=NoneType]
    For further information visit https://errors.pydantic.dev/2.10/v/int_type
2025-10-04 08:45:34,021 - sqlalchemy.pool.impl.AsyncAdaptedQueuePool - ERROR [base.py:1032] - The garbage collector is trying to clean up non-checked-in connection <AdaptedConnection <asyncpg.connection.Connection object at 0x108cbb790>>, which will be terminated.  Please ensure that SQLAlchemy pooled connections are returned to the pool explicitly, either by calling ``close()`` or by using appropriate context managers to manage their lifecycle.
2025-10-04 08:45:34,039 - repository.city_repository - ERROR [city_repository.py:73] - Ошибка при добавлении города 'Новокузнецк': (sqlalchemy.dialects.postgresql.asyncpg.ProgrammingError) <class 'asyncpg.exceptions.UndefinedColumnError'>: column "id" does not exist
[SQL: 
            INSERT INTO city (name)
            VALUES ($1)
            RETURNING id
        ]
[parameters: ('Новокузнецк',)]
(Background on this error at: https://sqlalche.me/e/20/f405)
Traceback (most recent call last):
  File "/opt/homebrew/lib/python3.11/site-packages/sqlalchemy/dialects/postgresql/asyncpg.py", line 521, in _prepare_and_execute
    prepared_stmt, attributes = await adapt_connection._prepare(
                                ^^^^^^^^^^^^^^^^^^^^^^^^^^^^^^^^
  File "/opt/homebrew/lib/python3.11/site-packages/sqlalchemy/dialects/postgresql/asyncpg.py", line 768, in _prepare
    prepared_stmt = await self._connection.prepare(
                    ^^^^^^^^^^^^^^^^^^^^^^^^^^^^^^^
  File "/opt/homebrew/lib/python3.11/site-packages/asyncpg/connection.py", line 635, in prepare
    return await self._prepare(
           ^^^^^^^^^^^^^^^^^^^^
  File "/opt/homebrew/lib/python3.11/site-packages/asyncpg/connection.py", line 653, in _prepare
    stmt = await self._get_statement(
           ^^^^^^^^^^^^^^^^^^^^^^^^^^
  File "/opt/homebrew/lib/python3.11/site-packages/asyncpg/connection.py", line 432, in _get_statement
    statement = await self._protocol.prepare(
                ^^^^^^^^^^^^^^^^^^^^^^^^^^^^^
  File "asyncpg/protocol/protocol.pyx", line 165, in prepare
asyncpg.exceptions.UndefinedColumnError: column "id" does not exist

The above exception was the direct cause of the following exception:

Traceback (most recent call last):
  File "/opt/homebrew/lib/python3.11/site-packages/sqlalchemy/engine/base.py", line 1964, in _exec_single_context
    self.dialect.do_execute(
  File "/opt/homebrew/lib/python3.11/site-packages/sqlalchemy/engine/default.py", line 945, in do_execute
    cursor.execute(statement, parameters)
  File "/opt/homebrew/lib/python3.11/site-packages/sqlalchemy/dialects/postgresql/asyncpg.py", line 580, in execute
    self._adapt_connection.await_(
  File "/opt/homebrew/lib/python3.11/site-packages/sqlalchemy/util/_concurrency_py3k.py", line 132, in await_only
    return current.parent.switch(awaitable)  # type: ignore[no-any-return,attr-defined] # noqa: E501
           ^^^^^^^^^^^^^^^^^^^^^^^^^^^^^^^^
  File "/opt/homebrew/lib/python3.11/site-packages/sqlalchemy/util/_concurrency_py3k.py", line 196, in greenlet_spawn
    value = await result
            ^^^^^^^^^^^^
  File "/opt/homebrew/lib/python3.11/site-packages/sqlalchemy/dialects/postgresql/asyncpg.py", line 558, in _prepare_and_execute
    self._handle_exception(error)
  File "/opt/homebrew/lib/python3.11/site-packages/sqlalchemy/dialects/postgresql/asyncpg.py", line 508, in _handle_exception
    self._adapt_connection._handle_exception(error)
  File "/opt/homebrew/lib/python3.11/site-packages/sqlalchemy/dialects/postgresql/asyncpg.py", line 792, in _handle_exception
    raise translated_error from error
sqlalchemy.dialects.postgresql.asyncpg.AsyncAdapt_asyncpg_dbapi.ProgrammingError: <class 'asyncpg.exceptions.UndefinedColumnError'>: column "id" does not exist

The above exception was the direct cause of the following exception:

Traceback (most recent call last):
  File "/Users/nastya/bauman/7_sem/web/src/repository/city_repository.py", line 63, in add
    row = await self.session.execute(query, {"name": city.name})
          ^^^^^^^^^^^^^^^^^^^^^^^^^^^^^^^^^^^^^^^^^^^^^^^^^^^^^^
  File "/opt/homebrew/lib/python3.11/site-packages/sqlalchemy/ext/asyncio/session.py", line 463, in execute
    result = await greenlet_spawn(
             ^^^^^^^^^^^^^^^^^^^^^
  File "/opt/homebrew/lib/python3.11/site-packages/sqlalchemy/util/_concurrency_py3k.py", line 201, in greenlet_spawn
    result = context.throw(*sys.exc_info())
             ^^^^^^^^^^^^^^^^^^^^^^^^^^^^^^
  File "/opt/homebrew/lib/python3.11/site-packages/sqlalchemy/orm/session.py", line 2365, in execute
    return self._execute_internal(
           ^^^^^^^^^^^^^^^^^^^^^^^
  File "/opt/homebrew/lib/python3.11/site-packages/sqlalchemy/orm/session.py", line 2260, in _execute_internal
    result = conn.execute(
             ^^^^^^^^^^^^^
  File "/opt/homebrew/lib/python3.11/site-packages/sqlalchemy/engine/base.py", line 1416, in execute
    return meth(
           ^^^^^
  File "/opt/homebrew/lib/python3.11/site-packages/sqlalchemy/sql/elements.py", line 523, in _execute_on_connection
    return connection._execute_clauseelement(
           ^^^^^^^^^^^^^^^^^^^^^^^^^^^^^^^^^^
  File "/opt/homebrew/lib/python3.11/site-packages/sqlalchemy/engine/base.py", line 1638, in _execute_clauseelement
    ret = self._execute_context(
          ^^^^^^^^^^^^^^^^^^^^^^
  File "/opt/homebrew/lib/python3.11/site-packages/sqlalchemy/engine/base.py", line 1843, in _execute_context
    return self._exec_single_context(
           ^^^^^^^^^^^^^^^^^^^^^^^^^^
  File "/opt/homebrew/lib/python3.11/site-packages/sqlalchemy/engine/base.py", line 1983, in _exec_single_context
    self._handle_dbapi_exception(
  File "/opt/homebrew/lib/python3.11/site-packages/sqlalchemy/engine/base.py", line 2352, in _handle_dbapi_exception
    raise sqlalchemy_exception.with_traceback(exc_info[2]) from e
  File "/opt/homebrew/lib/python3.11/site-packages/sqlalchemy/engine/base.py", line 1964, in _exec_single_context
    self.dialect.do_execute(
  File "/opt/homebrew/lib/python3.11/site-packages/sqlalchemy/engine/default.py", line 945, in do_execute
    cursor.execute(statement, parameters)
  File "/opt/homebrew/lib/python3.11/site-packages/sqlalchemy/dialects/postgresql/asyncpg.py", line 580, in execute
    self._adapt_connection.await_(
  File "/opt/homebrew/lib/python3.11/site-packages/sqlalchemy/util/_concurrency_py3k.py", line 132, in await_only
    return current.parent.switch(awaitable)  # type: ignore[no-any-return,attr-defined] # noqa: E501
           ^^^^^^^^^^^^^^^^^^^^^^^^^^^^^^^^
  File "/opt/homebrew/lib/python3.11/site-packages/sqlalchemy/util/_concurrency_py3k.py", line 196, in greenlet_spawn
    value = await result
            ^^^^^^^^^^^^
  File "/opt/homebrew/lib/python3.11/site-packages/sqlalchemy/dialects/postgresql/asyncpg.py", line 558, in _prepare_and_execute
    self._handle_exception(error)
  File "/opt/homebrew/lib/python3.11/site-packages/sqlalchemy/dialects/postgresql/asyncpg.py", line 508, in _handle_exception
    self._adapt_connection._handle_exception(error)
  File "/opt/homebrew/lib/python3.11/site-packages/sqlalchemy/dialects/postgresql/asyncpg.py", line 792, in _handle_exception
    raise translated_error from error
sqlalchemy.exc.ProgrammingError: (sqlalchemy.dialects.postgresql.asyncpg.ProgrammingError) <class 'asyncpg.exceptions.UndefinedColumnError'>: column "id" does not exist
[SQL: 
            INSERT INTO city (name)
            VALUES ($1)
            RETURNING id
        ]
[parameters: ('Новокузнецк',)]
(Background on this error at: https://sqlalche.me/e/20/f405)
2025-10-04 08:45:34,048 - services.city_service - ERROR [city_service.py:31] - Город c таким ID 1 уже существует.
2025-10-04 08:45:34,048 - controllers.city_controller - ERROR [city_controller.py:34] - Ошибка при создании города: Город c таким ID уже существует.
Traceback (most recent call last):
  File "/opt/homebrew/lib/python3.11/site-packages/sqlalchemy/dialects/postgresql/asyncpg.py", line 521, in _prepare_and_execute
    prepared_stmt, attributes = await adapt_connection._prepare(
                                ^^^^^^^^^^^^^^^^^^^^^^^^^^^^^^^^
  File "/opt/homebrew/lib/python3.11/site-packages/sqlalchemy/dialects/postgresql/asyncpg.py", line 768, in _prepare
    prepared_stmt = await self._connection.prepare(
                    ^^^^^^^^^^^^^^^^^^^^^^^^^^^^^^^
  File "/opt/homebrew/lib/python3.11/site-packages/asyncpg/connection.py", line 635, in prepare
    return await self._prepare(
           ^^^^^^^^^^^^^^^^^^^^
  File "/opt/homebrew/lib/python3.11/site-packages/asyncpg/connection.py", line 653, in _prepare
    stmt = await self._get_statement(
           ^^^^^^^^^^^^^^^^^^^^^^^^^^
  File "/opt/homebrew/lib/python3.11/site-packages/asyncpg/connection.py", line 432, in _get_statement
    statement = await self._protocol.prepare(
                ^^^^^^^^^^^^^^^^^^^^^^^^^^^^^
  File "asyncpg/protocol/protocol.pyx", line 165, in prepare
asyncpg.exceptions.UndefinedColumnError: column "id" does not exist

The above exception was the direct cause of the following exception:

Traceback (most recent call last):
  File "/opt/homebrew/lib/python3.11/site-packages/sqlalchemy/engine/base.py", line 1964, in _exec_single_context
    self.dialect.do_execute(
  File "/opt/homebrew/lib/python3.11/site-packages/sqlalchemy/engine/default.py", line 945, in do_execute
    cursor.execute(statement, parameters)
  File "/opt/homebrew/lib/python3.11/site-packages/sqlalchemy/dialects/postgresql/asyncpg.py", line 580, in execute
    self._adapt_connection.await_(
  File "/opt/homebrew/lib/python3.11/site-packages/sqlalchemy/util/_concurrency_py3k.py", line 132, in await_only
    return current.parent.switch(awaitable)  # type: ignore[no-any-return,attr-defined] # noqa: E501
           ^^^^^^^^^^^^^^^^^^^^^^^^^^^^^^^^
  File "/opt/homebrew/lib/python3.11/site-packages/sqlalchemy/util/_concurrency_py3k.py", line 196, in greenlet_spawn
    value = await result
            ^^^^^^^^^^^^
  File "/opt/homebrew/lib/python3.11/site-packages/sqlalchemy/dialects/postgresql/asyncpg.py", line 558, in _prepare_and_execute
    self._handle_exception(error)
  File "/opt/homebrew/lib/python3.11/site-packages/sqlalchemy/dialects/postgresql/asyncpg.py", line 508, in _handle_exception
    self._adapt_connection._handle_exception(error)
  File "/opt/homebrew/lib/python3.11/site-packages/sqlalchemy/dialects/postgresql/asyncpg.py", line 792, in _handle_exception
    raise translated_error from error
sqlalchemy.dialects.postgresql.asyncpg.AsyncAdapt_asyncpg_dbapi.ProgrammingError: <class 'asyncpg.exceptions.UndefinedColumnError'>: column "id" does not exist

The above exception was the direct cause of the following exception:

Traceback (most recent call last):
  File "/Users/nastya/bauman/7_sem/web/src/services/city_service.py", line 29, in add
    city = await self.repository.add(city)
           ^^^^^^^^^^^^^^^^^^^^^^^^^^^^^^^
  File "/Users/nastya/bauman/7_sem/web/src/repository/city_repository.py", line 63, in add
    row = await self.session.execute(query, {"name": city.name})
          ^^^^^^^^^^^^^^^^^^^^^^^^^^^^^^^^^^^^^^^^^^^^^^^^^^^^^^
  File "/opt/homebrew/lib/python3.11/site-packages/sqlalchemy/ext/asyncio/session.py", line 463, in execute
    result = await greenlet_spawn(
             ^^^^^^^^^^^^^^^^^^^^^
  File "/opt/homebrew/lib/python3.11/site-packages/sqlalchemy/util/_concurrency_py3k.py", line 201, in greenlet_spawn
    result = context.throw(*sys.exc_info())
             ^^^^^^^^^^^^^^^^^^^^^^^^^^^^^^
  File "/opt/homebrew/lib/python3.11/site-packages/sqlalchemy/orm/session.py", line 2365, in execute
    return self._execute_internal(
           ^^^^^^^^^^^^^^^^^^^^^^^
  File "/opt/homebrew/lib/python3.11/site-packages/sqlalchemy/orm/session.py", line 2260, in _execute_internal
    result = conn.execute(
             ^^^^^^^^^^^^^
  File "/opt/homebrew/lib/python3.11/site-packages/sqlalchemy/engine/base.py", line 1416, in execute
    return meth(
           ^^^^^
  File "/opt/homebrew/lib/python3.11/site-packages/sqlalchemy/sql/elements.py", line 523, in _execute_on_connection
    return connection._execute_clauseelement(
           ^^^^^^^^^^^^^^^^^^^^^^^^^^^^^^^^^^
  File "/opt/homebrew/lib/python3.11/site-packages/sqlalchemy/engine/base.py", line 1638, in _execute_clauseelement
    ret = self._execute_context(
          ^^^^^^^^^^^^^^^^^^^^^^
  File "/opt/homebrew/lib/python3.11/site-packages/sqlalchemy/engine/base.py", line 1843, in _execute_context
    return self._exec_single_context(
           ^^^^^^^^^^^^^^^^^^^^^^^^^^
  File "/opt/homebrew/lib/python3.11/site-packages/sqlalchemy/engine/base.py", line 1983, in _exec_single_context
    self._handle_dbapi_exception(
  File "/opt/homebrew/lib/python3.11/site-packages/sqlalchemy/engine/base.py", line 2352, in _handle_dbapi_exception
    raise sqlalchemy_exception.with_traceback(exc_info[2]) from e
  File "/opt/homebrew/lib/python3.11/site-packages/sqlalchemy/engine/base.py", line 1964, in _exec_single_context
    self.dialect.do_execute(
  File "/opt/homebrew/lib/python3.11/site-packages/sqlalchemy/engine/default.py", line 945, in do_execute
    cursor.execute(statement, parameters)
  File "/opt/homebrew/lib/python3.11/site-packages/sqlalchemy/dialects/postgresql/asyncpg.py", line 580, in execute
    self._adapt_connection.await_(
  File "/opt/homebrew/lib/python3.11/site-packages/sqlalchemy/util/_concurrency_py3k.py", line 132, in await_only
    return current.parent.switch(awaitable)  # type: ignore[no-any-return,attr-defined] # noqa: E501
           ^^^^^^^^^^^^^^^^^^^^^^^^^^^^^^^^
  File "/opt/homebrew/lib/python3.11/site-packages/sqlalchemy/util/_concurrency_py3k.py", line 196, in greenlet_spawn
    value = await result
            ^^^^^^^^^^^^
  File "/opt/homebrew/lib/python3.11/site-packages/sqlalchemy/dialects/postgresql/asyncpg.py", line 558, in _prepare_and_execute
    self._handle_exception(error)
  File "/opt/homebrew/lib/python3.11/site-packages/sqlalchemy/dialects/postgresql/asyncpg.py", line 508, in _handle_exception
    self._adapt_connection._handle_exception(error)
  File "/opt/homebrew/lib/python3.11/site-packages/sqlalchemy/dialects/postgresql/asyncpg.py", line 792, in _handle_exception
    raise translated_error from error
sqlalchemy.exc.ProgrammingError: (sqlalchemy.dialects.postgresql.asyncpg.ProgrammingError) <class 'asyncpg.exceptions.UndefinedColumnError'>: column "id" does not exist
[SQL: 
            INSERT INTO city (name)
            VALUES ($1)
            RETURNING id
        ]
[parameters: ('Новокузнецк',)]
(Background on this error at: https://sqlalche.me/e/20/f405)

During handling of the above exception, another exception occurred:

Traceback (most recent call last):
  File "/Users/nastya/bauman/7_sem/web/src/controllers/city_controller.py", line 30, in create_new_city
    await self.city_service.add(city)
  File "/Users/nastya/bauman/7_sem/web/src/services/city_service.py", line 32, in add
    raise ValueError("Город c таким ID уже существует.")
ValueError: Город c таким ID уже существует.
2025-10-04 08:48:35,051 - controllers.city_controller - ERROR [city_controller.py:34] - Ошибка при создании города: 1 validation error for City
city_id
  Input should be a valid integer [type=int_type, input_value=None, input_type=NoneType]
    For further information visit https://errors.pydantic.dev/2.10/v/int_type
Traceback (most recent call last):
  File "/Users/nastya/bauman/7_sem/web/src/controllers/city_controller.py", line 29, in create_new_city
    city = City(**data)
           ^^^^^^^^^^^^
  File "/opt/homebrew/lib/python3.11/site-packages/pydantic/main.py", line 214, in __init__
    validated_self = self.__pydantic_validator__.validate_python(data, self_instance=self)
                     ^^^^^^^^^^^^^^^^^^^^^^^^^^^^^^^^^^^^^^^^^^^^^^^^^^^^^^^^^^^^^^^^^^^^^
pydantic_core._pydantic_core.ValidationError: 1 validation error for City
city_id
  Input should be a valid integer [type=int_type, input_value=None, input_type=NoneType]
    For further information visit https://errors.pydantic.dev/2.10/v/int_type
2025-10-04 08:48:54,492 - controllers.city_controller - ERROR [city_controller.py:34] - Ошибка при создании города: 1 validation error for City
city_id
  Field required [type=missing, input_value={'name': 'Новокузнецк'}, input_type=dict]
    For further information visit https://errors.pydantic.dev/2.10/v/missing
Traceback (most recent call last):
  File "/Users/nastya/bauman/7_sem/web/src/controllers/city_controller.py", line 29, in create_new_city
    city = City(**data)
           ^^^^^^^^^^^^
  File "/opt/homebrew/lib/python3.11/site-packages/pydantic/main.py", line 214, in __init__
    validated_self = self.__pydantic_validator__.validate_python(data, self_instance=self)
                     ^^^^^^^^^^^^^^^^^^^^^^^^^^^^^^^^^^^^^^^^^^^^^^^^^^^^^^^^^^^^^^^^^^^^^
pydantic_core._pydantic_core.ValidationError: 1 validation error for City
city_id
  Field required [type=missing, input_value={'name': 'Новокузнецк'}, input_type=dict]
    For further information visit https://errors.pydantic.dev/2.10/v/missing
2025-10-04 08:49:48,108 - repository.city_repository - ERROR [city_repository.py:73] - Ошибка при добавлении города 'Новокузнецк': (sqlalchemy.dialects.postgresql.asyncpg.ProgrammingError) <class 'asyncpg.exceptions.UndefinedColumnError'>: column "id" does not exist
[SQL: 
            INSERT INTO city (name)
            VALUES ($1)
            RETURNING id
        ]
[parameters: ('Новокузнецк',)]
(Background on this error at: https://sqlalche.me/e/20/f405)
Traceback (most recent call last):
  File "/opt/homebrew/lib/python3.11/site-packages/sqlalchemy/dialects/postgresql/asyncpg.py", line 521, in _prepare_and_execute
    prepared_stmt, attributes = await adapt_connection._prepare(
                                ^^^^^^^^^^^^^^^^^^^^^^^^^^^^^^^^
  File "/opt/homebrew/lib/python3.11/site-packages/sqlalchemy/dialects/postgresql/asyncpg.py", line 768, in _prepare
    prepared_stmt = await self._connection.prepare(
                    ^^^^^^^^^^^^^^^^^^^^^^^^^^^^^^^
  File "/opt/homebrew/lib/python3.11/site-packages/asyncpg/connection.py", line 635, in prepare
    return await self._prepare(
           ^^^^^^^^^^^^^^^^^^^^
  File "/opt/homebrew/lib/python3.11/site-packages/asyncpg/connection.py", line 653, in _prepare
    stmt = await self._get_statement(
           ^^^^^^^^^^^^^^^^^^^^^^^^^^
  File "/opt/homebrew/lib/python3.11/site-packages/asyncpg/connection.py", line 432, in _get_statement
    statement = await self._protocol.prepare(
                ^^^^^^^^^^^^^^^^^^^^^^^^^^^^^
  File "asyncpg/protocol/protocol.pyx", line 165, in prepare
asyncpg.exceptions.UndefinedColumnError: column "id" does not exist

The above exception was the direct cause of the following exception:

Traceback (most recent call last):
  File "/opt/homebrew/lib/python3.11/site-packages/sqlalchemy/engine/base.py", line 1964, in _exec_single_context
    self.dialect.do_execute(
  File "/opt/homebrew/lib/python3.11/site-packages/sqlalchemy/engine/default.py", line 945, in do_execute
    cursor.execute(statement, parameters)
  File "/opt/homebrew/lib/python3.11/site-packages/sqlalchemy/dialects/postgresql/asyncpg.py", line 580, in execute
    self._adapt_connection.await_(
  File "/opt/homebrew/lib/python3.11/site-packages/sqlalchemy/util/_concurrency_py3k.py", line 132, in await_only
    return current.parent.switch(awaitable)  # type: ignore[no-any-return,attr-defined] # noqa: E501
           ^^^^^^^^^^^^^^^^^^^^^^^^^^^^^^^^
  File "/opt/homebrew/lib/python3.11/site-packages/sqlalchemy/util/_concurrency_py3k.py", line 196, in greenlet_spawn
    value = await result
            ^^^^^^^^^^^^
  File "/opt/homebrew/lib/python3.11/site-packages/sqlalchemy/dialects/postgresql/asyncpg.py", line 558, in _prepare_and_execute
    self._handle_exception(error)
  File "/opt/homebrew/lib/python3.11/site-packages/sqlalchemy/dialects/postgresql/asyncpg.py", line 508, in _handle_exception
    self._adapt_connection._handle_exception(error)
  File "/opt/homebrew/lib/python3.11/site-packages/sqlalchemy/dialects/postgresql/asyncpg.py", line 792, in _handle_exception
    raise translated_error from error
sqlalchemy.dialects.postgresql.asyncpg.AsyncAdapt_asyncpg_dbapi.ProgrammingError: <class 'asyncpg.exceptions.UndefinedColumnError'>: column "id" does not exist

The above exception was the direct cause of the following exception:

Traceback (most recent call last):
  File "/Users/nastya/bauman/7_sem/web/src/repository/city_repository.py", line 63, in add
    row = await self.session.execute(query, {"name": city.name})
          ^^^^^^^^^^^^^^^^^^^^^^^^^^^^^^^^^^^^^^^^^^^^^^^^^^^^^^
  File "/opt/homebrew/lib/python3.11/site-packages/sqlalchemy/ext/asyncio/session.py", line 463, in execute
    result = await greenlet_spawn(
             ^^^^^^^^^^^^^^^^^^^^^
  File "/opt/homebrew/lib/python3.11/site-packages/sqlalchemy/util/_concurrency_py3k.py", line 201, in greenlet_spawn
    result = context.throw(*sys.exc_info())
             ^^^^^^^^^^^^^^^^^^^^^^^^^^^^^^
  File "/opt/homebrew/lib/python3.11/site-packages/sqlalchemy/orm/session.py", line 2365, in execute
    return self._execute_internal(
           ^^^^^^^^^^^^^^^^^^^^^^^
  File "/opt/homebrew/lib/python3.11/site-packages/sqlalchemy/orm/session.py", line 2260, in _execute_internal
    result = conn.execute(
             ^^^^^^^^^^^^^
  File "/opt/homebrew/lib/python3.11/site-packages/sqlalchemy/engine/base.py", line 1416, in execute
    return meth(
           ^^^^^
  File "/opt/homebrew/lib/python3.11/site-packages/sqlalchemy/sql/elements.py", line 523, in _execute_on_connection
    return connection._execute_clauseelement(
           ^^^^^^^^^^^^^^^^^^^^^^^^^^^^^^^^^^
  File "/opt/homebrew/lib/python3.11/site-packages/sqlalchemy/engine/base.py", line 1638, in _execute_clauseelement
    ret = self._execute_context(
          ^^^^^^^^^^^^^^^^^^^^^^
  File "/opt/homebrew/lib/python3.11/site-packages/sqlalchemy/engine/base.py", line 1843, in _execute_context
    return self._exec_single_context(
           ^^^^^^^^^^^^^^^^^^^^^^^^^^
  File "/opt/homebrew/lib/python3.11/site-packages/sqlalchemy/engine/base.py", line 1983, in _exec_single_context
    self._handle_dbapi_exception(
  File "/opt/homebrew/lib/python3.11/site-packages/sqlalchemy/engine/base.py", line 2352, in _handle_dbapi_exception
    raise sqlalchemy_exception.with_traceback(exc_info[2]) from e
  File "/opt/homebrew/lib/python3.11/site-packages/sqlalchemy/engine/base.py", line 1964, in _exec_single_context
    self.dialect.do_execute(
  File "/opt/homebrew/lib/python3.11/site-packages/sqlalchemy/engine/default.py", line 945, in do_execute
    cursor.execute(statement, parameters)
  File "/opt/homebrew/lib/python3.11/site-packages/sqlalchemy/dialects/postgresql/asyncpg.py", line 580, in execute
    self._adapt_connection.await_(
  File "/opt/homebrew/lib/python3.11/site-packages/sqlalchemy/util/_concurrency_py3k.py", line 132, in await_only
    return current.parent.switch(awaitable)  # type: ignore[no-any-return,attr-defined] # noqa: E501
           ^^^^^^^^^^^^^^^^^^^^^^^^^^^^^^^^
  File "/opt/homebrew/lib/python3.11/site-packages/sqlalchemy/util/_concurrency_py3k.py", line 196, in greenlet_spawn
    value = await result
            ^^^^^^^^^^^^
  File "/opt/homebrew/lib/python3.11/site-packages/sqlalchemy/dialects/postgresql/asyncpg.py", line 558, in _prepare_and_execute
    self._handle_exception(error)
  File "/opt/homebrew/lib/python3.11/site-packages/sqlalchemy/dialects/postgresql/asyncpg.py", line 508, in _handle_exception
    self._adapt_connection._handle_exception(error)
  File "/opt/homebrew/lib/python3.11/site-packages/sqlalchemy/dialects/postgresql/asyncpg.py", line 792, in _handle_exception
    raise translated_error from error
sqlalchemy.exc.ProgrammingError: (sqlalchemy.dialects.postgresql.asyncpg.ProgrammingError) <class 'asyncpg.exceptions.UndefinedColumnError'>: column "id" does not exist
[SQL: 
            INSERT INTO city (name)
            VALUES ($1)
            RETURNING id
        ]
[parameters: ('Новокузнецк',)]
(Background on this error at: https://sqlalche.me/e/20/f405)
2025-10-04 08:49:48,125 - controllers.city_controller - ERROR [city_controller.py:34] - Ошибка при создании города: Город c таким ID уже существует.
Traceback (most recent call last):
  File "/opt/homebrew/lib/python3.11/site-packages/sqlalchemy/dialects/postgresql/asyncpg.py", line 521, in _prepare_and_execute
    prepared_stmt, attributes = await adapt_connection._prepare(
                                ^^^^^^^^^^^^^^^^^^^^^^^^^^^^^^^^
  File "/opt/homebrew/lib/python3.11/site-packages/sqlalchemy/dialects/postgresql/asyncpg.py", line 768, in _prepare
    prepared_stmt = await self._connection.prepare(
                    ^^^^^^^^^^^^^^^^^^^^^^^^^^^^^^^
  File "/opt/homebrew/lib/python3.11/site-packages/asyncpg/connection.py", line 635, in prepare
    return await self._prepare(
           ^^^^^^^^^^^^^^^^^^^^
  File "/opt/homebrew/lib/python3.11/site-packages/asyncpg/connection.py", line 653, in _prepare
    stmt = await self._get_statement(
           ^^^^^^^^^^^^^^^^^^^^^^^^^^
  File "/opt/homebrew/lib/python3.11/site-packages/asyncpg/connection.py", line 432, in _get_statement
    statement = await self._protocol.prepare(
                ^^^^^^^^^^^^^^^^^^^^^^^^^^^^^
  File "asyncpg/protocol/protocol.pyx", line 165, in prepare
asyncpg.exceptions.UndefinedColumnError: column "id" does not exist

The above exception was the direct cause of the following exception:

Traceback (most recent call last):
  File "/opt/homebrew/lib/python3.11/site-packages/sqlalchemy/engine/base.py", line 1964, in _exec_single_context
    self.dialect.do_execute(
  File "/opt/homebrew/lib/python3.11/site-packages/sqlalchemy/engine/default.py", line 945, in do_execute
    cursor.execute(statement, parameters)
  File "/opt/homebrew/lib/python3.11/site-packages/sqlalchemy/dialects/postgresql/asyncpg.py", line 580, in execute
    self._adapt_connection.await_(
  File "/opt/homebrew/lib/python3.11/site-packages/sqlalchemy/util/_concurrency_py3k.py", line 132, in await_only
    return current.parent.switch(awaitable)  # type: ignore[no-any-return,attr-defined] # noqa: E501
           ^^^^^^^^^^^^^^^^^^^^^^^^^^^^^^^^
  File "/opt/homebrew/lib/python3.11/site-packages/sqlalchemy/util/_concurrency_py3k.py", line 196, in greenlet_spawn
    value = await result
            ^^^^^^^^^^^^
  File "/opt/homebrew/lib/python3.11/site-packages/sqlalchemy/dialects/postgresql/asyncpg.py", line 558, in _prepare_and_execute
    self._handle_exception(error)
  File "/opt/homebrew/lib/python3.11/site-packages/sqlalchemy/dialects/postgresql/asyncpg.py", line 508, in _handle_exception
    self._adapt_connection._handle_exception(error)
  File "/opt/homebrew/lib/python3.11/site-packages/sqlalchemy/dialects/postgresql/asyncpg.py", line 792, in _handle_exception
    raise translated_error from error
sqlalchemy.dialects.postgresql.asyncpg.AsyncAdapt_asyncpg_dbapi.ProgrammingError: <class 'asyncpg.exceptions.UndefinedColumnError'>: column "id" does not exist

The above exception was the direct cause of the following exception:

Traceback (most recent call last):
  File "/Users/nastya/bauman/7_sem/web/src/services/city_service.py", line 29, in add
    city = await self.repository.add(city)
           ^^^^^^^^^^^^^^^^^^^^^^^^^^^^^^^
  File "/Users/nastya/bauman/7_sem/web/src/repository/city_repository.py", line 63, in add
    row = await self.session.execute(query, {"name": city.name})
          ^^^^^^^^^^^^^^^^^^^^^^^^^^^^^^^^^^^^^^^^^^^^^^^^^^^^^^
  File "/opt/homebrew/lib/python3.11/site-packages/sqlalchemy/ext/asyncio/session.py", line 463, in execute
    result = await greenlet_spawn(
             ^^^^^^^^^^^^^^^^^^^^^
  File "/opt/homebrew/lib/python3.11/site-packages/sqlalchemy/util/_concurrency_py3k.py", line 201, in greenlet_spawn
    result = context.throw(*sys.exc_info())
             ^^^^^^^^^^^^^^^^^^^^^^^^^^^^^^
  File "/opt/homebrew/lib/python3.11/site-packages/sqlalchemy/orm/session.py", line 2365, in execute
    return self._execute_internal(
           ^^^^^^^^^^^^^^^^^^^^^^^
  File "/opt/homebrew/lib/python3.11/site-packages/sqlalchemy/orm/session.py", line 2260, in _execute_internal
    result = conn.execute(
             ^^^^^^^^^^^^^
  File "/opt/homebrew/lib/python3.11/site-packages/sqlalchemy/engine/base.py", line 1416, in execute
    return meth(
           ^^^^^
  File "/opt/homebrew/lib/python3.11/site-packages/sqlalchemy/sql/elements.py", line 523, in _execute_on_connection
    return connection._execute_clauseelement(
           ^^^^^^^^^^^^^^^^^^^^^^^^^^^^^^^^^^
  File "/opt/homebrew/lib/python3.11/site-packages/sqlalchemy/engine/base.py", line 1638, in _execute_clauseelement
    ret = self._execute_context(
          ^^^^^^^^^^^^^^^^^^^^^^
  File "/opt/homebrew/lib/python3.11/site-packages/sqlalchemy/engine/base.py", line 1843, in _execute_context
    return self._exec_single_context(
           ^^^^^^^^^^^^^^^^^^^^^^^^^^
  File "/opt/homebrew/lib/python3.11/site-packages/sqlalchemy/engine/base.py", line 1983, in _exec_single_context
    self._handle_dbapi_exception(
  File "/opt/homebrew/lib/python3.11/site-packages/sqlalchemy/engine/base.py", line 2352, in _handle_dbapi_exception
    raise sqlalchemy_exception.with_traceback(exc_info[2]) from e
  File "/opt/homebrew/lib/python3.11/site-packages/sqlalchemy/engine/base.py", line 1964, in _exec_single_context
    self.dialect.do_execute(
  File "/opt/homebrew/lib/python3.11/site-packages/sqlalchemy/engine/default.py", line 945, in do_execute
    cursor.execute(statement, parameters)
  File "/opt/homebrew/lib/python3.11/site-packages/sqlalchemy/dialects/postgresql/asyncpg.py", line 580, in execute
    self._adapt_connection.await_(
  File "/opt/homebrew/lib/python3.11/site-packages/sqlalchemy/util/_concurrency_py3k.py", line 132, in await_only
    return current.parent.switch(awaitable)  # type: ignore[no-any-return,attr-defined] # noqa: E501
           ^^^^^^^^^^^^^^^^^^^^^^^^^^^^^^^^
  File "/opt/homebrew/lib/python3.11/site-packages/sqlalchemy/util/_concurrency_py3k.py", line 196, in greenlet_spawn
    value = await result
            ^^^^^^^^^^^^
  File "/opt/homebrew/lib/python3.11/site-packages/sqlalchemy/dialects/postgresql/asyncpg.py", line 558, in _prepare_and_execute
    self._handle_exception(error)
  File "/opt/homebrew/lib/python3.11/site-packages/sqlalchemy/dialects/postgresql/asyncpg.py", line 508, in _handle_exception
    self._adapt_connection._handle_exception(error)
  File "/opt/homebrew/lib/python3.11/site-packages/sqlalchemy/dialects/postgresql/asyncpg.py", line 792, in _handle_exception
    raise translated_error from error
sqlalchemy.exc.ProgrammingError: (sqlalchemy.dialects.postgresql.asyncpg.ProgrammingError) <class 'asyncpg.exceptions.UndefinedColumnError'>: column "id" does not exist
[SQL: 
            INSERT INTO city (name)
            VALUES ($1)
            RETURNING id
        ]
[parameters: ('Новокузнецк',)]
(Background on this error at: https://sqlalche.me/e/20/f405)

During handling of the above exception, another exception occurred:

Traceback (most recent call last):
  File "/Users/nastya/bauman/7_sem/web/src/controllers/city_controller.py", line 30, in create_new_city
    await self.city_service.add(city)
  File "/Users/nastya/bauman/7_sem/web/src/services/city_service.py", line 32, in add
    raise ValueError("Город c таким ID уже существует.")
ValueError: Город c таким ID уже существует.
2025-10-04 08:51:45,375 - repository.city_repository - ERROR [city_repository.py:73] - Ошибка при добавлении города 'Новокузнецк': (sqlalchemy.dialects.postgresql.asyncpg.ProgrammingError) <class 'asyncpg.exceptions.UndefinedColumnError'>: column "id" does not exist
[SQL: 
            INSERT INTO city (name)
            VALUES ($1)
            RETURNING id
        ]
[parameters: ('Новокузнецк',)]
(Background on this error at: https://sqlalche.me/e/20/f405)
Traceback (most recent call last):
  File "/opt/homebrew/lib/python3.11/site-packages/sqlalchemy/dialects/postgresql/asyncpg.py", line 521, in _prepare_and_execute
    prepared_stmt, attributes = await adapt_connection._prepare(
                                ^^^^^^^^^^^^^^^^^^^^^^^^^^^^^^^^
  File "/opt/homebrew/lib/python3.11/site-packages/sqlalchemy/dialects/postgresql/asyncpg.py", line 768, in _prepare
    prepared_stmt = await self._connection.prepare(
                    ^^^^^^^^^^^^^^^^^^^^^^^^^^^^^^^
  File "/opt/homebrew/lib/python3.11/site-packages/asyncpg/connection.py", line 635, in prepare
    return await self._prepare(
           ^^^^^^^^^^^^^^^^^^^^
  File "/opt/homebrew/lib/python3.11/site-packages/asyncpg/connection.py", line 653, in _prepare
    stmt = await self._get_statement(
           ^^^^^^^^^^^^^^^^^^^^^^^^^^
  File "/opt/homebrew/lib/python3.11/site-packages/asyncpg/connection.py", line 432, in _get_statement
    statement = await self._protocol.prepare(
                ^^^^^^^^^^^^^^^^^^^^^^^^^^^^^
  File "asyncpg/protocol/protocol.pyx", line 165, in prepare
asyncpg.exceptions.UndefinedColumnError: column "id" does not exist

The above exception was the direct cause of the following exception:

Traceback (most recent call last):
  File "/opt/homebrew/lib/python3.11/site-packages/sqlalchemy/engine/base.py", line 1964, in _exec_single_context
    self.dialect.do_execute(
  File "/opt/homebrew/lib/python3.11/site-packages/sqlalchemy/engine/default.py", line 945, in do_execute
    cursor.execute(statement, parameters)
  File "/opt/homebrew/lib/python3.11/site-packages/sqlalchemy/dialects/postgresql/asyncpg.py", line 580, in execute
    self._adapt_connection.await_(
  File "/opt/homebrew/lib/python3.11/site-packages/sqlalchemy/util/_concurrency_py3k.py", line 132, in await_only
    return current.parent.switch(awaitable)  # type: ignore[no-any-return,attr-defined] # noqa: E501
           ^^^^^^^^^^^^^^^^^^^^^^^^^^^^^^^^
  File "/opt/homebrew/lib/python3.11/site-packages/sqlalchemy/util/_concurrency_py3k.py", line 196, in greenlet_spawn
    value = await result
            ^^^^^^^^^^^^
  File "/opt/homebrew/lib/python3.11/site-packages/sqlalchemy/dialects/postgresql/asyncpg.py", line 558, in _prepare_and_execute
    self._handle_exception(error)
  File "/opt/homebrew/lib/python3.11/site-packages/sqlalchemy/dialects/postgresql/asyncpg.py", line 508, in _handle_exception
    self._adapt_connection._handle_exception(error)
  File "/opt/homebrew/lib/python3.11/site-packages/sqlalchemy/dialects/postgresql/asyncpg.py", line 792, in _handle_exception
    raise translated_error from error
sqlalchemy.dialects.postgresql.asyncpg.AsyncAdapt_asyncpg_dbapi.ProgrammingError: <class 'asyncpg.exceptions.UndefinedColumnError'>: column "id" does not exist

The above exception was the direct cause of the following exception:

Traceback (most recent call last):
  File "/Users/nastya/bauman/7_sem/web/src/repository/city_repository.py", line 63, in add
    row = await self.session.execute(query, {"name": city.name})
          ^^^^^^^^^^^^^^^^^^^^^^^^^^^^^^^^^^^^^^^^^^^^^^^^^^^^^^
  File "/opt/homebrew/lib/python3.11/site-packages/sqlalchemy/ext/asyncio/session.py", line 463, in execute
    result = await greenlet_spawn(
             ^^^^^^^^^^^^^^^^^^^^^
  File "/opt/homebrew/lib/python3.11/site-packages/sqlalchemy/util/_concurrency_py3k.py", line 201, in greenlet_spawn
    result = context.throw(*sys.exc_info())
             ^^^^^^^^^^^^^^^^^^^^^^^^^^^^^^
  File "/opt/homebrew/lib/python3.11/site-packages/sqlalchemy/orm/session.py", line 2365, in execute
    return self._execute_internal(
           ^^^^^^^^^^^^^^^^^^^^^^^
  File "/opt/homebrew/lib/python3.11/site-packages/sqlalchemy/orm/session.py", line 2260, in _execute_internal
    result = conn.execute(
             ^^^^^^^^^^^^^
  File "/opt/homebrew/lib/python3.11/site-packages/sqlalchemy/engine/base.py", line 1416, in execute
    return meth(
           ^^^^^
  File "/opt/homebrew/lib/python3.11/site-packages/sqlalchemy/sql/elements.py", line 523, in _execute_on_connection
    return connection._execute_clauseelement(
           ^^^^^^^^^^^^^^^^^^^^^^^^^^^^^^^^^^
  File "/opt/homebrew/lib/python3.11/site-packages/sqlalchemy/engine/base.py", line 1638, in _execute_clauseelement
    ret = self._execute_context(
          ^^^^^^^^^^^^^^^^^^^^^^
  File "/opt/homebrew/lib/python3.11/site-packages/sqlalchemy/engine/base.py", line 1843, in _execute_context
    return self._exec_single_context(
           ^^^^^^^^^^^^^^^^^^^^^^^^^^
  File "/opt/homebrew/lib/python3.11/site-packages/sqlalchemy/engine/base.py", line 1983, in _exec_single_context
    self._handle_dbapi_exception(
  File "/opt/homebrew/lib/python3.11/site-packages/sqlalchemy/engine/base.py", line 2352, in _handle_dbapi_exception
    raise sqlalchemy_exception.with_traceback(exc_info[2]) from e
  File "/opt/homebrew/lib/python3.11/site-packages/sqlalchemy/engine/base.py", line 1964, in _exec_single_context
    self.dialect.do_execute(
  File "/opt/homebrew/lib/python3.11/site-packages/sqlalchemy/engine/default.py", line 945, in do_execute
    cursor.execute(statement, parameters)
  File "/opt/homebrew/lib/python3.11/site-packages/sqlalchemy/dialects/postgresql/asyncpg.py", line 580, in execute
    self._adapt_connection.await_(
  File "/opt/homebrew/lib/python3.11/site-packages/sqlalchemy/util/_concurrency_py3k.py", line 132, in await_only
    return current.parent.switch(awaitable)  # type: ignore[no-any-return,attr-defined] # noqa: E501
           ^^^^^^^^^^^^^^^^^^^^^^^^^^^^^^^^
  File "/opt/homebrew/lib/python3.11/site-packages/sqlalchemy/util/_concurrency_py3k.py", line 196, in greenlet_spawn
    value = await result
            ^^^^^^^^^^^^
  File "/opt/homebrew/lib/python3.11/site-packages/sqlalchemy/dialects/postgresql/asyncpg.py", line 558, in _prepare_and_execute
    self._handle_exception(error)
  File "/opt/homebrew/lib/python3.11/site-packages/sqlalchemy/dialects/postgresql/asyncpg.py", line 508, in _handle_exception
    self._adapt_connection._handle_exception(error)
  File "/opt/homebrew/lib/python3.11/site-packages/sqlalchemy/dialects/postgresql/asyncpg.py", line 792, in _handle_exception
    raise translated_error from error
sqlalchemy.exc.ProgrammingError: (sqlalchemy.dialects.postgresql.asyncpg.ProgrammingError) <class 'asyncpg.exceptions.UndefinedColumnError'>: column "id" does not exist
[SQL: 
            INSERT INTO city (name)
            VALUES ($1)
            RETURNING id
        ]
[parameters: ('Новокузнецк',)]
(Background on this error at: https://sqlalche.me/e/20/f405)
2025-10-04 08:51:45,382 - services.city_service - ERROR [city_service.py:31] - Город c таким ID None уже существует.
2025-10-04 08:51:45,382 - controllers.city_controller - ERROR [city_controller.py:34] - Ошибка при создании города: Город c таким ID уже существует.
Traceback (most recent call last):
  File "/opt/homebrew/lib/python3.11/site-packages/sqlalchemy/dialects/postgresql/asyncpg.py", line 521, in _prepare_and_execute
    prepared_stmt, attributes = await adapt_connection._prepare(
                                ^^^^^^^^^^^^^^^^^^^^^^^^^^^^^^^^
  File "/opt/homebrew/lib/python3.11/site-packages/sqlalchemy/dialects/postgresql/asyncpg.py", line 768, in _prepare
    prepared_stmt = await self._connection.prepare(
                    ^^^^^^^^^^^^^^^^^^^^^^^^^^^^^^^
  File "/opt/homebrew/lib/python3.11/site-packages/asyncpg/connection.py", line 635, in prepare
    return await self._prepare(
           ^^^^^^^^^^^^^^^^^^^^
  File "/opt/homebrew/lib/python3.11/site-packages/asyncpg/connection.py", line 653, in _prepare
    stmt = await self._get_statement(
           ^^^^^^^^^^^^^^^^^^^^^^^^^^
  File "/opt/homebrew/lib/python3.11/site-packages/asyncpg/connection.py", line 432, in _get_statement
    statement = await self._protocol.prepare(
                ^^^^^^^^^^^^^^^^^^^^^^^^^^^^^
  File "asyncpg/protocol/protocol.pyx", line 165, in prepare
asyncpg.exceptions.UndefinedColumnError: column "id" does not exist

The above exception was the direct cause of the following exception:

Traceback (most recent call last):
  File "/opt/homebrew/lib/python3.11/site-packages/sqlalchemy/engine/base.py", line 1964, in _exec_single_context
    self.dialect.do_execute(
  File "/opt/homebrew/lib/python3.11/site-packages/sqlalchemy/engine/default.py", line 945, in do_execute
    cursor.execute(statement, parameters)
  File "/opt/homebrew/lib/python3.11/site-packages/sqlalchemy/dialects/postgresql/asyncpg.py", line 580, in execute
    self._adapt_connection.await_(
  File "/opt/homebrew/lib/python3.11/site-packages/sqlalchemy/util/_concurrency_py3k.py", line 132, in await_only
    return current.parent.switch(awaitable)  # type: ignore[no-any-return,attr-defined] # noqa: E501
           ^^^^^^^^^^^^^^^^^^^^^^^^^^^^^^^^
  File "/opt/homebrew/lib/python3.11/site-packages/sqlalchemy/util/_concurrency_py3k.py", line 196, in greenlet_spawn
    value = await result
            ^^^^^^^^^^^^
  File "/opt/homebrew/lib/python3.11/site-packages/sqlalchemy/dialects/postgresql/asyncpg.py", line 558, in _prepare_and_execute
    self._handle_exception(error)
  File "/opt/homebrew/lib/python3.11/site-packages/sqlalchemy/dialects/postgresql/asyncpg.py", line 508, in _handle_exception
    self._adapt_connection._handle_exception(error)
  File "/opt/homebrew/lib/python3.11/site-packages/sqlalchemy/dialects/postgresql/asyncpg.py", line 792, in _handle_exception
    raise translated_error from error
sqlalchemy.dialects.postgresql.asyncpg.AsyncAdapt_asyncpg_dbapi.ProgrammingError: <class 'asyncpg.exceptions.UndefinedColumnError'>: column "id" does not exist

The above exception was the direct cause of the following exception:

Traceback (most recent call last):
  File "/Users/nastya/bauman/7_sem/web/src/services/city_service.py", line 29, in add
    city = await self.repository.add(city)
           ^^^^^^^^^^^^^^^^^^^^^^^^^^^^^^^
  File "/Users/nastya/bauman/7_sem/web/src/repository/city_repository.py", line 63, in add
    row = await self.session.execute(query, {"name": city.name})
          ^^^^^^^^^^^^^^^^^^^^^^^^^^^^^^^^^^^^^^^^^^^^^^^^^^^^^^
  File "/opt/homebrew/lib/python3.11/site-packages/sqlalchemy/ext/asyncio/session.py", line 463, in execute
    result = await greenlet_spawn(
             ^^^^^^^^^^^^^^^^^^^^^
  File "/opt/homebrew/lib/python3.11/site-packages/sqlalchemy/util/_concurrency_py3k.py", line 201, in greenlet_spawn
    result = context.throw(*sys.exc_info())
             ^^^^^^^^^^^^^^^^^^^^^^^^^^^^^^
  File "/opt/homebrew/lib/python3.11/site-packages/sqlalchemy/orm/session.py", line 2365, in execute
    return self._execute_internal(
           ^^^^^^^^^^^^^^^^^^^^^^^
  File "/opt/homebrew/lib/python3.11/site-packages/sqlalchemy/orm/session.py", line 2260, in _execute_internal
    result = conn.execute(
             ^^^^^^^^^^^^^
  File "/opt/homebrew/lib/python3.11/site-packages/sqlalchemy/engine/base.py", line 1416, in execute
    return meth(
           ^^^^^
  File "/opt/homebrew/lib/python3.11/site-packages/sqlalchemy/sql/elements.py", line 523, in _execute_on_connection
    return connection._execute_clauseelement(
           ^^^^^^^^^^^^^^^^^^^^^^^^^^^^^^^^^^
  File "/opt/homebrew/lib/python3.11/site-packages/sqlalchemy/engine/base.py", line 1638, in _execute_clauseelement
    ret = self._execute_context(
          ^^^^^^^^^^^^^^^^^^^^^^
  File "/opt/homebrew/lib/python3.11/site-packages/sqlalchemy/engine/base.py", line 1843, in _execute_context
    return self._exec_single_context(
           ^^^^^^^^^^^^^^^^^^^^^^^^^^
  File "/opt/homebrew/lib/python3.11/site-packages/sqlalchemy/engine/base.py", line 1983, in _exec_single_context
    self._handle_dbapi_exception(
  File "/opt/homebrew/lib/python3.11/site-packages/sqlalchemy/engine/base.py", line 2352, in _handle_dbapi_exception
    raise sqlalchemy_exception.with_traceback(exc_info[2]) from e
  File "/opt/homebrew/lib/python3.11/site-packages/sqlalchemy/engine/base.py", line 1964, in _exec_single_context
    self.dialect.do_execute(
  File "/opt/homebrew/lib/python3.11/site-packages/sqlalchemy/engine/default.py", line 945, in do_execute
    cursor.execute(statement, parameters)
  File "/opt/homebrew/lib/python3.11/site-packages/sqlalchemy/dialects/postgresql/asyncpg.py", line 580, in execute
    self._adapt_connection.await_(
  File "/opt/homebrew/lib/python3.11/site-packages/sqlalchemy/util/_concurrency_py3k.py", line 132, in await_only
    return current.parent.switch(awaitable)  # type: ignore[no-any-return,attr-defined] # noqa: E501
           ^^^^^^^^^^^^^^^^^^^^^^^^^^^^^^^^
  File "/opt/homebrew/lib/python3.11/site-packages/sqlalchemy/util/_concurrency_py3k.py", line 196, in greenlet_spawn
    value = await result
            ^^^^^^^^^^^^
  File "/opt/homebrew/lib/python3.11/site-packages/sqlalchemy/dialects/postgresql/asyncpg.py", line 558, in _prepare_and_execute
    self._handle_exception(error)
  File "/opt/homebrew/lib/python3.11/site-packages/sqlalchemy/dialects/postgresql/asyncpg.py", line 508, in _handle_exception
    self._adapt_connection._handle_exception(error)
  File "/opt/homebrew/lib/python3.11/site-packages/sqlalchemy/dialects/postgresql/asyncpg.py", line 792, in _handle_exception
    raise translated_error from error
sqlalchemy.exc.ProgrammingError: (sqlalchemy.dialects.postgresql.asyncpg.ProgrammingError) <class 'asyncpg.exceptions.UndefinedColumnError'>: column "id" does not exist
[SQL: 
            INSERT INTO city (name)
            VALUES ($1)
            RETURNING id
        ]
[parameters: ('Новокузнецк',)]
(Background on this error at: https://sqlalche.me/e/20/f405)

During handling of the above exception, another exception occurred:

Traceback (most recent call last):
  File "/Users/nastya/bauman/7_sem/web/src/controllers/city_controller.py", line 30, in create_new_city
    await self.city_service.add(city)
  File "/Users/nastya/bauman/7_sem/web/src/services/city_service.py", line 32, in add
    raise ValueError("Город c таким ID уже существует.")
ValueError: Город c таким ID уже существует.
2025-10-04 08:58:07,602 - sqlalchemy.pool.impl.AsyncAdaptedQueuePool - ERROR [base.py:1032] - The garbage collector is trying to clean up non-checked-in connection <AdaptedConnection <asyncpg.connection.Connection object at 0x104387e20>>, which will be terminated.  Please ensure that SQLAlchemy pooled connections are returned to the pool explicitly, either by calling ``close()`` or by using appropriate context managers to manage their lifecycle.
2025-10-04 08:58:52,915 - routers.city - ERROR [city.py:80] - Ошибка при получении города: 'CityController' object has no attribute 'get_city_by_id'
2025-10-04 08:59:21,456 - sqlalchemy.pool.impl.AsyncAdaptedQueuePool - ERROR [base.py:1032] - The garbage collector is trying to clean up non-checked-in connection <AdaptedConnection <asyncpg.connection.Connection object at 0x104618310>>, which will be terminated.  Please ensure that SQLAlchemy pooled connections are returned to the pool explicitly, either by calling ``close()`` or by using appropriate context managers to manage their lifecycle.
2025-10-04 08:59:21,457 - sqlalchemy.pool.impl.AsyncAdaptedQueuePool - ERROR [base.py:1032] - The garbage collector is trying to clean up non-checked-in connection <AdaptedConnection <asyncpg.connection.Connection object at 0x104618b80>>, which will be terminated.  Please ensure that SQLAlchemy pooled connections are returned to the pool explicitly, either by calling ``close()`` or by using appropriate context managers to manage their lifecycle.
2025-10-04 09:15:18,301 - sqlalchemy.pool.impl.AsyncAdaptedQueuePool - ERROR [base.py:1032] - The garbage collector is trying to clean up non-checked-in connection <AdaptedConnection <asyncpg.connection.Connection object at 0x10b0f5a80>>, which will be terminated.  Please ensure that SQLAlchemy pooled connections are returned to the pool explicitly, either by calling ``close()`` or by using appropriate context managers to manage their lifecycle.
2025-10-04 10:25:39,453 - sqlalchemy.pool.impl.AsyncAdaptedQueuePool - ERROR [base.py:1032] - The garbage collector is trying to clean up non-checked-in connection <AdaptedConnection <asyncpg.connection.Connection object at 0x106e533d0>>, which will be terminated.  Please ensure that SQLAlchemy pooled connections are returned to the pool explicitly, either by calling ``close()`` or by using appropriate context managers to manage their lifecycle.
2025-10-04 10:26:10,456 - controllers.user_controller - ERROR [user_controller.py:101] - Ошибка при регистрации администратора: Expecting value: line 1 column 1 (char 0)
Traceback (most recent call last):
  File "/Users/nastya/bauman/7_sem/web/src/controllers/user_controller.py", line 91, in create_admin
    data = await request.json()
           ^^^^^^^^^^^^^^^^^^^^
  File "/opt/homebrew/lib/python3.11/site-packages/starlette/requests.py", line 250, in json
    self._json = json.loads(body)
                 ^^^^^^^^^^^^^^^^
  File "/opt/homebrew/Cellar/python@3.11/3.11.12_1/Frameworks/Python.framework/Versions/3.11/lib/python3.11/json/__init__.py", line 346, in loads
    return _default_decoder.decode(s)
           ^^^^^^^^^^^^^^^^^^^^^^^^^^
  File "/opt/homebrew/Cellar/python@3.11/3.11.12_1/Frameworks/Python.framework/Versions/3.11/lib/python3.11/json/decoder.py", line 337, in decode
    obj, end = self.raw_decode(s, idx=_w(s, 0).end())
               ^^^^^^^^^^^^^^^^^^^^^^^^^^^^^^^^^^^^^^
  File "/opt/homebrew/Cellar/python@3.11/3.11.12_1/Frameworks/Python.framework/Versions/3.11/lib/python3.11/json/decoder.py", line 355, in raw_decode
    raise JSONDecodeError("Expecting value", s, err.value) from None
json.decoder.JSONDecodeError: Expecting value: line 1 column 1 (char 0)
2025-10-04 10:37:15,760 - routers.user - ERROR [user.py:227] - Ошибка при получении списка пользователей: 'users' not found in search path: 'templates'
2025-10-04 10:37:15,761 - src.main - ERROR [main.py:59] - Ошибка при обработке запроса: name 'HTTPException' is not defined
Traceback (most recent call last):
  File "/Users/nastya/bauman/7_sem/web/src/routers/user.py", line 219, in get_all_users
    return templates.TemplateResponse(
           ^^^^^^^^^^^^^^^^^^^^^^^^^^^
  File "/opt/homebrew/lib/python3.11/site-packages/starlette/templating.py", line 209, in TemplateResponse
    template = self.get_template(name)
               ^^^^^^^^^^^^^^^^^^^^^^^
  File "/opt/homebrew/lib/python3.11/site-packages/starlette/templating.py", line 132, in get_template
    return self.env.get_template(name)
           ^^^^^^^^^^^^^^^^^^^^^^^^^^^
  File "/opt/homebrew/lib/python3.11/site-packages/jinja2/environment.py", line 1016, in get_template
    return self._load_template(name, globals)
           ^^^^^^^^^^^^^^^^^^^^^^^^^^^^^^^^^^
  File "/opt/homebrew/lib/python3.11/site-packages/jinja2/environment.py", line 975, in _load_template
    template = self.loader.load(self, name, self.make_globals(globals))
               ^^^^^^^^^^^^^^^^^^^^^^^^^^^^^^^^^^^^^^^^^^^^^^^^^^^^^^^^
  File "/opt/homebrew/lib/python3.11/site-packages/jinja2/loaders.py", line 126, in load
    source, filename, uptodate = self.get_source(environment, name)
                                 ^^^^^^^^^^^^^^^^^^^^^^^^^^^^^^^^^^
  File "/opt/homebrew/lib/python3.11/site-packages/jinja2/loaders.py", line 209, in get_source
    raise TemplateNotFound(
jinja2.exceptions.TemplateNotFound: 'users' not found in search path: 'templates'

During handling of the above exception, another exception occurred:

Traceback (most recent call last):
  File "/opt/homebrew/lib/python3.11/site-packages/starlette/middleware/errors.py", line 164, in __call__
    await self.app(scope, receive, _send)
  File "/opt/homebrew/lib/python3.11/site-packages/starlette/middleware/exceptions.py", line 63, in __call__
    await wrap_app_handling_exceptions(self.app, conn)(scope, receive, send)
  File "/opt/homebrew/lib/python3.11/site-packages/starlette/_exception_handler.py", line 53, in wrapped_app
    raise exc
  File "/opt/homebrew/lib/python3.11/site-packages/starlette/_exception_handler.py", line 42, in wrapped_app
    await app(scope, receive, sender)
  File "/opt/homebrew/lib/python3.11/site-packages/fastapi/middleware/asyncexitstack.py", line 18, in __call__
    await self.app(scope, receive, send)
  File "/opt/homebrew/lib/python3.11/site-packages/starlette/routing.py", line 716, in __call__
    await self.middleware_stack(scope, receive, send)
  File "/opt/homebrew/lib/python3.11/site-packages/starlette/routing.py", line 736, in app
    await route.handle(scope, receive, send)
  File "/opt/homebrew/lib/python3.11/site-packages/starlette/routing.py", line 290, in handle
    await self.app(scope, receive, send)
  File "/opt/homebrew/lib/python3.11/site-packages/fastapi/routing.py", line 123, in app
    await wrap_app_handling_exceptions(app, request)(scope, receive, send)
  File "/opt/homebrew/lib/python3.11/site-packages/starlette/_exception_handler.py", line 53, in wrapped_app
    raise exc
  File "/opt/homebrew/lib/python3.11/site-packages/starlette/_exception_handler.py", line 42, in wrapped_app
    await app(scope, receive, sender)
  File "/opt/homebrew/lib/python3.11/site-packages/fastapi/routing.py", line 109, in app
    response = await f(request)
               ^^^^^^^^^^^^^^^^
  File "/opt/homebrew/lib/python3.11/site-packages/fastapi/routing.py", line 387, in app
    raw_response = await run_endpoint_function(
                   ^^^^^^^^^^^^^^^^^^^^^^^^^^^^
  File "/opt/homebrew/lib/python3.11/site-packages/fastapi/routing.py", line 288, in run_endpoint_function
    return await dependant.call(**values)
           ^^^^^^^^^^^^^^^^^^^^^^^^^^^^^^
  File "/Users/nastya/bauman/7_sem/web/src/routers/user.py", line 228, in get_all_users
    raise HTTPException(
          ^^^^^^^^^^^^^
NameError: name 'HTTPException' is not defined
2025-10-04 10:37:17,960 - routers.user - ERROR [user.py:227] - Ошибка при получении списка пользователей: 'users' not found in search path: 'templates'
2025-10-04 10:37:17,960 - src.main - ERROR [main.py:59] - Ошибка при обработке запроса: name 'HTTPException' is not defined
Traceback (most recent call last):
  File "/Users/nastya/bauman/7_sem/web/src/routers/user.py", line 219, in get_all_users
    return templates.TemplateResponse(
           ^^^^^^^^^^^^^^^^^^^^^^^^^^^
  File "/opt/homebrew/lib/python3.11/site-packages/starlette/templating.py", line 209, in TemplateResponse
    template = self.get_template(name)
               ^^^^^^^^^^^^^^^^^^^^^^^
  File "/opt/homebrew/lib/python3.11/site-packages/starlette/templating.py", line 132, in get_template
    return self.env.get_template(name)
           ^^^^^^^^^^^^^^^^^^^^^^^^^^^
  File "/opt/homebrew/lib/python3.11/site-packages/jinja2/environment.py", line 1016, in get_template
    return self._load_template(name, globals)
           ^^^^^^^^^^^^^^^^^^^^^^^^^^^^^^^^^^
  File "/opt/homebrew/lib/python3.11/site-packages/jinja2/environment.py", line 975, in _load_template
    template = self.loader.load(self, name, self.make_globals(globals))
               ^^^^^^^^^^^^^^^^^^^^^^^^^^^^^^^^^^^^^^^^^^^^^^^^^^^^^^^^
  File "/opt/homebrew/lib/python3.11/site-packages/jinja2/loaders.py", line 126, in load
    source, filename, uptodate = self.get_source(environment, name)
                                 ^^^^^^^^^^^^^^^^^^^^^^^^^^^^^^^^^^
  File "/opt/homebrew/lib/python3.11/site-packages/jinja2/loaders.py", line 209, in get_source
    raise TemplateNotFound(
jinja2.exceptions.TemplateNotFound: 'users' not found in search path: 'templates'

During handling of the above exception, another exception occurred:

Traceback (most recent call last):
  File "/opt/homebrew/lib/python3.11/site-packages/starlette/middleware/errors.py", line 164, in __call__
    await self.app(scope, receive, _send)
  File "/opt/homebrew/lib/python3.11/site-packages/starlette/middleware/exceptions.py", line 63, in __call__
    await wrap_app_handling_exceptions(self.app, conn)(scope, receive, send)
  File "/opt/homebrew/lib/python3.11/site-packages/starlette/_exception_handler.py", line 53, in wrapped_app
    raise exc
  File "/opt/homebrew/lib/python3.11/site-packages/starlette/_exception_handler.py", line 42, in wrapped_app
    await app(scope, receive, sender)
  File "/opt/homebrew/lib/python3.11/site-packages/fastapi/middleware/asyncexitstack.py", line 18, in __call__
    await self.app(scope, receive, send)
  File "/opt/homebrew/lib/python3.11/site-packages/starlette/routing.py", line 716, in __call__
    await self.middleware_stack(scope, receive, send)
  File "/opt/homebrew/lib/python3.11/site-packages/starlette/routing.py", line 736, in app
    await route.handle(scope, receive, send)
  File "/opt/homebrew/lib/python3.11/site-packages/starlette/routing.py", line 290, in handle
    await self.app(scope, receive, send)
  File "/opt/homebrew/lib/python3.11/site-packages/fastapi/routing.py", line 123, in app
    await wrap_app_handling_exceptions(app, request)(scope, receive, send)
  File "/opt/homebrew/lib/python3.11/site-packages/starlette/_exception_handler.py", line 53, in wrapped_app
    raise exc
  File "/opt/homebrew/lib/python3.11/site-packages/starlette/_exception_handler.py", line 42, in wrapped_app
    await app(scope, receive, sender)
  File "/opt/homebrew/lib/python3.11/site-packages/fastapi/routing.py", line 109, in app
    response = await f(request)
               ^^^^^^^^^^^^^^^^
  File "/opt/homebrew/lib/python3.11/site-packages/fastapi/routing.py", line 387, in app
    raw_response = await run_endpoint_function(
                   ^^^^^^^^^^^^^^^^^^^^^^^^^^^^
  File "/opt/homebrew/lib/python3.11/site-packages/fastapi/routing.py", line 288, in run_endpoint_function
    return await dependant.call(**values)
           ^^^^^^^^^^^^^^^^^^^^^^^^^^^^^^
  File "/Users/nastya/bauman/7_sem/web/src/routers/user.py", line 228, in get_all_users
    raise HTTPException(
          ^^^^^^^^^^^^^
NameError: name 'HTTPException' is not defined
2025-10-04 10:37:36,523 - routers.user - ERROR [user.py:229] - Ошибка при получении списка пользователей: 'users' not found in search path: 'templates'
2025-10-04 10:38:26,596 - routers.user - ERROR [user.py:229] - Ошибка при получении списка пользователей: 'users' not found in search path: 'templates'
2025-10-12 23:14:05,041 - src.main - WARNING [main.py:38] - swagger.yaml не найден, используется стандартная документация
2025-10-16 14:32:50,890 - routers.api_v2.city - ERROR [city.py:21] - Ошибка создания города: name 'city_controller' is not defined
2025-10-16 14:33:01,015 - routers.api_v2.city - ERROR [city.py:21] - Ошибка создания города: name 'city_controller' is not defined
2025-10-16 14:38:54,053 - routers.api_v2.city - ERROR [city.py:20] - Ошибка создания города: 'ServiceLocator' object has no attribute 'city_controller'
2025-10-16 16:49:52,072 - routers.api_v2.entertainment - ERROR [entertainment.py:54] - Ошибка получения списка развлечений: 'Entertainment' object has no attribute 'description'
Traceback (most recent call last):
  File "/Users/nastya/bauman/7_sem/web/src/routers/api_v2/entertainment.py", line 47, in get_all_entertainments
    result = await service_locator.get_ent_contr().get_all_entertainment()
             ^^^^^^^^^^^^^^^^^^^^^^^^^^^^^^^^^^^^^^^^^^^^^^^^^^^^^^^^^^^^^
  File "/Users/nastya/bauman/7_sem/web/src/controllers/api_v2/entertainment_controller.py", line 78, in get_all_entertainment
    return [
           ^
  File "/Users/nastya/bauman/7_sem/web/src/controllers/api_v2/entertainment_controller.py", line 86, in <listcomp>
    description=e.description,
                ^^^^^^^^^^^^^
  File "/opt/homebrew/lib/python3.11/site-packages/pydantic/main.py", line 891, in __getattr__
    raise AttributeError(f'{type(self).__name__!r} object has no attribute {item!r}')
AttributeError: 'Entertainment' object has no attribute 'description'
2025-10-16 23:32:52,736 - controllers.api_v2.d_route_controller - ERROR [d_route_controller.py:135] - Ошибка при получении списка маршрутов: unhashable type: 'list'
Traceback (most recent call last):
  File "/Users/nastya/bauman/7_sem/web/src/controllers/api_v2/d_route_controller.py", line 120, in get_all_d_routes
    return {
           ^
TypeError: unhashable type: 'list'
2025-10-16 23:33:38,308 - controllers.api_v2.d_route_controller - ERROR [d_route_controller.py:90] - Ошибка при обновлении маршрута ID 1: 'DirectoryRoute' object has no attribute 'departure_city_id'
Traceback (most recent call last):
  File "/Users/nastya/bauman/7_sem/web/src/controllers/api_v2/d_route_controller.py", line 70, in update_d_route
    if d_route.departure_city_id is not None:
       ^^^^^^^^^^^^^^^^^^^^^^^^^
  File "/opt/homebrew/lib/python3.11/site-packages/pydantic/main.py", line 891, in __getattr__
    raise AttributeError(f'{type(self).__name__!r} object has no attribute {item!r}')
AttributeError: 'DirectoryRoute' object has no attribute 'departure_city_id'
2025-10-16 23:33:38,311 - routers.api_v2.d_route - ERROR [d_route.py:137] - Ошибка при частичном обновлении маршрута ID 1: 500: Error updating directory route
Traceback (most recent call last):
  File "/Users/nastya/bauman/7_sem/web/src/controllers/api_v2/d_route_controller.py", line 70, in update_d_route
    if d_route.departure_city_id is not None:
       ^^^^^^^^^^^^^^^^^^^^^^^^^
  File "/opt/homebrew/lib/python3.11/site-packages/pydantic/main.py", line 891, in __getattr__
    raise AttributeError(f'{type(self).__name__!r} object has no attribute {item!r}')
AttributeError: 'DirectoryRoute' object has no attribute 'departure_city_id'

During handling of the above exception, another exception occurred:

Traceback (most recent call last):
  File "/Users/nastya/bauman/7_sem/web/src/routers/api_v2/d_route.py", line 130, in partial_update_d_route
    result = await service_locator.get_d_route_contr().update_d_route(d_route_id, d_route)
             ^^^^^^^^^^^^^^^^^^^^^^^^^^^^^^^^^^^^^^^^^^^^^^^^^^^^^^^^^^^^^^^^^^^^^^^^^^^^^
  File "/Users/nastya/bauman/7_sem/web/src/controllers/api_v2/d_route_controller.py", line 91, in update_d_route
    raise HTTPException(status_code=500, detail="Error updating directory route")
fastapi.exceptions.HTTPException: 500: Error updating directory route
2025-10-16 23:35:39,764 - repository.directory_route_repository - ERROR [directory_route_repository.py:100] - Отсутствуют данные о городах
2025-10-16 23:35:39,765 - controllers.api_v2.d_route_controller - ERROR [d_route_controller.py:90] - Ошибка при обновлении маршрута ID 1: 'NoneType' object has no attribute 'name'
Traceback (most recent call last):
  File "/Users/nastya/bauman/7_sem/web/src/controllers/api_v2/d_route_controller.py", line 83, in update_d_route
    departure_city=d_route.departure_city.name,
                   ^^^^^^^^^^^^^^^^^^^^^^^^^^^
AttributeError: 'NoneType' object has no attribute 'name'
2025-10-16 23:35:39,765 - routers.api_v2.d_route - ERROR [d_route.py:137] - Ошибка при частичном обновлении маршрута ID 1: 500: Error updating directory route
Traceback (most recent call last):
  File "/Users/nastya/bauman/7_sem/web/src/controllers/api_v2/d_route_controller.py", line 83, in update_d_route
    departure_city=d_route.departure_city.name,
                   ^^^^^^^^^^^^^^^^^^^^^^^^^^^
AttributeError: 'NoneType' object has no attribute 'name'

During handling of the above exception, another exception occurred:

Traceback (most recent call last):
  File "/Users/nastya/bauman/7_sem/web/src/routers/api_v2/d_route.py", line 130, in partial_update_d_route
    result = await service_locator.get_d_route_contr().update_d_route(d_route_id, d_route)
             ^^^^^^^^^^^^^^^^^^^^^^^^^^^^^^^^^^^^^^^^^^^^^^^^^^^^^^^^^^^^^^^^^^^^^^^^^^^^^
  File "/Users/nastya/bauman/7_sem/web/src/controllers/api_v2/d_route_controller.py", line 91, in update_d_route
    raise HTTPException(status_code=500, detail="Error updating directory route")
fastapi.exceptions.HTTPException: 500: Error updating directory route
2025-10-16 23:35:43,640 - sqlalchemy.pool.impl.AsyncAdaptedQueuePool - ERROR [base.py:1032] - The garbage collector is trying to clean up non-checked-in connection <AdaptedConnection <asyncpg.connection.Connection object at 0x104f63100>>, which will be terminated.  Please ensure that SQLAlchemy pooled connections are returned to the pool explicitly, either by calling ``close()`` or by using appropriate context managers to manage their lifecycle.
2025-10-16 23:35:52,806 - repository.directory_route_repository - ERROR [directory_route_repository.py:100] - Отсутствуют данные о городах
2025-10-16 23:35:52,806 - controllers.api_v2.d_route_controller - ERROR [d_route_controller.py:90] - Ошибка при обновлении маршрута ID 1: 'NoneType' object has no attribute 'name'
Traceback (most recent call last):
  File "/Users/nastya/bauman/7_sem/web/src/controllers/api_v2/d_route_controller.py", line 83, in update_d_route
    departure_city=d_route.departure_city.name,
                   ^^^^^^^^^^^^^^^^^^^^^^^^^^^
AttributeError: 'NoneType' object has no attribute 'name'
2025-10-16 23:35:52,807 - routers.api_v2.d_route - ERROR [d_route.py:137] - Ошибка при частичном обновлении маршрута ID 1: 500: Error updating directory route
Traceback (most recent call last):
  File "/Users/nastya/bauman/7_sem/web/src/controllers/api_v2/d_route_controller.py", line 83, in update_d_route
    departure_city=d_route.departure_city.name,
                   ^^^^^^^^^^^^^^^^^^^^^^^^^^^
AttributeError: 'NoneType' object has no attribute 'name'

During handling of the above exception, another exception occurred:

Traceback (most recent call last):
  File "/Users/nastya/bauman/7_sem/web/src/routers/api_v2/d_route.py", line 130, in partial_update_d_route
    result = await service_locator.get_d_route_contr().update_d_route(d_route_id, d_route)
             ^^^^^^^^^^^^^^^^^^^^^^^^^^^^^^^^^^^^^^^^^^^^^^^^^^^^^^^^^^^^^^^^^^^^^^^^^^^^^
  File "/Users/nastya/bauman/7_sem/web/src/controllers/api_v2/d_route_controller.py", line 91, in update_d_route
    raise HTTPException(status_code=500, detail="Error updating directory route")
fastapi.exceptions.HTTPException: 500: Error updating directory route
2025-10-16 23:37:47,658 - repository.city_repository - WARNING [city_repository.py:50] - Город с ID 0 не найден
2025-10-16 23:37:47,660 - repository.city_repository - WARNING [city_repository.py:50] - Город с ID 0 не найден
2025-10-16 23:37:47,660 - routers.api_v2.d_route - ERROR [d_route.py:36] - Внутренняя ошибка при создании справочного маршрута: 404: One or both cities not found
Traceback (most recent call last):
  File "/Users/nastya/bauman/7_sem/web/src/routers/api_v2/d_route.py", line 31, in create_d_route
    return await service_locator.get_d_route_contr().create_new_d_route(d_route)
           ^^^^^^^^^^^^^^^^^^^^^^^^^^^^^^^^^^^^^^^^^^^^^^^^^^^^^^^^^^^^^^^^^^^^^
  File "/Users/nastya/bauman/7_sem/web/src/controllers/api_v2/d_route_controller.py", line 29, in create_new_d_route
    raise HTTPException(status_code=404, detail="One or both cities not found")
fastapi.exceptions.HTTPException: 404: One or both cities not found
2025-10-16 23:38:25,978 - repository.directory_route_repository - ERROR [directory_route_repository.py:100] - Отсутствуют данные о городах
2025-10-16 23:38:25,979 - controllers.api_v2.d_route_controller - ERROR [d_route_controller.py:90] - Ошибка при обновлении маршрута ID 2: 'NoneType' object has no attribute 'name'
Traceback (most recent call last):
  File "/Users/nastya/bauman/7_sem/web/src/controllers/api_v2/d_route_controller.py", line 83, in update_d_route
    departure_city=d_route.departure_city.name,
                   ^^^^^^^^^^^^^^^^^^^^^^^^^^^
AttributeError: 'NoneType' object has no attribute 'name'
2025-10-16 23:38:25,979 - routers.api_v2.d_route - ERROR [d_route.py:98] - Ошибка при обновлении справочника маршрута ID 2: 500: Error updating directory route
Traceback (most recent call last):
  File "/Users/nastya/bauman/7_sem/web/src/controllers/api_v2/d_route_controller.py", line 83, in update_d_route
    departure_city=d_route.departure_city.name,
                   ^^^^^^^^^^^^^^^^^^^^^^^^^^^
AttributeError: 'NoneType' object has no attribute 'name'

During handling of the above exception, another exception occurred:

Traceback (most recent call last):
  File "/Users/nastya/bauman/7_sem/web/src/routers/api_v2/d_route.py", line 91, in update_d_route
    result = await service_locator.get_d_route_contr().update_d_route(d_route_id, d_route)
             ^^^^^^^^^^^^^^^^^^^^^^^^^^^^^^^^^^^^^^^^^^^^^^^^^^^^^^^^^^^^^^^^^^^^^^^^^^^^^
  File "/Users/nastya/bauman/7_sem/web/src/controllers/api_v2/d_route_controller.py", line 91, in update_d_route
    raise HTTPException(status_code=500, detail="Error updating directory route")
fastapi.exceptions.HTTPException: 500: Error updating directory route
2025-10-16 23:47:09,884 - controllers.api_v2.d_route_controller - ERROR [d_route_controller.py:81] - Ошибка при полном обновлении маршрута ID 1: 'DirectoryRouteUpdate' object has no attribute 'departure_city_id'
Traceback (most recent call last):
  File "/Users/nastya/bauman/7_sem/web/src/controllers/api_v2/d_route_controller.py", line 62, in update_d_route
    departure_city = await self.city_service.get_by_id(d_route_data.departure_city_id)
                                                       ^^^^^^^^^^^^^^^^^^^^^^^^^^^^^^
  File "/opt/homebrew/lib/python3.11/site-packages/pydantic/main.py", line 891, in __getattr__
    raise AttributeError(f'{type(self).__name__!r} object has no attribute {item!r}')
AttributeError: 'DirectoryRouteUpdate' object has no attribute 'departure_city_id'
2025-10-16 23:47:09,888 - routers.api_v2.d_route - ERROR [d_route.py:99] - Ошибка при обновлении справочника маршрута ID 1: 500: Error updating directory route
Traceback (most recent call last):
  File "/Users/nastya/bauman/7_sem/web/src/controllers/api_v2/d_route_controller.py", line 62, in update_d_route
    departure_city = await self.city_service.get_by_id(d_route_data.departure_city_id)
                                                       ^^^^^^^^^^^^^^^^^^^^^^^^^^^^^^
  File "/opt/homebrew/lib/python3.11/site-packages/pydantic/main.py", line 891, in __getattr__
    raise AttributeError(f'{type(self).__name__!r} object has no attribute {item!r}')
AttributeError: 'DirectoryRouteUpdate' object has no attribute 'departure_city_id'

During handling of the above exception, another exception occurred:

Traceback (most recent call last):
  File "/Users/nastya/bauman/7_sem/web/src/routers/api_v2/d_route.py", line 92, in update_d_route
    result = await service_locator.get_d_route_contr().update_d_route(d_route_id, d_route)
             ^^^^^^^^^^^^^^^^^^^^^^^^^^^^^^^^^^^^^^^^^^^^^^^^^^^^^^^^^^^^^^^^^^^^^^^^^^^^^
  File "/Users/nastya/bauman/7_sem/web/src/controllers/api_v2/d_route_controller.py", line 82, in update_d_route
    raise HTTPException(status_code=500, detail="Error updating directory route")
fastapi.exceptions.HTTPException: 500: Error updating directory route
2025-10-16 23:47:47,684 - repository.city_repository - WARNING [city_repository.py:50] - Город с ID 0 не найден
2025-10-16 23:47:47,685 - repository.city_repository - WARNING [city_repository.py:50] - Город с ID 0 не найден
2025-10-16 23:47:47,685 - controllers.api_v2.d_route_controller - ERROR [d_route_controller.py:81] - Ошибка при полном обновлении маршрута ID 1: 404: One or both cities not found
Traceback (most recent call last):
  File "/Users/nastya/bauman/7_sem/web/src/controllers/api_v2/d_route_controller.py", line 66, in update_d_route
    raise HTTPException(status_code=404, detail="One or both cities not found")
fastapi.exceptions.HTTPException: 404: One or both cities not found
2025-10-16 23:47:47,686 - routers.api_v2.d_route - ERROR [d_route.py:99] - Ошибка при обновлении справочника маршрута ID 1: 500: Error updating directory route
Traceback (most recent call last):
  File "/Users/nastya/bauman/7_sem/web/src/controllers/api_v2/d_route_controller.py", line 66, in update_d_route
    raise HTTPException(status_code=404, detail="One or both cities not found")
fastapi.exceptions.HTTPException: 404: One or both cities not found

During handling of the above exception, another exception occurred:

Traceback (most recent call last):
  File "/Users/nastya/bauman/7_sem/web/src/routers/api_v2/d_route.py", line 92, in update_d_route
    result = await service_locator.get_d_route_contr().update_d_route(d_route_id, d_route)
             ^^^^^^^^^^^^^^^^^^^^^^^^^^^^^^^^^^^^^^^^^^^^^^^^^^^^^^^^^^^^^^^^^^^^^^^^^^^^^
  File "/Users/nastya/bauman/7_sem/web/src/controllers/api_v2/d_route_controller.py", line 82, in update_d_route
    raise HTTPException(status_code=500, detail="Error updating directory route")
fastapi.exceptions.HTTPException: 500: Error updating directory route
2025-10-16 23:48:19,843 - sqlalchemy.pool.impl.AsyncAdaptedQueuePool - ERROR [base.py:1032] - The garbage collector is trying to clean up non-checked-in connection <AdaptedConnection <asyncpg.connection.Connection object at 0x104b134c0>>, which will be terminated.  Please ensure that SQLAlchemy pooled connections are returned to the pool explicitly, either by calling ``close()`` or by using appropriate context managers to manage their lifecycle.
2025-10-16 23:48:57,579 - repository.city_repository - WARNING [city_repository.py:50] - Город с ID 0 не найден
2025-10-16 23:48:57,580 - repository.city_repository - WARNING [city_repository.py:50] - Город с ID 0 не найден
2025-10-16 23:48:57,580 - controllers.api_v2.d_route_controller - ERROR [d_route_controller.py:81] - Ошибка при полном обновлении маршрута ID 1: 404: One or both cities not found
Traceback (most recent call last):
  File "/Users/nastya/bauman/7_sem/web/src/controllers/api_v2/d_route_controller.py", line 66, in update_d_route
    raise HTTPException(status_code=404, detail="One or both cities not found")
fastapi.exceptions.HTTPException: 404: One or both cities not found
2025-10-16 23:48:57,581 - routers.api_v2.d_route - ERROR [d_route.py:99] - Ошибка при обновлении справочника маршрута ID 1: 500: Error updating directory route
Traceback (most recent call last):
  File "/Users/nastya/bauman/7_sem/web/src/controllers/api_v2/d_route_controller.py", line 66, in update_d_route
    raise HTTPException(status_code=404, detail="One or both cities not found")
fastapi.exceptions.HTTPException: 404: One or both cities not found

During handling of the above exception, another exception occurred:

Traceback (most recent call last):
  File "/Users/nastya/bauman/7_sem/web/src/routers/api_v2/d_route.py", line 92, in update_d_route
    result = await service_locator.get_d_route_contr().update_d_route(d_route_id, d_route)
             ^^^^^^^^^^^^^^^^^^^^^^^^^^^^^^^^^^^^^^^^^^^^^^^^^^^^^^^^^^^^^^^^^^^^^^^^^^^^^
  File "/Users/nastya/bauman/7_sem/web/src/controllers/api_v2/d_route_controller.py", line 82, in update_d_route
    raise HTTPException(status_code=500, detail="Error updating directory route")
fastapi.exceptions.HTTPException: 500: Error updating directory route
2025-10-16 23:50:00,455 - sqlalchemy.pool.impl.AsyncAdaptedQueuePool - ERROR [base.py:1032] - The garbage collector is trying to clean up non-checked-in connection <AdaptedConnection <asyncpg.connection.Connection object at 0x1044d34c0>>, which will be terminated.  Please ensure that SQLAlchemy pooled connections are returned to the pool explicitly, either by calling ``close()`` or by using appropriate context managers to manage their lifecycle.
2025-10-16 23:50:00,463 - controllers.api_v2.d_route_controller - ERROR [d_route_controller.py:81] - Ошибка при полном обновлении маршрута ID 1: DirectoryRouteService.update() got an unexpected keyword argument 'd_route_id'
Traceback (most recent call last):
  File "/Users/nastya/bauman/7_sem/web/src/controllers/api_v2/d_route_controller.py", line 68, in update_d_route
    updated = await self.directory_route_service.update(
                    ^^^^^^^^^^^^^^^^^^^^^^^^^^^^^^^^^^^^
TypeError: DirectoryRouteService.update() got an unexpected keyword argument 'd_route_id'
2025-10-16 23:50:00,464 - routers.api_v2.d_route - ERROR [d_route.py:99] - Ошибка при обновлении справочника маршрута ID 1: 500: Error updating directory route
Traceback (most recent call last):
  File "/Users/nastya/bauman/7_sem/web/src/controllers/api_v2/d_route_controller.py", line 68, in update_d_route
    updated = await self.directory_route_service.update(
                    ^^^^^^^^^^^^^^^^^^^^^^^^^^^^^^^^^^^^
TypeError: DirectoryRouteService.update() got an unexpected keyword argument 'd_route_id'

During handling of the above exception, another exception occurred:

Traceback (most recent call last):
  File "/Users/nastya/bauman/7_sem/web/src/routers/api_v2/d_route.py", line 92, in update_d_route
    result = await service_locator.get_d_route_contr().update_d_route(d_route_id, d_route)
             ^^^^^^^^^^^^^^^^^^^^^^^^^^^^^^^^^^^^^^^^^^^^^^^^^^^^^^^^^^^^^^^^^^^^^^^^^^^^^
  File "/Users/nastya/bauman/7_sem/web/src/controllers/api_v2/d_route_controller.py", line 82, in update_d_route
    raise HTTPException(status_code=500, detail="Error updating directory route")
fastapi.exceptions.HTTPException: 500: Error updating directory route
2025-10-16 23:57:07,576 - controllers.api_v2.d_route_controller - ERROR [d_route_controller.py:81] - Ошибка при полном обновлении маршрута ID 1: 1 validation error for DirectoryRoute
type_transport
  Value error, e_type должен быть одним из следующих: Самолет, Паром, Поезд, Автомобиль, Автобус [type=value_error, input_value='поезд', input_type=str]
    For further information visit https://errors.pydantic.dev/2.10/v/value_error
Traceback (most recent call last):
  File "/Users/nastya/bauman/7_sem/web/src/controllers/api_v2/d_route_controller.py", line 67, in update_d_route
    d_route = DirectoryRoute(
              ^^^^^^^^^^^^^^^
  File "/opt/homebrew/lib/python3.11/site-packages/pydantic/main.py", line 214, in __init__
    validated_self = self.__pydantic_validator__.validate_python(data, self_instance=self)
                     ^^^^^^^^^^^^^^^^^^^^^^^^^^^^^^^^^^^^^^^^^^^^^^^^^^^^^^^^^^^^^^^^^^^^^
pydantic_core._pydantic_core.ValidationError: 1 validation error for DirectoryRoute
type_transport
  Value error, e_type должен быть одним из следующих: Самолет, Паром, Поезд, Автомобиль, Автобус [type=value_error, input_value='поезд', input_type=str]
    For further information visit https://errors.pydantic.dev/2.10/v/value_error
2025-10-16 23:57:07,579 - routers.api_v2.d_route - ERROR [d_route.py:99] - Ошибка при обновлении справочника маршрута ID 1: 500: Error updating directory route
Traceback (most recent call last):
  File "/Users/nastya/bauman/7_sem/web/src/controllers/api_v2/d_route_controller.py", line 67, in update_d_route
    d_route = DirectoryRoute(
              ^^^^^^^^^^^^^^^
  File "/opt/homebrew/lib/python3.11/site-packages/pydantic/main.py", line 214, in __init__
    validated_self = self.__pydantic_validator__.validate_python(data, self_instance=self)
                     ^^^^^^^^^^^^^^^^^^^^^^^^^^^^^^^^^^^^^^^^^^^^^^^^^^^^^^^^^^^^^^^^^^^^^
pydantic_core._pydantic_core.ValidationError: 1 validation error for DirectoryRoute
type_transport
  Value error, e_type должен быть одним из следующих: Самолет, Паром, Поезд, Автомобиль, Автобус [type=value_error, input_value='поезд', input_type=str]
    For further information visit https://errors.pydantic.dev/2.10/v/value_error

During handling of the above exception, another exception occurred:

Traceback (most recent call last):
  File "/Users/nastya/bauman/7_sem/web/src/routers/api_v2/d_route.py", line 92, in update_d_route
    result = await service_locator.get_d_route_contr().update_d_route(d_route_id, d_route)
             ^^^^^^^^^^^^^^^^^^^^^^^^^^^^^^^^^^^^^^^^^^^^^^^^^^^^^^^^^^^^^^^^^^^^^^^^^^^^^
  File "/Users/nastya/bauman/7_sem/web/src/controllers/api_v2/d_route_controller.py", line 82, in update_d_route
    raise HTTPException(status_code=500, detail="Error updating directory route")
fastapi.exceptions.HTTPException: 500: Error updating directory route
2025-10-16 23:57:24,189 - sqlalchemy.pool.impl.AsyncAdaptedQueuePool - ERROR [base.py:1032] - The garbage collector is trying to clean up non-checked-in connection <AdaptedConnection <asyncpg.connection.Connection object at 0x109e8b4c0>>, which will be terminated.  Please ensure that SQLAlchemy pooled connections are returned to the pool explicitly, either by calling ``close()`` or by using appropriate context managers to manage their lifecycle.
2025-10-17 00:04:11,327 - controllers.api_v2.d_route_controller - ERROR [d_route_controller.py:88] - Ошибка при полном обновлении маршрута ID 1: 2 validation errors for DirectoryRouteResponseOut
departure_city
  Input should be a valid string [type=string_type, input_value=1, input_type=int]
    For further information visit https://errors.pydantic.dev/2.10/v/string_type
destination_city
  Input should be a valid string [type=string_type, input_value=2, input_type=int]
    For further information visit https://errors.pydantic.dev/2.10/v/string_type
Traceback (most recent call last):
  File "/Users/nastya/bauman/7_sem/web/src/controllers/api_v2/d_route_controller.py", line 78, in update_d_route
    return DirectoryRouteResponseOut(
           ^^^^^^^^^^^^^^^^^^^^^^^^^^
  File "/opt/homebrew/lib/python3.11/site-packages/pydantic/main.py", line 214, in __init__
    validated_self = self.__pydantic_validator__.validate_python(data, self_instance=self)
                     ^^^^^^^^^^^^^^^^^^^^^^^^^^^^^^^^^^^^^^^^^^^^^^^^^^^^^^^^^^^^^^^^^^^^^
pydantic_core._pydantic_core.ValidationError: 2 validation errors for DirectoryRouteResponseOut
departure_city
  Input should be a valid string [type=string_type, input_value=1, input_type=int]
    For further information visit https://errors.pydantic.dev/2.10/v/string_type
destination_city
  Input should be a valid string [type=string_type, input_value=2, input_type=int]
    For further information visit https://errors.pydantic.dev/2.10/v/string_type
2025-10-17 00:04:11,329 - routers.api_v2.d_route - ERROR [d_route.py:100] - Ошибка при обновлении справочника маршрута ID 1: 500: Error updating directory route
Traceback (most recent call last):
  File "/Users/nastya/bauman/7_sem/web/src/controllers/api_v2/d_route_controller.py", line 78, in update_d_route
    return DirectoryRouteResponseOut(
           ^^^^^^^^^^^^^^^^^^^^^^^^^^
  File "/opt/homebrew/lib/python3.11/site-packages/pydantic/main.py", line 214, in __init__
    validated_self = self.__pydantic_validator__.validate_python(data, self_instance=self)
                     ^^^^^^^^^^^^^^^^^^^^^^^^^^^^^^^^^^^^^^^^^^^^^^^^^^^^^^^^^^^^^^^^^^^^^
pydantic_core._pydantic_core.ValidationError: 2 validation errors for DirectoryRouteResponseOut
departure_city
  Input should be a valid string [type=string_type, input_value=1, input_type=int]
    For further information visit https://errors.pydantic.dev/2.10/v/string_type
destination_city
  Input should be a valid string [type=string_type, input_value=2, input_type=int]
    For further information visit https://errors.pydantic.dev/2.10/v/string_type

During handling of the above exception, another exception occurred:

Traceback (most recent call last):
  File "/Users/nastya/bauman/7_sem/web/src/routers/api_v2/d_route.py", line 93, in update_d_route
    result = await service_locator.get_d_route_contr().update_d_route(d_route_id, d_route)
             ^^^^^^^^^^^^^^^^^^^^^^^^^^^^^^^^^^^^^^^^^^^^^^^^^^^^^^^^^^^^^^^^^^^^^^^^^^^^^
  File "/Users/nastya/bauman/7_sem/web/src/controllers/api_v2/d_route_controller.py", line 89, in update_d_route
    raise HTTPException(status_code=500, detail="Error updating directory route")
fastapi.exceptions.HTTPException: 500: Error updating directory route
2025-10-17 00:14:05,921 - controllers.api_v2.d_route_controller - ERROR [d_route_controller.py:161] - Ошибка при получении списка маршрутов: 2 validation errors for DirectoryRouteResponse
departure_city
  Input should be a valid integer, unable to parse string as an integer [type=int_parsing, input_value='Москва', input_type=str]
    For further information visit https://errors.pydantic.dev/2.10/v/int_parsing
destination_city
  Input should be a valid integer, unable to parse string as an integer [type=int_parsing, input_value='Воронеж', input_type=str]
    For further information visit https://errors.pydantic.dev/2.10/v/int_parsing
Traceback (most recent call last):
  File "/Users/nastya/bauman/7_sem/web/src/controllers/api_v2/d_route_controller.py", line 148, in get_all_d_routes
    return [
           ^
  File "/Users/nastya/bauman/7_sem/web/src/controllers/api_v2/d_route_controller.py", line 149, in <listcomp>
    DirectoryRouteResponse(
  File "/opt/homebrew/lib/python3.11/site-packages/pydantic/main.py", line 214, in __init__
    validated_self = self.__pydantic_validator__.validate_python(data, self_instance=self)
                     ^^^^^^^^^^^^^^^^^^^^^^^^^^^^^^^^^^^^^^^^^^^^^^^^^^^^^^^^^^^^^^^^^^^^^
pydantic_core._pydantic_core.ValidationError: 2 validation errors for DirectoryRouteResponse
departure_city
  Input should be a valid integer, unable to parse string as an integer [type=int_parsing, input_value='Москва', input_type=str]
    For further information visit https://errors.pydantic.dev/2.10/v/int_parsing
destination_city
  Input should be a valid integer, unable to parse string as an integer [type=int_parsing, input_value='Воронеж', input_type=str]
    For further information visit https://errors.pydantic.dev/2.10/v/int_parsing
2025-10-17 00:14:42,161 - controllers.api_v2.d_route_controller - ERROR [d_route_controller.py:161] - Ошибка при получении списка маршрутов: 2 validation errors for DirectoryRouteResponse
departure_city
  Input should be a valid integer, unable to parse string as an integer [type=int_parsing, input_value='Москва', input_type=str]
    For further information visit https://errors.pydantic.dev/2.10/v/int_parsing
destination_city
  Input should be a valid integer, unable to parse string as an integer [type=int_parsing, input_value='Воронеж', input_type=str]
    For further information visit https://errors.pydantic.dev/2.10/v/int_parsing
Traceback (most recent call last):
  File "/Users/nastya/bauman/7_sem/web/src/controllers/api_v2/d_route_controller.py", line 148, in get_all_d_routes
    return [
           ^
  File "/Users/nastya/bauman/7_sem/web/src/controllers/api_v2/d_route_controller.py", line 149, in <listcomp>
    DirectoryRouteResponse(
  File "/opt/homebrew/lib/python3.11/site-packages/pydantic/main.py", line 214, in __init__
    validated_self = self.__pydantic_validator__.validate_python(data, self_instance=self)
                     ^^^^^^^^^^^^^^^^^^^^^^^^^^^^^^^^^^^^^^^^^^^^^^^^^^^^^^^^^^^^^^^^^^^^^
pydantic_core._pydantic_core.ValidationError: 2 validation errors for DirectoryRouteResponse
departure_city
  Input should be a valid integer, unable to parse string as an integer [type=int_parsing, input_value='Москва', input_type=str]
    For further information visit https://errors.pydantic.dev/2.10/v/int_parsing
destination_city
  Input should be a valid integer, unable to parse string as an integer [type=int_parsing, input_value='Воронеж', input_type=str]
    For further information visit https://errors.pydantic.dev/2.10/v/int_parsing
2025-10-17 00:14:44,274 - sqlalchemy.pool.impl.AsyncAdaptedQueuePool - ERROR [base.py:1032] - The garbage collector is trying to clean up non-checked-in connection <AdaptedConnection <asyncpg.connection.Connection object at 0x109063010>>, which will be terminated.  Please ensure that SQLAlchemy pooled connections are returned to the pool explicitly, either by calling ``close()`` or by using appropriate context managers to manage their lifecycle.
2025-10-17 00:14:47,234 - controllers.api_v2.d_route_controller - ERROR [d_route_controller.py:161] - Ошибка при получении списка маршрутов: 2 validation errors for DirectoryRouteResponse
departure_city
  Input should be a valid integer, unable to parse string as an integer [type=int_parsing, input_value='Москва', input_type=str]
    For further information visit https://errors.pydantic.dev/2.10/v/int_parsing
destination_city
  Input should be a valid integer, unable to parse string as an integer [type=int_parsing, input_value='Воронеж', input_type=str]
    For further information visit https://errors.pydantic.dev/2.10/v/int_parsing
Traceback (most recent call last):
  File "/Users/nastya/bauman/7_sem/web/src/controllers/api_v2/d_route_controller.py", line 148, in get_all_d_routes
    return [
           ^
  File "/Users/nastya/bauman/7_sem/web/src/controllers/api_v2/d_route_controller.py", line 149, in <listcomp>
    DirectoryRouteResponse(
  File "/opt/homebrew/lib/python3.11/site-packages/pydantic/main.py", line 214, in __init__
    validated_self = self.__pydantic_validator__.validate_python(data, self_instance=self)
                     ^^^^^^^^^^^^^^^^^^^^^^^^^^^^^^^^^^^^^^^^^^^^^^^^^^^^^^^^^^^^^^^^^^^^^
pydantic_core._pydantic_core.ValidationError: 2 validation errors for DirectoryRouteResponse
departure_city
  Input should be a valid integer, unable to parse string as an integer [type=int_parsing, input_value='Москва', input_type=str]
    For further information visit https://errors.pydantic.dev/2.10/v/int_parsing
destination_city
  Input should be a valid integer, unable to parse string as an integer [type=int_parsing, input_value='Воронеж', input_type=str]
    For further information visit https://errors.pydantic.dev/2.10/v/int_parsing
2025-10-17 00:15:58,762 - controllers.api_v2.d_route_controller - ERROR [d_route_controller.py:54] - Ошибка при создании справочного маршрута: 1 validation error for DirectoryRoute
d_route_id
  Field required [type=missing, input_value={'type_transport': 'По...атеринбург')}, input_type=dict]
    For further information visit https://errors.pydantic.dev/2.10/v/missing
Traceback (most recent call last):
  File "/Users/nastya/bauman/7_sem/web/src/controllers/api_v2/d_route_controller.py", line 31, in create_new_d_route
    d_route = DirectoryRoute(
              ^^^^^^^^^^^^^^^
  File "/opt/homebrew/lib/python3.11/site-packages/pydantic/main.py", line 214, in __init__
    validated_self = self.__pydantic_validator__.validate_python(data, self_instance=self)
                     ^^^^^^^^^^^^^^^^^^^^^^^^^^^^^^^^^^^^^^^^^^^^^^^^^^^^^^^^^^^^^^^^^^^^^
pydantic_core._pydantic_core.ValidationError: 1 validation error for DirectoryRoute
d_route_id
  Field required [type=missing, input_value={'type_transport': 'По...атеринбург')}, input_type=dict]
    For further information visit https://errors.pydantic.dev/2.10/v/missing
2025-10-17 00:15:58,765 - routers.api_v2.d_route - ERROR [d_route.py:38] - Внутренняя ошибка при создании справочного маршрута: 500: Error creating directory route
Traceback (most recent call last):
  File "/Users/nastya/bauman/7_sem/web/src/controllers/api_v2/d_route_controller.py", line 31, in create_new_d_route
    d_route = DirectoryRoute(
              ^^^^^^^^^^^^^^^
  File "/opt/homebrew/lib/python3.11/site-packages/pydantic/main.py", line 214, in __init__
    validated_self = self.__pydantic_validator__.validate_python(data, self_instance=self)
                     ^^^^^^^^^^^^^^^^^^^^^^^^^^^^^^^^^^^^^^^^^^^^^^^^^^^^^^^^^^^^^^^^^^^^^
pydantic_core._pydantic_core.ValidationError: 1 validation error for DirectoryRoute
d_route_id
  Field required [type=missing, input_value={'type_transport': 'По...атеринбург')}, input_type=dict]
    For further information visit https://errors.pydantic.dev/2.10/v/missing

During handling of the above exception, another exception occurred:

Traceback (most recent call last):
  File "/Users/nastya/bauman/7_sem/web/src/routers/api_v2/d_route.py", line 33, in create_d_route
    return await service_locator.get_d_route_contr().create_new_d_route(d_route)
           ^^^^^^^^^^^^^^^^^^^^^^^^^^^^^^^^^^^^^^^^^^^^^^^^^^^^^^^^^^^^^^^^^^^^^
  File "/Users/nastya/bauman/7_sem/web/src/controllers/api_v2/d_route_controller.py", line 55, in create_new_d_route
    raise HTTPException(status_code=500, detail="Error creating directory route")
fastapi.exceptions.HTTPException: 500: Error creating directory route
2025-10-17 00:16:56,545 - controllers.api_v2.d_route_controller - ERROR [d_route_controller.py:54] - Ошибка при создании справочного маршрута: 1 validation error for DirectoryRoute
d_route_id
  Field required [type=missing, input_value={'type_transport': 'По...т-Петербург')}, input_type=dict]
    For further information visit https://errors.pydantic.dev/2.10/v/missing
Traceback (most recent call last):
  File "/Users/nastya/bauman/7_sem/web/src/controllers/api_v2/d_route_controller.py", line 31, in create_new_d_route
    d_route = DirectoryRoute(
              ^^^^^^^^^^^^^^^
  File "/opt/homebrew/lib/python3.11/site-packages/pydantic/main.py", line 214, in __init__
    validated_self = self.__pydantic_validator__.validate_python(data, self_instance=self)
                     ^^^^^^^^^^^^^^^^^^^^^^^^^^^^^^^^^^^^^^^^^^^^^^^^^^^^^^^^^^^^^^^^^^^^^
pydantic_core._pydantic_core.ValidationError: 1 validation error for DirectoryRoute
d_route_id
  Field required [type=missing, input_value={'type_transport': 'По...т-Петербург')}, input_type=dict]
    For further information visit https://errors.pydantic.dev/2.10/v/missing
2025-10-17 00:16:56,547 - routers.api_v2.d_route - ERROR [d_route.py:38] - Внутренняя ошибка при создании справочного маршрута: 500: Error creating directory route
Traceback (most recent call last):
  File "/Users/nastya/bauman/7_sem/web/src/controllers/api_v2/d_route_controller.py", line 31, in create_new_d_route
    d_route = DirectoryRoute(
              ^^^^^^^^^^^^^^^
  File "/opt/homebrew/lib/python3.11/site-packages/pydantic/main.py", line 214, in __init__
    validated_self = self.__pydantic_validator__.validate_python(data, self_instance=self)
                     ^^^^^^^^^^^^^^^^^^^^^^^^^^^^^^^^^^^^^^^^^^^^^^^^^^^^^^^^^^^^^^^^^^^^^
pydantic_core._pydantic_core.ValidationError: 1 validation error for DirectoryRoute
d_route_id
  Field required [type=missing, input_value={'type_transport': 'По...т-Петербург')}, input_type=dict]
    For further information visit https://errors.pydantic.dev/2.10/v/missing

During handling of the above exception, another exception occurred:

Traceback (most recent call last):
  File "/Users/nastya/bauman/7_sem/web/src/routers/api_v2/d_route.py", line 33, in create_d_route
    return await service_locator.get_d_route_contr().create_new_d_route(d_route)
           ^^^^^^^^^^^^^^^^^^^^^^^^^^^^^^^^^^^^^^^^^^^^^^^^^^^^^^^^^^^^^^^^^^^^^
  File "/Users/nastya/bauman/7_sem/web/src/controllers/api_v2/d_route_controller.py", line 55, in create_new_d_route
    raise HTTPException(status_code=500, detail="Error creating directory route")
fastapi.exceptions.HTTPException: 500: Error creating directory route
2025-10-17 00:20:30,748 - controllers.api_v2.accommodation_controller - ERROR [accommodation_controller.py:41] - Ошибка при создании проживания: AccommodationService.add() takes 2 positional arguments but 3 were given
Traceback (most recent call last):
  File "/Users/nastya/bauman/7_sem/web/src/controllers/api_v2/accommodation_controller.py", line 27, in create_new_accommodation
    accommodation = await self.accommodation_service.add(data, city)
                          ^^^^^^^^^^^^^^^^^^^^^^^^^^^^^^^^^^^^^^^^^^
TypeError: AccommodationService.add() takes 2 positional arguments but 3 were given
2025-10-17 00:20:30,750 - routers.api_v2.accommodation - ERROR [accommodation.py:39] - Ошибка при создании размещения: 400: AccommodationService.add() takes 2 positional arguments but 3 were given
Traceback (most recent call last):
  File "/Users/nastya/bauman/7_sem/web/src/controllers/api_v2/accommodation_controller.py", line 27, in create_new_accommodation
    accommodation = await self.accommodation_service.add(data, city)
                          ^^^^^^^^^^^^^^^^^^^^^^^^^^^^^^^^^^^^^^^^^^
TypeError: AccommodationService.add() takes 2 positional arguments but 3 were given

During handling of the above exception, another exception occurred:

Traceback (most recent call last):
  File "/Users/nastya/bauman/7_sem/web/src/routers/api_v2/accommodation.py", line 34, in create_accommodation
    result = await service_locator.get_acc_contr().create_new_accommodation(accommodation)
             ^^^^^^^^^^^^^^^^^^^^^^^^^^^^^^^^^^^^^^^^^^^^^^^^^^^^^^^^^^^^^^^^^^^^^^^^^^^^^
  File "/Users/nastya/bauman/7_sem/web/src/controllers/api_v2/accommodation_controller.py", line 42, in create_new_accommodation
    raise HTTPException(status_code=400, detail=str(e))
fastapi.exceptions.HTTPException: 400: AccommodationService.add() takes 2 positional arguments but 3 were given
2025-10-17 00:23:38,110 - controllers.api_v2.accommodation_controller - ERROR [accommodation_controller.py:52] - Ошибка при создании проживания: name 'Accommodation' is not defined
Traceback (most recent call last):
  File "/Users/nastya/bauman/7_sem/web/src/controllers/api_v2/accommodation_controller.py", line 27, in create_new_accommodation
    accommodation = Accommodation(
                    ^^^^^^^^^^^^^
NameError: name 'Accommodation' is not defined
2025-10-17 00:23:38,112 - routers.api_v2.accommodation - ERROR [accommodation.py:39] - Ошибка при создании размещения: 400: name 'Accommodation' is not defined
Traceback (most recent call last):
  File "/Users/nastya/bauman/7_sem/web/src/controllers/api_v2/accommodation_controller.py", line 27, in create_new_accommodation
    accommodation = Accommodation(
                    ^^^^^^^^^^^^^
NameError: name 'Accommodation' is not defined

During handling of the above exception, another exception occurred:

Traceback (most recent call last):
  File "/Users/nastya/bauman/7_sem/web/src/routers/api_v2/accommodation.py", line 34, in create_accommodation
    result = await service_locator.get_acc_contr().create_new_accommodation(accommodation)
             ^^^^^^^^^^^^^^^^^^^^^^^^^^^^^^^^^^^^^^^^^^^^^^^^^^^^^^^^^^^^^^^^^^^^^^^^^^^^^
  File "/Users/nastya/bauman/7_sem/web/src/controllers/api_v2/accommodation_controller.py", line 53, in create_new_accommodation
    raise HTTPException(status_code=400, detail=str(e))
fastapi.exceptions.HTTPException: 400: name 'Accommodation' is not defined
2025-10-17 00:24:26,267 - controllers.api_v2.accommodation_controller - ERROR [accommodation_controller.py:53] - Ошибка при создании проживания: name 'Accommodation' is not defined
Traceback (most recent call last):
  File "/Users/nastya/bauman/7_sem/web/src/controllers/api_v2/accommodation_controller.py", line 28, in create_new_accommodation
    accommodation = Accommodation(
                    ^^^^^^^^^^^^^
NameError: name 'Accommodation' is not defined
2025-10-17 00:24:26,268 - routers.api_v2.accommodation - ERROR [accommodation.py:39] - Ошибка при создании размещения: 400: name 'Accommodation' is not defined
Traceback (most recent call last):
  File "/Users/nastya/bauman/7_sem/web/src/controllers/api_v2/accommodation_controller.py", line 28, in create_new_accommodation
    accommodation = Accommodation(
                    ^^^^^^^^^^^^^
NameError: name 'Accommodation' is not defined

During handling of the above exception, another exception occurred:

Traceback (most recent call last):
  File "/Users/nastya/bauman/7_sem/web/src/routers/api_v2/accommodation.py", line 34, in create_accommodation
    result = await service_locator.get_acc_contr().create_new_accommodation(accommodation)
             ^^^^^^^^^^^^^^^^^^^^^^^^^^^^^^^^^^^^^^^^^^^^^^^^^^^^^^^^^^^^^^^^^^^^^^^^^^^^^
  File "/Users/nastya/bauman/7_sem/web/src/controllers/api_v2/accommodation_controller.py", line 54, in create_new_accommodation
    raise HTTPException(status_code=400, detail=str(e))
fastapi.exceptions.HTTPException: 400: name 'Accommodation' is not defined
2025-10-17 00:25:07,856 - controllers.api_v2.accommodation_controller - ERROR [accommodation_controller.py:53] - Ошибка при создании проживания: 'AccommodationCreate' object has no attribute 'city'
Traceback (most recent call last):
  File "/Users/nastya/bauman/7_sem/web/src/controllers/api_v2/accommodation_controller.py", line 37, in create_new_accommodation
    city = data.city
           ^^^^^^^^^
  File "/opt/homebrew/lib/python3.11/site-packages/pydantic/main.py", line 891, in __getattr__
    raise AttributeError(f'{type(self).__name__!r} object has no attribute {item!r}')
AttributeError: 'AccommodationCreate' object has no attribute 'city'
2025-10-17 00:25:07,858 - routers.api_v2.accommodation - ERROR [accommodation.py:39] - Ошибка при создании размещения: 400: 'AccommodationCreate' object has no attribute 'city'
Traceback (most recent call last):
  File "/Users/nastya/bauman/7_sem/web/src/controllers/api_v2/accommodation_controller.py", line 37, in create_new_accommodation
    city = data.city
           ^^^^^^^^^
  File "/opt/homebrew/lib/python3.11/site-packages/pydantic/main.py", line 891, in __getattr__
    raise AttributeError(f'{type(self).__name__!r} object has no attribute {item!r}')
AttributeError: 'AccommodationCreate' object has no attribute 'city'

During handling of the above exception, another exception occurred:

Traceback (most recent call last):
  File "/Users/nastya/bauman/7_sem/web/src/routers/api_v2/accommodation.py", line 34, in create_accommodation
    result = await service_locator.get_acc_contr().create_new_accommodation(accommodation)
             ^^^^^^^^^^^^^^^^^^^^^^^^^^^^^^^^^^^^^^^^^^^^^^^^^^^^^^^^^^^^^^^^^^^^^^^^^^^^^
  File "/Users/nastya/bauman/7_sem/web/src/controllers/api_v2/accommodation_controller.py", line 54, in create_new_accommodation
    raise HTTPException(status_code=400, detail=str(e))
fastapi.exceptions.HTTPException: 400: 'AccommodationCreate' object has no attribute 'city'
2025-10-17 00:27:17,402 - controllers.api_v2.accommodation_controller - ERROR [accommodation_controller.py:53] - Ошибка при создании проживания: 'NoneType' object has no attribute 'city_id'
Traceback (most recent call last):
  File "/Users/nastya/bauman/7_sem/web/src/controllers/api_v2/accommodation_controller.py", line 44, in create_new_accommodation
    city_id=accommodation.city.city_id,
            ^^^^^^^^^^^^^^^^^^^^^^^^^^
AttributeError: 'NoneType' object has no attribute 'city_id'
2025-10-17 00:27:17,403 - routers.api_v2.accommodation - ERROR [accommodation.py:39] - Ошибка при создании размещения: 400: 'NoneType' object has no attribute 'city_id'
Traceback (most recent call last):
  File "/Users/nastya/bauman/7_sem/web/src/controllers/api_v2/accommodation_controller.py", line 44, in create_new_accommodation
    city_id=accommodation.city.city_id,
            ^^^^^^^^^^^^^^^^^^^^^^^^^^
AttributeError: 'NoneType' object has no attribute 'city_id'

During handling of the above exception, another exception occurred:

Traceback (most recent call last):
  File "/Users/nastya/bauman/7_sem/web/src/routers/api_v2/accommodation.py", line 34, in create_accommodation
    result = await service_locator.get_acc_contr().create_new_accommodation(accommodation)
             ^^^^^^^^^^^^^^^^^^^^^^^^^^^^^^^^^^^^^^^^^^^^^^^^^^^^^^^^^^^^^^^^^^^^^^^^^^^^^
  File "/Users/nastya/bauman/7_sem/web/src/controllers/api_v2/accommodation_controller.py", line 54, in create_new_accommodation
    raise HTTPException(status_code=400, detail=str(e))
fastapi.exceptions.HTTPException: 400: 'NoneType' object has no attribute 'city_id'
2025-10-17 00:28:38,868 - repository.accommodation_repository - ERROR [accommodation_repository.py:82] - Отсутствуют данные о городе
2025-10-17 00:28:38,868 - services.accommodation_service - ERROR [accommodation_service.py:31] - Размещение c таким ID 1 уже существует.
2025-10-17 00:28:38,868 - controllers.api_v2.accommodation_controller - ERROR [accommodation_controller.py:53] - Ошибка при создании проживания: Размещение c таким ID уже существует.
Traceback (most recent call last):
  File "/Users/nastya/bauman/7_sem/web/src/services/accommodation_service.py", line 29, in add
    accommodation = await self.repository.add(accommodation)
                    ^^^^^^^^^^^^^^^^^^^^^^^^^^^^^^^^^^^^^^^^
  File "/Users/nastya/bauman/7_sem/web/src/repository/accommodation_repository.py", line 83, in add
    raise
RuntimeError: No active exception to reraise

During handling of the above exception, another exception occurred:

Traceback (most recent call last):
  File "/Users/nastya/bauman/7_sem/web/src/controllers/api_v2/accommodation_controller.py", line 39, in create_new_accommodation
    accommodation = await self.accommodation_service.add(accommodation)
                    ^^^^^^^^^^^^^^^^^^^^^^^^^^^^^^^^^^^^^^^^^^^^^^^^^^^
  File "/Users/nastya/bauman/7_sem/web/src/services/accommodation_service.py", line 32, in add
    raise ValueError("Размещение c таким ID уже существует.")
ValueError: Размещение c таким ID уже существует.
2025-10-17 00:28:38,870 - routers.api_v2.accommodation - ERROR [accommodation.py:39] - Ошибка при создании размещения: 400: Размещение c таким ID уже существует.
Traceback (most recent call last):
  File "/Users/nastya/bauman/7_sem/web/src/services/accommodation_service.py", line 29, in add
    accommodation = await self.repository.add(accommodation)
                    ^^^^^^^^^^^^^^^^^^^^^^^^^^^^^^^^^^^^^^^^
  File "/Users/nastya/bauman/7_sem/web/src/repository/accommodation_repository.py", line 83, in add
    raise
RuntimeError: No active exception to reraise

During handling of the above exception, another exception occurred:

Traceback (most recent call last):
  File "/Users/nastya/bauman/7_sem/web/src/controllers/api_v2/accommodation_controller.py", line 39, in create_new_accommodation
    accommodation = await self.accommodation_service.add(accommodation)
                    ^^^^^^^^^^^^^^^^^^^^^^^^^^^^^^^^^^^^^^^^^^^^^^^^^^^
  File "/Users/nastya/bauman/7_sem/web/src/services/accommodation_service.py", line 32, in add
    raise ValueError("Размещение c таким ID уже существует.")
ValueError: Размещение c таким ID уже существует.

During handling of the above exception, another exception occurred:

Traceback (most recent call last):
  File "/Users/nastya/bauman/7_sem/web/src/routers/api_v2/accommodation.py", line 34, in create_accommodation
    result = await service_locator.get_acc_contr().create_new_accommodation(accommodation)
             ^^^^^^^^^^^^^^^^^^^^^^^^^^^^^^^^^^^^^^^^^^^^^^^^^^^^^^^^^^^^^^^^^^^^^^^^^^^^^
  File "/Users/nastya/bauman/7_sem/web/src/controllers/api_v2/accommodation_controller.py", line 54, in create_new_accommodation
    raise HTTPException(status_code=400, detail=str(e))
fastapi.exceptions.HTTPException: 400: Размещение c таким ID уже существует.
2025-10-17 00:31:59,577 - controllers.api_v2.accommodation_controller - ERROR [accommodation_controller.py:76] - Ошибка при обновлении проживания ID 31: AccommodationService.update() takes 2 positional arguments but 4 were given
Traceback (most recent call last):
  File "/Users/nastya/bauman/7_sem/web/src/controllers/api_v2/accommodation_controller.py", line 62, in update_accommodation
    accommodation = await self.accommodation_service.update(accommodation_id, data, city)
                          ^^^^^^^^^^^^^^^^^^^^^^^^^^^^^^^^^^^^^^^^^^^^^^^^^^^^^^^^^^^^^^^
TypeError: AccommodationService.update() takes 2 positional arguments but 4 were given
2025-10-17 00:31:59,580 - routers.api_v2.accommodation - ERROR [accommodation.py:103] - Ошибка при обновлении размещения: 400: AccommodationService.update() takes 2 positional arguments but 4 were given
Traceback (most recent call last):
  File "/Users/nastya/bauman/7_sem/web/src/controllers/api_v2/accommodation_controller.py", line 62, in update_accommodation
    accommodation = await self.accommodation_service.update(accommodation_id, data, city)
                          ^^^^^^^^^^^^^^^^^^^^^^^^^^^^^^^^^^^^^^^^^^^^^^^^^^^^^^^^^^^^^^^
TypeError: AccommodationService.update() takes 2 positional arguments but 4 were given

During handling of the above exception, another exception occurred:

Traceback (most recent call last):
  File "/Users/nastya/bauman/7_sem/web/src/routers/api_v2/accommodation.py", line 96, in update_accommodation
    result = await service_locator.get_acc_contr().update_accommodation(accommodation_id, accommodation)
             ^^^^^^^^^^^^^^^^^^^^^^^^^^^^^^^^^^^^^^^^^^^^^^^^^^^^^^^^^^^^^^^^^^^^^^^^^^^^^^^^^^^^^^^^^^^
  File "/Users/nastya/bauman/7_sem/web/src/controllers/api_v2/accommodation_controller.py", line 77, in update_accommodation
    raise HTTPException(status_code=400, detail=str(e))
fastapi.exceptions.HTTPException: 400: AccommodationService.update() takes 2 positional arguments but 4 were given
2025-10-17 00:35:19,469 - sqlalchemy.pool.impl.AsyncAdaptedQueuePool - ERROR [base.py:1032] - The garbage collector is trying to clean up non-checked-in connection <AdaptedConnection <asyncpg.connection.Connection object at 0x104be8220>>, which will be terminated.  Please ensure that SQLAlchemy pooled connections are returned to the pool explicitly, either by calling ``close()`` or by using appropriate context managers to manage their lifecycle.
2025-10-17 00:35:54,773 - controllers.api_v2.user_controller - WARNING [user_controller.py:56] - Ошибка создания пользователя: 1 validation error for User
user_id
  Field required [type=missing, input_value={'fio': 'string', 'number...CVe', 'is_admin': False}, input_type=dict]
    For further information visit https://errors.pydantic.dev/2.10/v/missing
2025-10-17 00:39:39,374 - repository.user_repository - ERROR [user_repository.py:157] - Ошибка при удалении пользователя с ID 3: (sqlalchemy.dialects.postgresql.asyncpg.ProgrammingError) <class 'asyncpg.exceptions.UndefinedColumnError'>: column "user_id" does not exist
[SQL: DELETE FROM travel WHERE user_id = $1]
[parameters: (3,)]
(Background on this error at: https://sqlalche.me/e/20/f405)
Traceback (most recent call last):
  File "/opt/homebrew/lib/python3.11/site-packages/sqlalchemy/dialects/postgresql/asyncpg.py", line 521, in _prepare_and_execute
    prepared_stmt, attributes = await adapt_connection._prepare(
                                ^^^^^^^^^^^^^^^^^^^^^^^^^^^^^^^^
  File "/opt/homebrew/lib/python3.11/site-packages/sqlalchemy/dialects/postgresql/asyncpg.py", line 768, in _prepare
    prepared_stmt = await self._connection.prepare(
                    ^^^^^^^^^^^^^^^^^^^^^^^^^^^^^^^
  File "/opt/homebrew/lib/python3.11/site-packages/asyncpg/connection.py", line 635, in prepare
    return await self._prepare(
           ^^^^^^^^^^^^^^^^^^^^
  File "/opt/homebrew/lib/python3.11/site-packages/asyncpg/connection.py", line 653, in _prepare
    stmt = await self._get_statement(
           ^^^^^^^^^^^^^^^^^^^^^^^^^^
  File "/opt/homebrew/lib/python3.11/site-packages/asyncpg/connection.py", line 432, in _get_statement
    statement = await self._protocol.prepare(
                ^^^^^^^^^^^^^^^^^^^^^^^^^^^^^
  File "asyncpg/protocol/protocol.pyx", line 165, in prepare
asyncpg.exceptions.UndefinedColumnError: column "user_id" does not exist

The above exception was the direct cause of the following exception:

Traceback (most recent call last):
  File "/opt/homebrew/lib/python3.11/site-packages/sqlalchemy/engine/base.py", line 1964, in _exec_single_context
    self.dialect.do_execute(
  File "/opt/homebrew/lib/python3.11/site-packages/sqlalchemy/engine/default.py", line 945, in do_execute
    cursor.execute(statement, parameters)
  File "/opt/homebrew/lib/python3.11/site-packages/sqlalchemy/dialects/postgresql/asyncpg.py", line 580, in execute
    self._adapt_connection.await_(
  File "/opt/homebrew/lib/python3.11/site-packages/sqlalchemy/util/_concurrency_py3k.py", line 132, in await_only
    return current.parent.switch(awaitable)  # type: ignore[no-any-return,attr-defined] # noqa: E501
           ^^^^^^^^^^^^^^^^^^^^^^^^^^^^^^^^
  File "/opt/homebrew/lib/python3.11/site-packages/sqlalchemy/util/_concurrency_py3k.py", line 196, in greenlet_spawn
    value = await result
            ^^^^^^^^^^^^
  File "/opt/homebrew/lib/python3.11/site-packages/sqlalchemy/dialects/postgresql/asyncpg.py", line 558, in _prepare_and_execute
    self._handle_exception(error)
  File "/opt/homebrew/lib/python3.11/site-packages/sqlalchemy/dialects/postgresql/asyncpg.py", line 508, in _handle_exception
    self._adapt_connection._handle_exception(error)
  File "/opt/homebrew/lib/python3.11/site-packages/sqlalchemy/dialects/postgresql/asyncpg.py", line 792, in _handle_exception
    raise translated_error from error
sqlalchemy.dialects.postgresql.asyncpg.AsyncAdapt_asyncpg_dbapi.ProgrammingError: <class 'asyncpg.exceptions.UndefinedColumnError'>: column "user_id" does not exist

The above exception was the direct cause of the following exception:

Traceback (most recent call last):
  File "/Users/nastya/bauman/7_sem/web/src/repository/user_repository.py", line 152, in delete
    await self.session.execute(delete_travels, {"user_id": user_id})
  File "/opt/homebrew/lib/python3.11/site-packages/sqlalchemy/ext/asyncio/session.py", line 463, in execute
    result = await greenlet_spawn(
             ^^^^^^^^^^^^^^^^^^^^^
  File "/opt/homebrew/lib/python3.11/site-packages/sqlalchemy/util/_concurrency_py3k.py", line 201, in greenlet_spawn
    result = context.throw(*sys.exc_info())
             ^^^^^^^^^^^^^^^^^^^^^^^^^^^^^^
  File "/opt/homebrew/lib/python3.11/site-packages/sqlalchemy/orm/session.py", line 2365, in execute
    return self._execute_internal(
           ^^^^^^^^^^^^^^^^^^^^^^^
  File "/opt/homebrew/lib/python3.11/site-packages/sqlalchemy/orm/session.py", line 2260, in _execute_internal
    result = conn.execute(
             ^^^^^^^^^^^^^
  File "/opt/homebrew/lib/python3.11/site-packages/sqlalchemy/engine/base.py", line 1416, in execute
    return meth(
           ^^^^^
  File "/opt/homebrew/lib/python3.11/site-packages/sqlalchemy/sql/elements.py", line 523, in _execute_on_connection
    return connection._execute_clauseelement(
           ^^^^^^^^^^^^^^^^^^^^^^^^^^^^^^^^^^
  File "/opt/homebrew/lib/python3.11/site-packages/sqlalchemy/engine/base.py", line 1638, in _execute_clauseelement
    ret = self._execute_context(
          ^^^^^^^^^^^^^^^^^^^^^^
  File "/opt/homebrew/lib/python3.11/site-packages/sqlalchemy/engine/base.py", line 1843, in _execute_context
    return self._exec_single_context(
           ^^^^^^^^^^^^^^^^^^^^^^^^^^
  File "/opt/homebrew/lib/python3.11/site-packages/sqlalchemy/engine/base.py", line 1983, in _exec_single_context
    self._handle_dbapi_exception(
  File "/opt/homebrew/lib/python3.11/site-packages/sqlalchemy/engine/base.py", line 2352, in _handle_dbapi_exception
    raise sqlalchemy_exception.with_traceback(exc_info[2]) from e
  File "/opt/homebrew/lib/python3.11/site-packages/sqlalchemy/engine/base.py", line 1964, in _exec_single_context
    self.dialect.do_execute(
  File "/opt/homebrew/lib/python3.11/site-packages/sqlalchemy/engine/default.py", line 945, in do_execute
    cursor.execute(statement, parameters)
  File "/opt/homebrew/lib/python3.11/site-packages/sqlalchemy/dialects/postgresql/asyncpg.py", line 580, in execute
    self._adapt_connection.await_(
  File "/opt/homebrew/lib/python3.11/site-packages/sqlalchemy/util/_concurrency_py3k.py", line 132, in await_only
    return current.parent.switch(awaitable)  # type: ignore[no-any-return,attr-defined] # noqa: E501
           ^^^^^^^^^^^^^^^^^^^^^^^^^^^^^^^^
  File "/opt/homebrew/lib/python3.11/site-packages/sqlalchemy/util/_concurrency_py3k.py", line 196, in greenlet_spawn
    value = await result
            ^^^^^^^^^^^^
  File "/opt/homebrew/lib/python3.11/site-packages/sqlalchemy/dialects/postgresql/asyncpg.py", line 558, in _prepare_and_execute
    self._handle_exception(error)
  File "/opt/homebrew/lib/python3.11/site-packages/sqlalchemy/dialects/postgresql/asyncpg.py", line 508, in _handle_exception
    self._adapt_connection._handle_exception(error)
  File "/opt/homebrew/lib/python3.11/site-packages/sqlalchemy/dialects/postgresql/asyncpg.py", line 792, in _handle_exception
    raise translated_error from error
sqlalchemy.exc.ProgrammingError: (sqlalchemy.dialects.postgresql.asyncpg.ProgrammingError) <class 'asyncpg.exceptions.UndefinedColumnError'>: column "user_id" does not exist
[SQL: DELETE FROM travel WHERE user_id = $1]
[parameters: (3,)]
(Background on this error at: https://sqlalche.me/e/20/f405)
2025-10-17 00:41:33,779 - routers.api_v2.entertainment - ERROR [entertainment.py:33] - Внутренняя ошибка при создании развлечение: 'EntertainmentCreate' object has no attribute 'city'
Traceback (most recent call last):
  File "/Users/nastya/bauman/7_sem/web/src/routers/api_v2/entertainment.py", line 28, in create_entertainment
    return await service_locator.get_ent_contr().create_new_entertainment(entertainment)
           ^^^^^^^^^^^^^^^^^^^^^^^^^^^^^^^^^^^^^^^^^^^^^^^^^^^^^^^^^^^^^^^^^^^^^^^^^^^^^
  File "/Users/nastya/bauman/7_sem/web/src/controllers/api_v2/entertainment_controller.py", line 32, in create_new_entertainment
    city_id=data.city,
            ^^^^^^^^^
  File "/opt/homebrew/lib/python3.11/site-packages/pydantic/main.py", line 891, in __getattr__
    raise AttributeError(f'{type(self).__name__!r} object has no attribute {item!r}')
AttributeError: 'EntertainmentCreate' object has no attribute 'city'
2025-10-17 00:42:20,983 - routers.api_v2.entertainment - ERROR [entertainment.py:30] - Ошибка создания развлечение: 2 validation errors for Entertainment
duration
  Value error, Продолжительность должна быть в часах [type=value_error, input_value='string', input_type=str]
    For further information visit https://errors.pydantic.dev/2.10/v/value_error
event_name
  Value error, event_name должен быть одним из следующих: Прогулка, Достопримечательности, Концерт, Музей, Выставка, Фестиваль [type=value_error, input_value='string', input_type=str]
    For further information visit https://errors.pydantic.dev/2.10/v/value_error
2025-10-17 00:42:37,252 - routers.api_v2.entertainment - ERROR [entertainment.py:30] - Ошибка создания развлечение: 1 validation error for Entertainment
duration
  Value error, Продолжительность должна быть в часах [type=value_error, input_value='string', input_type=str]
    For further information visit https://errors.pydantic.dev/2.10/v/value_error
2025-10-17 00:42:47,323 - sqlalchemy.pool.impl.AsyncAdaptedQueuePool - ERROR [base.py:1032] - The garbage collector is trying to clean up non-checked-in connection <AdaptedConnection <asyncpg.connection.Connection object at 0x103ee36a0>>, which will be terminated.  Please ensure that SQLAlchemy pooled connections are returned to the pool explicitly, either by calling ``close()`` or by using appropriate context managers to manage their lifecycle.
2025-10-17 00:42:47,328 - sqlalchemy.pool.impl.AsyncAdaptedQueuePool - ERROR [base.py:1032] - The garbage collector is trying to clean up non-checked-in connection <AdaptedConnection <asyncpg.connection.Connection object at 0x103f12200>>, which will be terminated.  Please ensure that SQLAlchemy pooled connections are returned to the pool explicitly, either by calling ``close()`` or by using appropriate context managers to manage their lifecycle.
2025-10-17 00:42:47,343 - routers.api_v2.entertainment - ERROR [entertainment.py:33] - Внутренняя ошибка при создании развлечение: 'EntertainmentCreate' object has no attribute 'entertainment_id'
Traceback (most recent call last):
  File "/Users/nastya/bauman/7_sem/web/src/services/entertainment_service.py", line 24, in add
    logger.debug("Добавление развлечения с ID %d", entertainment.entertainment_id)
                                                   ^^^^^^^^^^^^^^^^^^^^^^^^^^^^^^
  File "/opt/homebrew/lib/python3.11/site-packages/pydantic/main.py", line 891, in __getattr__
    raise AttributeError(f'{type(self).__name__!r} object has no attribute {item!r}')
AttributeError: 'EntertainmentCreate' object has no attribute 'entertainment_id'

During handling of the above exception, another exception occurred:

Traceback (most recent call last):
  File "/Users/nastya/bauman/7_sem/web/src/routers/api_v2/entertainment.py", line 28, in create_entertainment
    return await service_locator.get_ent_contr().create_new_entertainment(entertainment)
           ^^^^^^^^^^^^^^^^^^^^^^^^^^^^^^^^^^^^^^^^^^^^^^^^^^^^^^^^^^^^^^^^^^^^^^^^^^^^^
  File "/Users/nastya/bauman/7_sem/web/src/controllers/api_v2/entertainment_controller.py", line 38, in create_new_entertainment
    entertainment = await self.entertainment_service.add(data)
                    ^^^^^^^^^^^^^^^^^^^^^^^^^^^^^^^^^^^^^^^^^^
  File "/Users/nastya/bauman/7_sem/web/src/services/entertainment_service.py", line 27, in add
    logger.error("Развлечение c таким ID %d уже существует.", entertainment.entertainment_id)
                                                              ^^^^^^^^^^^^^^^^^^^^^^^^^^^^^^
  File "/opt/homebrew/lib/python3.11/site-packages/pydantic/main.py", line 891, in __getattr__
    raise AttributeError(f'{type(self).__name__!r} object has no attribute {item!r}')
AttributeError: 'EntertainmentCreate' object has no attribute 'entertainment_id'
2025-10-17 00:44:01,650 - routers.api_v2.entertainment - ERROR [entertainment.py:33] - Внутренняя ошибка при создании развлечение: 'EntertainmentCreate' object has no attribute 'entertainment_id'
Traceback (most recent call last):
  File "/Users/nastya/bauman/7_sem/web/src/services/entertainment_service.py", line 24, in add
    logger.debug("Добавление развлечения с ID %d", entertainment.entertainment_id)
                                                   ^^^^^^^^^^^^^^^^^^^^^^^^^^^^^^
  File "/opt/homebrew/lib/python3.11/site-packages/pydantic/main.py", line 891, in __getattr__
    raise AttributeError(f'{type(self).__name__!r} object has no attribute {item!r}')
AttributeError: 'EntertainmentCreate' object has no attribute 'entertainment_id'

During handling of the above exception, another exception occurred:

Traceback (most recent call last):
  File "/Users/nastya/bauman/7_sem/web/src/routers/api_v2/entertainment.py", line 28, in create_entertainment
    return await service_locator.get_ent_contr().create_new_entertainment(entertainment)
           ^^^^^^^^^^^^^^^^^^^^^^^^^^^^^^^^^^^^^^^^^^^^^^^^^^^^^^^^^^^^^^^^^^^^^^^^^^^^^
  File "/Users/nastya/bauman/7_sem/web/src/controllers/api_v2/entertainment_controller.py", line 38, in create_new_entertainment
    entertainment = await self.entertainment_service.add(data)
                    ^^^^^^^^^^^^^^^^^^^^^^^^^^^^^^^^^^^^^^^^^^
  File "/Users/nastya/bauman/7_sem/web/src/services/entertainment_service.py", line 27, in add
    logger.error("Развлечение c таким ID %d уже существует.", entertainment.entertainment_id)
                                                              ^^^^^^^^^^^^^^^^^^^^^^^^^^^^^^
  File "/opt/homebrew/lib/python3.11/site-packages/pydantic/main.py", line 891, in __getattr__
    raise AttributeError(f'{type(self).__name__!r} object has no attribute {item!r}')
AttributeError: 'EntertainmentCreate' object has no attribute 'entertainment_id'
2025-10-17 00:45:36,044 - repository.entertainment_repository - ERROR [entertainment_repository.py:75] - Отсутствуют данные о городе
2025-10-17 00:45:36,044 - services.entertainment_service - ERROR [entertainment_service.py:27] - Развлечение c таким ID 1 уже существует.
2025-10-17 00:45:36,044 - routers.api_v2.entertainment - ERROR [entertainment.py:30] - Ошибка создания развлечение: Размещение c таким ID уже существует.
2025-10-17 00:48:55,326 - repository.entertainment_repository - ERROR [entertainment_repository.py:75] - Отсутствуют данные о городе
2025-10-17 00:48:55,329 - routers.api_v2.entertainment - ERROR [entertainment.py:30] - Ошибка создания развлечение: Размещение c таким ID уже существует.
2025-10-17 00:50:43,401 - repository.entertainment_repository - ERROR [entertainment_repository.py:75] - Отсутствуют данные о городе
2025-10-17 00:50:43,402 - services.entertainment_service - ERROR [entertainment_service.py:27] - Развлечение c таким ID 1 уже существует.
2025-10-17 00:50:43,402 - routers.api_v2.entertainment - ERROR [entertainment.py:30] - Ошибка создания развлечение: Размещение c таким ID уже существует.
2025-10-17 00:52:38,026 - repository.entertainment_repository - ERROR [entertainment_repository.py:92] - Ошибка при добавлении развлечения 'Концерт': (sqlalchemy.dialects.postgresql.asyncpg.Error) <class 'asyncpg.exceptions.DataError'>: invalid input for query argument $4: datetime.datetime(2025, 10, 16, 21, 50, ... (can't subtract offset-naive and offset-aware datetimes)
[SQL: 
            INSERT INTO entertainment (duration, address, event_name, event_time, city)
            VALUES ($1, $2, $3, $4, $5)
            RETURNING id
        ]
[parameters: ('2 часа', 'string', 'Концерт', datetime.datetime(2025, 10, 16, 21, 50, 30, 423000, tzinfo=TzInfo(UTC)), 2)]
(Background on this error at: https://sqlalche.me/e/20/dbapi)
Traceback (most recent call last):
  File "asyncpg/protocol/prepared_stmt.pyx", line 175, in asyncpg.protocol.protocol.PreparedStatementState._encode_bind_msg
  File "asyncpg/protocol/codecs/base.pyx", line 227, in asyncpg.protocol.protocol.Codec.encode
  File "asyncpg/protocol/codecs/base.pyx", line 129, in asyncpg.protocol.protocol.Codec.encode_scalar
  File "asyncpg/pgproto/./codecs/datetime.pyx", line 152, in asyncpg.pgproto.pgproto.timestamp_encode
TypeError: can't subtract offset-naive and offset-aware datetimes

The above exception was the direct cause of the following exception:

Traceback (most recent call last):
  File "/opt/homebrew/lib/python3.11/site-packages/sqlalchemy/dialects/postgresql/asyncpg.py", line 545, in _prepare_and_execute
    self._rows = deque(await prepared_stmt.fetch(*parameters))
                       ^^^^^^^^^^^^^^^^^^^^^^^^^^^^^^^^^^^^^^
  File "/opt/homebrew/lib/python3.11/site-packages/asyncpg/prepared_stmt.py", line 176, in fetch
    data = await self.__bind_execute(args, 0, timeout)
           ^^^^^^^^^^^^^^^^^^^^^^^^^^^^^^^^^^^^^^^^^^^
  File "/opt/homebrew/lib/python3.11/site-packages/asyncpg/prepared_stmt.py", line 267, in __bind_execute
    data, status, _ = await self.__do_execute(
                      ^^^^^^^^^^^^^^^^^^^^^^^^
  File "/opt/homebrew/lib/python3.11/site-packages/asyncpg/prepared_stmt.py", line 256, in __do_execute
    return await executor(protocol)
           ^^^^^^^^^^^^^^^^^^^^^^^^
  File "asyncpg/protocol/protocol.pyx", line 185, in bind_execute
  File "asyncpg/protocol/prepared_stmt.pyx", line 204, in asyncpg.protocol.protocol.PreparedStatementState._encode_bind_msg
asyncpg.exceptions.DataError: invalid input for query argument $4: datetime.datetime(2025, 10, 16, 21, 50, ... (can't subtract offset-naive and offset-aware datetimes)

The above exception was the direct cause of the following exception:

Traceback (most recent call last):
  File "/opt/homebrew/lib/python3.11/site-packages/sqlalchemy/engine/base.py", line 1964, in _exec_single_context
    self.dialect.do_execute(
  File "/opt/homebrew/lib/python3.11/site-packages/sqlalchemy/engine/default.py", line 945, in do_execute
    cursor.execute(statement, parameters)
  File "/opt/homebrew/lib/python3.11/site-packages/sqlalchemy/dialects/postgresql/asyncpg.py", line 580, in execute
    self._adapt_connection.await_(
  File "/opt/homebrew/lib/python3.11/site-packages/sqlalchemy/util/_concurrency_py3k.py", line 132, in await_only
    return current.parent.switch(awaitable)  # type: ignore[no-any-return,attr-defined] # noqa: E501
           ^^^^^^^^^^^^^^^^^^^^^^^^^^^^^^^^
  File "/opt/homebrew/lib/python3.11/site-packages/sqlalchemy/util/_concurrency_py3k.py", line 196, in greenlet_spawn
    value = await result
            ^^^^^^^^^^^^
  File "/opt/homebrew/lib/python3.11/site-packages/sqlalchemy/dialects/postgresql/asyncpg.py", line 558, in _prepare_and_execute
    self._handle_exception(error)
  File "/opt/homebrew/lib/python3.11/site-packages/sqlalchemy/dialects/postgresql/asyncpg.py", line 508, in _handle_exception
    self._adapt_connection._handle_exception(error)
  File "/opt/homebrew/lib/python3.11/site-packages/sqlalchemy/dialects/postgresql/asyncpg.py", line 792, in _handle_exception
    raise translated_error from error
sqlalchemy.dialects.postgresql.asyncpg.AsyncAdapt_asyncpg_dbapi.Error: <class 'asyncpg.exceptions.DataError'>: invalid input for query argument $4: datetime.datetime(2025, 10, 16, 21, 50, ... (can't subtract offset-naive and offset-aware datetimes)

The above exception was the direct cause of the following exception:

Traceback (most recent call last):
  File "/Users/nastya/bauman/7_sem/web/src/repository/entertainment_repository.py", line 77, in add
    row = await self.session.execute(query, {
          ^^^^^^^^^^^^^^^^^^^^^^^^^^^^^^^^^^^
  File "/opt/homebrew/lib/python3.11/site-packages/sqlalchemy/ext/asyncio/session.py", line 463, in execute
    result = await greenlet_spawn(
             ^^^^^^^^^^^^^^^^^^^^^
  File "/opt/homebrew/lib/python3.11/site-packages/sqlalchemy/util/_concurrency_py3k.py", line 201, in greenlet_spawn
    result = context.throw(*sys.exc_info())
             ^^^^^^^^^^^^^^^^^^^^^^^^^^^^^^
  File "/opt/homebrew/lib/python3.11/site-packages/sqlalchemy/orm/session.py", line 2365, in execute
    return self._execute_internal(
           ^^^^^^^^^^^^^^^^^^^^^^^
  File "/opt/homebrew/lib/python3.11/site-packages/sqlalchemy/orm/session.py", line 2260, in _execute_internal
    result = conn.execute(
             ^^^^^^^^^^^^^
  File "/opt/homebrew/lib/python3.11/site-packages/sqlalchemy/engine/base.py", line 1416, in execute
    return meth(
           ^^^^^
  File "/opt/homebrew/lib/python3.11/site-packages/sqlalchemy/sql/elements.py", line 523, in _execute_on_connection
    return connection._execute_clauseelement(
           ^^^^^^^^^^^^^^^^^^^^^^^^^^^^^^^^^^
  File "/opt/homebrew/lib/python3.11/site-packages/sqlalchemy/engine/base.py", line 1638, in _execute_clauseelement
    ret = self._execute_context(
          ^^^^^^^^^^^^^^^^^^^^^^
  File "/opt/homebrew/lib/python3.11/site-packages/sqlalchemy/engine/base.py", line 1843, in _execute_context
    return self._exec_single_context(
           ^^^^^^^^^^^^^^^^^^^^^^^^^^
  File "/opt/homebrew/lib/python3.11/site-packages/sqlalchemy/engine/base.py", line 1983, in _exec_single_context
    self._handle_dbapi_exception(
  File "/opt/homebrew/lib/python3.11/site-packages/sqlalchemy/engine/base.py", line 2352, in _handle_dbapi_exception
    raise sqlalchemy_exception.with_traceback(exc_info[2]) from e
  File "/opt/homebrew/lib/python3.11/site-packages/sqlalchemy/engine/base.py", line 1964, in _exec_single_context
    self.dialect.do_execute(
  File "/opt/homebrew/lib/python3.11/site-packages/sqlalchemy/engine/default.py", line 945, in do_execute
    cursor.execute(statement, parameters)
  File "/opt/homebrew/lib/python3.11/site-packages/sqlalchemy/dialects/postgresql/asyncpg.py", line 580, in execute
    self._adapt_connection.await_(
  File "/opt/homebrew/lib/python3.11/site-packages/sqlalchemy/util/_concurrency_py3k.py", line 132, in await_only
    return current.parent.switch(awaitable)  # type: ignore[no-any-return,attr-defined] # noqa: E501
           ^^^^^^^^^^^^^^^^^^^^^^^^^^^^^^^^
  File "/opt/homebrew/lib/python3.11/site-packages/sqlalchemy/util/_concurrency_py3k.py", line 196, in greenlet_spawn
    value = await result
            ^^^^^^^^^^^^
  File "/opt/homebrew/lib/python3.11/site-packages/sqlalchemy/dialects/postgresql/asyncpg.py", line 558, in _prepare_and_execute
    self._handle_exception(error)
  File "/opt/homebrew/lib/python3.11/site-packages/sqlalchemy/dialects/postgresql/asyncpg.py", line 508, in _handle_exception
    self._adapt_connection._handle_exception(error)
  File "/opt/homebrew/lib/python3.11/site-packages/sqlalchemy/dialects/postgresql/asyncpg.py", line 792, in _handle_exception
    raise translated_error from error
sqlalchemy.exc.DBAPIError: (sqlalchemy.dialects.postgresql.asyncpg.Error) <class 'asyncpg.exceptions.DataError'>: invalid input for query argument $4: datetime.datetime(2025, 10, 16, 21, 50, ... (can't subtract offset-naive and offset-aware datetimes)
[SQL: 
            INSERT INTO entertainment (duration, address, event_name, event_time, city)
            VALUES ($1, $2, $3, $4, $5)
            RETURNING id
        ]
[parameters: ('2 часа', 'string', 'Концерт', datetime.datetime(2025, 10, 16, 21, 50, 30, 423000, tzinfo=TzInfo(UTC)), 2)]
(Background on this error at: https://sqlalche.me/e/20/dbapi)
2025-10-17 00:53:05,256 - repository.entertainment_repository - ERROR [entertainment_repository.py:92] - Ошибка при добавлении развлечения 'Концерт': (sqlalchemy.dialects.postgresql.asyncpg.Error) <class 'asyncpg.exceptions.DataError'>: invalid input for query argument $4: datetime.datetime(2025, 10, 16, 21, 50, ... (can't subtract offset-naive and offset-aware datetimes)
[SQL: 
            INSERT INTO entertainment (duration, address, event_name, event_time, city)
            VALUES ($1, $2, $3, $4, $5)
            RETURNING id
        ]
[parameters: ('2 часа', 'string', 'Концерт', datetime.datetime(2025, 10, 16, 21, 50, 30, 423000, tzinfo=TzInfo(UTC)), 2)]
(Background on this error at: https://sqlalche.me/e/20/dbapi)
Traceback (most recent call last):
  File "asyncpg/protocol/prepared_stmt.pyx", line 175, in asyncpg.protocol.protocol.PreparedStatementState._encode_bind_msg
  File "asyncpg/protocol/codecs/base.pyx", line 227, in asyncpg.protocol.protocol.Codec.encode
  File "asyncpg/protocol/codecs/base.pyx", line 129, in asyncpg.protocol.protocol.Codec.encode_scalar
  File "asyncpg/pgproto/./codecs/datetime.pyx", line 152, in asyncpg.pgproto.pgproto.timestamp_encode
TypeError: can't subtract offset-naive and offset-aware datetimes

The above exception was the direct cause of the following exception:

Traceback (most recent call last):
  File "/opt/homebrew/lib/python3.11/site-packages/sqlalchemy/dialects/postgresql/asyncpg.py", line 545, in _prepare_and_execute
    self._rows = deque(await prepared_stmt.fetch(*parameters))
                       ^^^^^^^^^^^^^^^^^^^^^^^^^^^^^^^^^^^^^^
  File "/opt/homebrew/lib/python3.11/site-packages/asyncpg/prepared_stmt.py", line 176, in fetch
    data = await self.__bind_execute(args, 0, timeout)
           ^^^^^^^^^^^^^^^^^^^^^^^^^^^^^^^^^^^^^^^^^^^
  File "/opt/homebrew/lib/python3.11/site-packages/asyncpg/prepared_stmt.py", line 267, in __bind_execute
    data, status, _ = await self.__do_execute(
                      ^^^^^^^^^^^^^^^^^^^^^^^^
  File "/opt/homebrew/lib/python3.11/site-packages/asyncpg/prepared_stmt.py", line 256, in __do_execute
    return await executor(protocol)
           ^^^^^^^^^^^^^^^^^^^^^^^^
  File "asyncpg/protocol/protocol.pyx", line 185, in bind_execute
  File "asyncpg/protocol/prepared_stmt.pyx", line 204, in asyncpg.protocol.protocol.PreparedStatementState._encode_bind_msg
asyncpg.exceptions.DataError: invalid input for query argument $4: datetime.datetime(2025, 10, 16, 21, 50, ... (can't subtract offset-naive and offset-aware datetimes)

The above exception was the direct cause of the following exception:

Traceback (most recent call last):
  File "/opt/homebrew/lib/python3.11/site-packages/sqlalchemy/engine/base.py", line 1964, in _exec_single_context
    self.dialect.do_execute(
  File "/opt/homebrew/lib/python3.11/site-packages/sqlalchemy/engine/default.py", line 945, in do_execute
    cursor.execute(statement, parameters)
  File "/opt/homebrew/lib/python3.11/site-packages/sqlalchemy/dialects/postgresql/asyncpg.py", line 580, in execute
    self._adapt_connection.await_(
  File "/opt/homebrew/lib/python3.11/site-packages/sqlalchemy/util/_concurrency_py3k.py", line 132, in await_only
    return current.parent.switch(awaitable)  # type: ignore[no-any-return,attr-defined] # noqa: E501
           ^^^^^^^^^^^^^^^^^^^^^^^^^^^^^^^^
  File "/opt/homebrew/lib/python3.11/site-packages/sqlalchemy/util/_concurrency_py3k.py", line 196, in greenlet_spawn
    value = await result
            ^^^^^^^^^^^^
  File "/opt/homebrew/lib/python3.11/site-packages/sqlalchemy/dialects/postgresql/asyncpg.py", line 558, in _prepare_and_execute
    self._handle_exception(error)
  File "/opt/homebrew/lib/python3.11/site-packages/sqlalchemy/dialects/postgresql/asyncpg.py", line 508, in _handle_exception
    self._adapt_connection._handle_exception(error)
  File "/opt/homebrew/lib/python3.11/site-packages/sqlalchemy/dialects/postgresql/asyncpg.py", line 792, in _handle_exception
    raise translated_error from error
sqlalchemy.dialects.postgresql.asyncpg.AsyncAdapt_asyncpg_dbapi.Error: <class 'asyncpg.exceptions.DataError'>: invalid input for query argument $4: datetime.datetime(2025, 10, 16, 21, 50, ... (can't subtract offset-naive and offset-aware datetimes)

The above exception was the direct cause of the following exception:

Traceback (most recent call last):
  File "/Users/nastya/bauman/7_sem/web/src/repository/entertainment_repository.py", line 77, in add
    row = await self.session.execute(query, {
          ^^^^^^^^^^^^^^^^^^^^^^^^^^^^^^^^^^^
  File "/opt/homebrew/lib/python3.11/site-packages/sqlalchemy/ext/asyncio/session.py", line 463, in execute
    result = await greenlet_spawn(
             ^^^^^^^^^^^^^^^^^^^^^
  File "/opt/homebrew/lib/python3.11/site-packages/sqlalchemy/util/_concurrency_py3k.py", line 201, in greenlet_spawn
    result = context.throw(*sys.exc_info())
             ^^^^^^^^^^^^^^^^^^^^^^^^^^^^^^
  File "/opt/homebrew/lib/python3.11/site-packages/sqlalchemy/orm/session.py", line 2365, in execute
    return self._execute_internal(
           ^^^^^^^^^^^^^^^^^^^^^^^
  File "/opt/homebrew/lib/python3.11/site-packages/sqlalchemy/orm/session.py", line 2260, in _execute_internal
    result = conn.execute(
             ^^^^^^^^^^^^^
  File "/opt/homebrew/lib/python3.11/site-packages/sqlalchemy/engine/base.py", line 1416, in execute
    return meth(
           ^^^^^
  File "/opt/homebrew/lib/python3.11/site-packages/sqlalchemy/sql/elements.py", line 523, in _execute_on_connection
    return connection._execute_clauseelement(
           ^^^^^^^^^^^^^^^^^^^^^^^^^^^^^^^^^^
  File "/opt/homebrew/lib/python3.11/site-packages/sqlalchemy/engine/base.py", line 1638, in _execute_clauseelement
    ret = self._execute_context(
          ^^^^^^^^^^^^^^^^^^^^^^
  File "/opt/homebrew/lib/python3.11/site-packages/sqlalchemy/engine/base.py", line 1843, in _execute_context
    return self._exec_single_context(
           ^^^^^^^^^^^^^^^^^^^^^^^^^^
  File "/opt/homebrew/lib/python3.11/site-packages/sqlalchemy/engine/base.py", line 1983, in _exec_single_context
    self._handle_dbapi_exception(
  File "/opt/homebrew/lib/python3.11/site-packages/sqlalchemy/engine/base.py", line 2352, in _handle_dbapi_exception
    raise sqlalchemy_exception.with_traceback(exc_info[2]) from e
  File "/opt/homebrew/lib/python3.11/site-packages/sqlalchemy/engine/base.py", line 1964, in _exec_single_context
    self.dialect.do_execute(
  File "/opt/homebrew/lib/python3.11/site-packages/sqlalchemy/engine/default.py", line 945, in do_execute
    cursor.execute(statement, parameters)
  File "/opt/homebrew/lib/python3.11/site-packages/sqlalchemy/dialects/postgresql/asyncpg.py", line 580, in execute
    self._adapt_connection.await_(
  File "/opt/homebrew/lib/python3.11/site-packages/sqlalchemy/util/_concurrency_py3k.py", line 132, in await_only
    return current.parent.switch(awaitable)  # type: ignore[no-any-return,attr-defined] # noqa: E501
           ^^^^^^^^^^^^^^^^^^^^^^^^^^^^^^^^
  File "/opt/homebrew/lib/python3.11/site-packages/sqlalchemy/util/_concurrency_py3k.py", line 196, in greenlet_spawn
    value = await result
            ^^^^^^^^^^^^
  File "/opt/homebrew/lib/python3.11/site-packages/sqlalchemy/dialects/postgresql/asyncpg.py", line 558, in _prepare_and_execute
    self._handle_exception(error)
  File "/opt/homebrew/lib/python3.11/site-packages/sqlalchemy/dialects/postgresql/asyncpg.py", line 508, in _handle_exception
    self._adapt_connection._handle_exception(error)
  File "/opt/homebrew/lib/python3.11/site-packages/sqlalchemy/dialects/postgresql/asyncpg.py", line 792, in _handle_exception
    raise translated_error from error
sqlalchemy.exc.DBAPIError: (sqlalchemy.dialects.postgresql.asyncpg.Error) <class 'asyncpg.exceptions.DataError'>: invalid input for query argument $4: datetime.datetime(2025, 10, 16, 21, 50, ... (can't subtract offset-naive and offset-aware datetimes)
[SQL: 
            INSERT INTO entertainment (duration, address, event_name, event_time, city)
            VALUES ($1, $2, $3, $4, $5)
            RETURNING id
        ]
[parameters: ('2 часа', 'string', 'Концерт', datetime.datetime(2025, 10, 16, 21, 50, 30, 423000, tzinfo=TzInfo(UTC)), 2)]
(Background on this error at: https://sqlalche.me/e/20/dbapi)
2025-10-17 00:58:23,866 - controllers.api_v2.d_route_controller - ERROR [d_route_controller.py:140] - Ошибка при получении информации о маршруте ID 96: 2 validation errors for DirectoryRouteResponse
departure_city
  Input should be a valid integer, unable to parse string as an integer [type=int_parsing, input_value='Воронеж', input_type=str]
    For further information visit https://errors.pydantic.dev/2.10/v/int_parsing
destination_city
  Input should be a valid integer, unable to parse string as an integer [type=int_parsing, input_value='Калининград', input_type=str]
    For further information visit https://errors.pydantic.dev/2.10/v/int_parsing
Traceback (most recent call last):
  File "/Users/nastya/bauman/7_sem/web/src/controllers/api_v2/d_route_controller.py", line 130, in get_d_route_details
    return DirectoryRouteResponse(
           ^^^^^^^^^^^^^^^^^^^^^^^
  File "/opt/homebrew/lib/python3.11/site-packages/pydantic/main.py", line 214, in __init__
    validated_self = self.__pydantic_validator__.validate_python(data, self_instance=self)
                     ^^^^^^^^^^^^^^^^^^^^^^^^^^^^^^^^^^^^^^^^^^^^^^^^^^^^^^^^^^^^^^^^^^^^^
pydantic_core._pydantic_core.ValidationError: 2 validation errors for DirectoryRouteResponse
departure_city
  Input should be a valid integer, unable to parse string as an integer [type=int_parsing, input_value='Воронеж', input_type=str]
    For further information visit https://errors.pydantic.dev/2.10/v/int_parsing
destination_city
  Input should be a valid integer, unable to parse string as an integer [type=int_parsing, input_value='Калининград', input_type=str]
    For further information visit https://errors.pydantic.dev/2.10/v/int_parsing
2025-10-17 00:59:38,429 - sqlalchemy.pool.impl.AsyncAdaptedQueuePool - ERROR [base.py:1032] - The garbage collector is trying to clean up non-checked-in connection <AdaptedConnection <asyncpg.connection.Connection object at 0x104783790>>, which will be terminated.  Please ensure that SQLAlchemy pooled connections are returned to the pool explicitly, either by calling ``close()`` or by using appropriate context managers to manage their lifecycle.
2025-10-17 08:47:31,567 - routers.api_v2.travel - ERROR [travel.py:34] - Внутренняя ошибка при создании путешествия: 'TravelController' object has no attribute 'create_new_travel'
Traceback (most recent call last):
  File "/Users/nastya/bauman/7_sem/web/src/routers/api_v2/travel.py", line 27, in create_travel
    result = await service_locator.get_travel_contr().create_new_travel(travel)
                   ^^^^^^^^^^^^^^^^^^^^^^^^^^^^^^^^^^^^^^^^^^^^^^^^^^^^
AttributeError: 'TravelController' object has no attribute 'create_new_travel'
2025-10-17 08:48:50,319 - services.travel_service - ERROR [travel_service.py:36] - Путешествие c таким ID 10 уже существует.
2025-10-17 08:48:50,320 - controllers.api_v2.travel_controller - ERROR [travel_controller.py:52] - Ошибка при создании путешествия: Путешествие c таким ID уже существует.
Traceback (most recent call last):
  File "/opt/homebrew/lib/python3.11/site-packages/sqlalchemy/dialects/postgresql/asyncpg.py", line 521, in _prepare_and_execute
    prepared_stmt, attributes = await adapt_connection._prepare(
                                ^^^^^^^^^^^^^^^^^^^^^^^^^^^^^^^^
  File "/opt/homebrew/lib/python3.11/site-packages/sqlalchemy/dialects/postgresql/asyncpg.py", line 768, in _prepare
    prepared_stmt = await self._connection.prepare(
                    ^^^^^^^^^^^^^^^^^^^^^^^^^^^^^^^
  File "/opt/homebrew/lib/python3.11/site-packages/asyncpg/connection.py", line 635, in prepare
    return await self._prepare(
           ^^^^^^^^^^^^^^^^^^^^
  File "/opt/homebrew/lib/python3.11/site-packages/asyncpg/connection.py", line 653, in _prepare
    stmt = await self._get_statement(
           ^^^^^^^^^^^^^^^^^^^^^^^^^^
  File "/opt/homebrew/lib/python3.11/site-packages/asyncpg/connection.py", line 432, in _get_statement
    statement = await self._protocol.prepare(
                ^^^^^^^^^^^^^^^^^^^^^^^^^^^^^
  File "asyncpg/protocol/protocol.pyx", line 165, in prepare
asyncpg.exceptions.UndefinedColumnError: column "travel_id" does not exist
HINT:  There is a column named "travel_id" in table "users_travel", but it cannot be referenced from this part of the query.

The above exception was the direct cause of the following exception:

Traceback (most recent call last):
  File "/opt/homebrew/lib/python3.11/site-packages/sqlalchemy/engine/base.py", line 1964, in _exec_single_context
    self.dialect.do_execute(
  File "/opt/homebrew/lib/python3.11/site-packages/sqlalchemy/engine/default.py", line 945, in do_execute
    cursor.execute(statement, parameters)
  File "/opt/homebrew/lib/python3.11/site-packages/sqlalchemy/dialects/postgresql/asyncpg.py", line 580, in execute
    self._adapt_connection.await_(
  File "/opt/homebrew/lib/python3.11/site-packages/sqlalchemy/util/_concurrency_py3k.py", line 132, in await_only
    return current.parent.switch(awaitable)  # type: ignore[no-any-return,attr-defined] # noqa: E501
           ^^^^^^^^^^^^^^^^^^^^^^^^^^^^^^^^
  File "/opt/homebrew/lib/python3.11/site-packages/sqlalchemy/util/_concurrency_py3k.py", line 196, in greenlet_spawn
    value = await result
            ^^^^^^^^^^^^
  File "/opt/homebrew/lib/python3.11/site-packages/sqlalchemy/dialects/postgresql/asyncpg.py", line 558, in _prepare_and_execute
    self._handle_exception(error)
  File "/opt/homebrew/lib/python3.11/site-packages/sqlalchemy/dialects/postgresql/asyncpg.py", line 508, in _handle_exception
    self._adapt_connection._handle_exception(error)
  File "/opt/homebrew/lib/python3.11/site-packages/sqlalchemy/dialects/postgresql/asyncpg.py", line 792, in _handle_exception
    raise translated_error from error
sqlalchemy.dialects.postgresql.asyncpg.AsyncAdapt_asyncpg_dbapi.ProgrammingError: <class 'asyncpg.exceptions.UndefinedColumnError'>: column "travel_id" does not exist
HINT:  There is a column named "travel_id" in table "users_travel", but it cannot be referenced from this part of the query.

The above exception was the direct cause of the following exception:

Traceback (most recent call last):
  File "/Users/nastya/bauman/7_sem/web/src/repository/travel_repository.py", line 175, in add
    await self.session.execute(user_query, {
  File "/opt/homebrew/lib/python3.11/site-packages/sqlalchemy/ext/asyncio/session.py", line 463, in execute
    result = await greenlet_spawn(
             ^^^^^^^^^^^^^^^^^^^^^
  File "/opt/homebrew/lib/python3.11/site-packages/sqlalchemy/util/_concurrency_py3k.py", line 201, in greenlet_spawn
    result = context.throw(*sys.exc_info())
             ^^^^^^^^^^^^^^^^^^^^^^^^^^^^^^
  File "/opt/homebrew/lib/python3.11/site-packages/sqlalchemy/orm/session.py", line 2365, in execute
    return self._execute_internal(
           ^^^^^^^^^^^^^^^^^^^^^^^
  File "/opt/homebrew/lib/python3.11/site-packages/sqlalchemy/orm/session.py", line 2260, in _execute_internal
    result = conn.execute(
             ^^^^^^^^^^^^^
  File "/opt/homebrew/lib/python3.11/site-packages/sqlalchemy/engine/base.py", line 1416, in execute
    return meth(
           ^^^^^
  File "/opt/homebrew/lib/python3.11/site-packages/sqlalchemy/sql/elements.py", line 523, in _execute_on_connection
    return connection._execute_clauseelement(
           ^^^^^^^^^^^^^^^^^^^^^^^^^^^^^^^^^^
  File "/opt/homebrew/lib/python3.11/site-packages/sqlalchemy/engine/base.py", line 1638, in _execute_clauseelement
    ret = self._execute_context(
          ^^^^^^^^^^^^^^^^^^^^^^
  File "/opt/homebrew/lib/python3.11/site-packages/sqlalchemy/engine/base.py", line 1843, in _execute_context
    return self._exec_single_context(
           ^^^^^^^^^^^^^^^^^^^^^^^^^^
  File "/opt/homebrew/lib/python3.11/site-packages/sqlalchemy/engine/base.py", line 1983, in _exec_single_context
    self._handle_dbapi_exception(
  File "/opt/homebrew/lib/python3.11/site-packages/sqlalchemy/engine/base.py", line 2352, in _handle_dbapi_exception
    raise sqlalchemy_exception.with_traceback(exc_info[2]) from e
  File "/opt/homebrew/lib/python3.11/site-packages/sqlalchemy/engine/base.py", line 1964, in _exec_single_context
    self.dialect.do_execute(
  File "/opt/homebrew/lib/python3.11/site-packages/sqlalchemy/engine/default.py", line 945, in do_execute
    cursor.execute(statement, parameters)
  File "/opt/homebrew/lib/python3.11/site-packages/sqlalchemy/dialects/postgresql/asyncpg.py", line 580, in execute
    self._adapt_connection.await_(
  File "/opt/homebrew/lib/python3.11/site-packages/sqlalchemy/util/_concurrency_py3k.py", line 132, in await_only
    return current.parent.switch(awaitable)  # type: ignore[no-any-return,attr-defined] # noqa: E501
           ^^^^^^^^^^^^^^^^^^^^^^^^^^^^^^^^
  File "/opt/homebrew/lib/python3.11/site-packages/sqlalchemy/util/_concurrency_py3k.py", line 196, in greenlet_spawn
    value = await result
            ^^^^^^^^^^^^
  File "/opt/homebrew/lib/python3.11/site-packages/sqlalchemy/dialects/postgresql/asyncpg.py", line 558, in _prepare_and_execute
    self._handle_exception(error)
  File "/opt/homebrew/lib/python3.11/site-packages/sqlalchemy/dialects/postgresql/asyncpg.py", line 508, in _handle_exception
    self._adapt_connection._handle_exception(error)
  File "/opt/homebrew/lib/python3.11/site-packages/sqlalchemy/dialects/postgresql/asyncpg.py", line 792, in _handle_exception
    raise translated_error from error
sqlalchemy.exc.ProgrammingError: (sqlalchemy.dialects.postgresql.asyncpg.ProgrammingError) <class 'asyncpg.exceptions.UndefinedColumnError'>: column "travel_id" does not exist
HINT:  There is a column named "travel_id" in table "users_travel", but it cannot be referenced from this part of the query.
[SQL: 
            INSERT INTO users_travel (users_id, travel_id) 
            VALUES ($1, travel_id)
        ]
[parameters: (1,)]
(Background on this error at: https://sqlalche.me/e/20/f405)

During handling of the above exception, another exception occurred:

Traceback (most recent call last):
  File "/Users/nastya/bauman/7_sem/web/src/services/travel_service.py", line 34, in add
    travel = await self.repository.add(travel)
             ^^^^^^^^^^^^^^^^^^^^^^^^^^^^^^^^^
  File "/Users/nastya/bauman/7_sem/web/src/repository/travel_repository.py", line 180, in add
    raise ValueError(f"Ошибка при добавлении пользователя с ID {user.user_id}: {e}")
ValueError: Ошибка при добавлении пользователя с ID 1: (sqlalchemy.dialects.postgresql.asyncpg.ProgrammingError) <class 'asyncpg.exceptions.UndefinedColumnError'>: column "travel_id" does not exist
HINT:  There is a column named "travel_id" in table "users_travel", but it cannot be referenced from this part of the query.
[SQL: 
            INSERT INTO users_travel (users_id, travel_id) 
            VALUES ($1, travel_id)
        ]
[parameters: (1,)]
(Background on this error at: https://sqlalche.me/e/20/f405)

During handling of the above exception, another exception occurred:

Traceback (most recent call last):
  File "/Users/nastya/bauman/7_sem/web/src/controllers/api_v2/travel_controller.py", line 42, in create_travel
    created = await self.travel_service.add(travel)
              ^^^^^^^^^^^^^^^^^^^^^^^^^^^^^^^^^^^^^
  File "/Users/nastya/bauman/7_sem/web/src/services/travel_service.py", line 37, in add
    raise ValueError("Путешествие c таким ID уже существует.")
ValueError: Путешествие c таким ID уже существует.
2025-10-17 08:48:50,329 - routers.api_v2.travel - ERROR [travel.py:34] - Внутренняя ошибка при создании путешествия: 500: Error creating travel
Traceback (most recent call last):
  File "/opt/homebrew/lib/python3.11/site-packages/sqlalchemy/dialects/postgresql/asyncpg.py", line 521, in _prepare_and_execute
    prepared_stmt, attributes = await adapt_connection._prepare(
                                ^^^^^^^^^^^^^^^^^^^^^^^^^^^^^^^^
  File "/opt/homebrew/lib/python3.11/site-packages/sqlalchemy/dialects/postgresql/asyncpg.py", line 768, in _prepare
    prepared_stmt = await self._connection.prepare(
                    ^^^^^^^^^^^^^^^^^^^^^^^^^^^^^^^
  File "/opt/homebrew/lib/python3.11/site-packages/asyncpg/connection.py", line 635, in prepare
    return await self._prepare(
           ^^^^^^^^^^^^^^^^^^^^
  File "/opt/homebrew/lib/python3.11/site-packages/asyncpg/connection.py", line 653, in _prepare
    stmt = await self._get_statement(
           ^^^^^^^^^^^^^^^^^^^^^^^^^^
  File "/opt/homebrew/lib/python3.11/site-packages/asyncpg/connection.py", line 432, in _get_statement
    statement = await self._protocol.prepare(
                ^^^^^^^^^^^^^^^^^^^^^^^^^^^^^
  File "asyncpg/protocol/protocol.pyx", line 165, in prepare
asyncpg.exceptions.UndefinedColumnError: column "travel_id" does not exist
HINT:  There is a column named "travel_id" in table "users_travel", but it cannot be referenced from this part of the query.

The above exception was the direct cause of the following exception:

Traceback (most recent call last):
  File "/opt/homebrew/lib/python3.11/site-packages/sqlalchemy/engine/base.py", line 1964, in _exec_single_context
    self.dialect.do_execute(
  File "/opt/homebrew/lib/python3.11/site-packages/sqlalchemy/engine/default.py", line 945, in do_execute
    cursor.execute(statement, parameters)
  File "/opt/homebrew/lib/python3.11/site-packages/sqlalchemy/dialects/postgresql/asyncpg.py", line 580, in execute
    self._adapt_connection.await_(
  File "/opt/homebrew/lib/python3.11/site-packages/sqlalchemy/util/_concurrency_py3k.py", line 132, in await_only
    return current.parent.switch(awaitable)  # type: ignore[no-any-return,attr-defined] # noqa: E501
           ^^^^^^^^^^^^^^^^^^^^^^^^^^^^^^^^
  File "/opt/homebrew/lib/python3.11/site-packages/sqlalchemy/util/_concurrency_py3k.py", line 196, in greenlet_spawn
    value = await result
            ^^^^^^^^^^^^
  File "/opt/homebrew/lib/python3.11/site-packages/sqlalchemy/dialects/postgresql/asyncpg.py", line 558, in _prepare_and_execute
    self._handle_exception(error)
  File "/opt/homebrew/lib/python3.11/site-packages/sqlalchemy/dialects/postgresql/asyncpg.py", line 508, in _handle_exception
    self._adapt_connection._handle_exception(error)
  File "/opt/homebrew/lib/python3.11/site-packages/sqlalchemy/dialects/postgresql/asyncpg.py", line 792, in _handle_exception
    raise translated_error from error
sqlalchemy.dialects.postgresql.asyncpg.AsyncAdapt_asyncpg_dbapi.ProgrammingError: <class 'asyncpg.exceptions.UndefinedColumnError'>: column "travel_id" does not exist
HINT:  There is a column named "travel_id" in table "users_travel", but it cannot be referenced from this part of the query.

The above exception was the direct cause of the following exception:

Traceback (most recent call last):
  File "/Users/nastya/bauman/7_sem/web/src/repository/travel_repository.py", line 175, in add
    await self.session.execute(user_query, {
  File "/opt/homebrew/lib/python3.11/site-packages/sqlalchemy/ext/asyncio/session.py", line 463, in execute
    result = await greenlet_spawn(
             ^^^^^^^^^^^^^^^^^^^^^
  File "/opt/homebrew/lib/python3.11/site-packages/sqlalchemy/util/_concurrency_py3k.py", line 201, in greenlet_spawn
    result = context.throw(*sys.exc_info())
             ^^^^^^^^^^^^^^^^^^^^^^^^^^^^^^
  File "/opt/homebrew/lib/python3.11/site-packages/sqlalchemy/orm/session.py", line 2365, in execute
    return self._execute_internal(
           ^^^^^^^^^^^^^^^^^^^^^^^
  File "/opt/homebrew/lib/python3.11/site-packages/sqlalchemy/orm/session.py", line 2260, in _execute_internal
    result = conn.execute(
             ^^^^^^^^^^^^^
  File "/opt/homebrew/lib/python3.11/site-packages/sqlalchemy/engine/base.py", line 1416, in execute
    return meth(
           ^^^^^
  File "/opt/homebrew/lib/python3.11/site-packages/sqlalchemy/sql/elements.py", line 523, in _execute_on_connection
    return connection._execute_clauseelement(
           ^^^^^^^^^^^^^^^^^^^^^^^^^^^^^^^^^^
  File "/opt/homebrew/lib/python3.11/site-packages/sqlalchemy/engine/base.py", line 1638, in _execute_clauseelement
    ret = self._execute_context(
          ^^^^^^^^^^^^^^^^^^^^^^
  File "/opt/homebrew/lib/python3.11/site-packages/sqlalchemy/engine/base.py", line 1843, in _execute_context
    return self._exec_single_context(
           ^^^^^^^^^^^^^^^^^^^^^^^^^^
  File "/opt/homebrew/lib/python3.11/site-packages/sqlalchemy/engine/base.py", line 1983, in _exec_single_context
    self._handle_dbapi_exception(
  File "/opt/homebrew/lib/python3.11/site-packages/sqlalchemy/engine/base.py", line 2352, in _handle_dbapi_exception
    raise sqlalchemy_exception.with_traceback(exc_info[2]) from e
  File "/opt/homebrew/lib/python3.11/site-packages/sqlalchemy/engine/base.py", line 1964, in _exec_single_context
    self.dialect.do_execute(
  File "/opt/homebrew/lib/python3.11/site-packages/sqlalchemy/engine/default.py", line 945, in do_execute
    cursor.execute(statement, parameters)
  File "/opt/homebrew/lib/python3.11/site-packages/sqlalchemy/dialects/postgresql/asyncpg.py", line 580, in execute
    self._adapt_connection.await_(
  File "/opt/homebrew/lib/python3.11/site-packages/sqlalchemy/util/_concurrency_py3k.py", line 132, in await_only
    return current.parent.switch(awaitable)  # type: ignore[no-any-return,attr-defined] # noqa: E501
           ^^^^^^^^^^^^^^^^^^^^^^^^^^^^^^^^
  File "/opt/homebrew/lib/python3.11/site-packages/sqlalchemy/util/_concurrency_py3k.py", line 196, in greenlet_spawn
    value = await result
            ^^^^^^^^^^^^
  File "/opt/homebrew/lib/python3.11/site-packages/sqlalchemy/dialects/postgresql/asyncpg.py", line 558, in _prepare_and_execute
    self._handle_exception(error)
  File "/opt/homebrew/lib/python3.11/site-packages/sqlalchemy/dialects/postgresql/asyncpg.py", line 508, in _handle_exception
    self._adapt_connection._handle_exception(error)
  File "/opt/homebrew/lib/python3.11/site-packages/sqlalchemy/dialects/postgresql/asyncpg.py", line 792, in _handle_exception
    raise translated_error from error
sqlalchemy.exc.ProgrammingError: (sqlalchemy.dialects.postgresql.asyncpg.ProgrammingError) <class 'asyncpg.exceptions.UndefinedColumnError'>: column "travel_id" does not exist
HINT:  There is a column named "travel_id" in table "users_travel", but it cannot be referenced from this part of the query.
[SQL: 
            INSERT INTO users_travel (users_id, travel_id) 
            VALUES ($1, travel_id)
        ]
[parameters: (1,)]
(Background on this error at: https://sqlalche.me/e/20/f405)

During handling of the above exception, another exception occurred:

Traceback (most recent call last):
  File "/Users/nastya/bauman/7_sem/web/src/services/travel_service.py", line 34, in add
    travel = await self.repository.add(travel)
             ^^^^^^^^^^^^^^^^^^^^^^^^^^^^^^^^^
  File "/Users/nastya/bauman/7_sem/web/src/repository/travel_repository.py", line 180, in add
    raise ValueError(f"Ошибка при добавлении пользователя с ID {user.user_id}: {e}")
ValueError: Ошибка при добавлении пользователя с ID 1: (sqlalchemy.dialects.postgresql.asyncpg.ProgrammingError) <class 'asyncpg.exceptions.UndefinedColumnError'>: column "travel_id" does not exist
HINT:  There is a column named "travel_id" in table "users_travel", but it cannot be referenced from this part of the query.
[SQL: 
            INSERT INTO users_travel (users_id, travel_id) 
            VALUES ($1, travel_id)
        ]
[parameters: (1,)]
(Background on this error at: https://sqlalche.me/e/20/f405)

During handling of the above exception, another exception occurred:

Traceback (most recent call last):
  File "/Users/nastya/bauman/7_sem/web/src/controllers/api_v2/travel_controller.py", line 42, in create_travel
    created = await self.travel_service.add(travel)
              ^^^^^^^^^^^^^^^^^^^^^^^^^^^^^^^^^^^^^
  File "/Users/nastya/bauman/7_sem/web/src/services/travel_service.py", line 37, in add
    raise ValueError("Путешествие c таким ID уже существует.")
ValueError: Путешествие c таким ID уже существует.

During handling of the above exception, another exception occurred:

Traceback (most recent call last):
  File "/Users/nastya/bauman/7_sem/web/src/routers/api_v2/travel.py", line 27, in create_travel
    result = await service_locator.get_travel_contr().create_travel(travel)
             ^^^^^^^^^^^^^^^^^^^^^^^^^^^^^^^^^^^^^^^^^^^^^^^^^^^^^^^^^^^^^^
  File "/Users/nastya/bauman/7_sem/web/src/controllers/api_v2/travel_controller.py", line 53, in create_travel
    raise HTTPException(status_code=500, detail="Error creating travel")
fastapi.exceptions.HTTPException: 500: Error creating travel
2025-10-17 08:52:01,465 - sqlalchemy.pool.impl.AsyncAdaptedQueuePool - ERROR [base.py:1032] - The garbage collector is trying to clean up non-checked-in connection <AdaptedConnection <asyncpg.connection.Connection object at 0x106a93880>>, which will be terminated.  Please ensure that SQLAlchemy pooled connections are returned to the pool explicitly, either by calling ``close()`` or by using appropriate context managers to manage their lifecycle.
2025-10-17 08:52:01,480 - repository.travel_repository - ERROR [travel_repository.py:291] - Ошибка при обновлении путешествия ID 11: (sqlalchemy.dialects.postgresql.asyncpg.ProgrammingError) <class 'asyncpg.exceptions.PostgresSyntaxError'>: syntax error at or near "WHERE"
[SQL: 
            UPDATE travel
            SET status = $1,
            WHERE id = $2
        ]
[parameters: ('В процессе', 11)]
(Background on this error at: https://sqlalche.me/e/20/f405)
Traceback (most recent call last):
  File "/opt/homebrew/lib/python3.11/site-packages/sqlalchemy/dialects/postgresql/asyncpg.py", line 521, in _prepare_and_execute
    prepared_stmt, attributes = await adapt_connection._prepare(
                                ^^^^^^^^^^^^^^^^^^^^^^^^^^^^^^^^
  File "/opt/homebrew/lib/python3.11/site-packages/sqlalchemy/dialects/postgresql/asyncpg.py", line 768, in _prepare
    prepared_stmt = await self._connection.prepare(
                    ^^^^^^^^^^^^^^^^^^^^^^^^^^^^^^^
  File "/opt/homebrew/lib/python3.11/site-packages/asyncpg/connection.py", line 635, in prepare
    return await self._prepare(
           ^^^^^^^^^^^^^^^^^^^^
  File "/opt/homebrew/lib/python3.11/site-packages/asyncpg/connection.py", line 653, in _prepare
    stmt = await self._get_statement(
           ^^^^^^^^^^^^^^^^^^^^^^^^^^
  File "/opt/homebrew/lib/python3.11/site-packages/asyncpg/connection.py", line 432, in _get_statement
    statement = await self._protocol.prepare(
                ^^^^^^^^^^^^^^^^^^^^^^^^^^^^^
  File "asyncpg/protocol/protocol.pyx", line 165, in prepare
asyncpg.exceptions.PostgresSyntaxError: syntax error at or near "WHERE"

The above exception was the direct cause of the following exception:

Traceback (most recent call last):
  File "/opt/homebrew/lib/python3.11/site-packages/sqlalchemy/engine/base.py", line 1964, in _exec_single_context
    self.dialect.do_execute(
  File "/opt/homebrew/lib/python3.11/site-packages/sqlalchemy/engine/default.py", line 945, in do_execute
    cursor.execute(statement, parameters)
  File "/opt/homebrew/lib/python3.11/site-packages/sqlalchemy/dialects/postgresql/asyncpg.py", line 580, in execute
    self._adapt_connection.await_(
  File "/opt/homebrew/lib/python3.11/site-packages/sqlalchemy/util/_concurrency_py3k.py", line 132, in await_only
    return current.parent.switch(awaitable)  # type: ignore[no-any-return,attr-defined] # noqa: E501
           ^^^^^^^^^^^^^^^^^^^^^^^^^^^^^^^^
  File "/opt/homebrew/lib/python3.11/site-packages/sqlalchemy/util/_concurrency_py3k.py", line 196, in greenlet_spawn
    value = await result
            ^^^^^^^^^^^^
  File "/opt/homebrew/lib/python3.11/site-packages/sqlalchemy/dialects/postgresql/asyncpg.py", line 558, in _prepare_and_execute
    self._handle_exception(error)
  File "/opt/homebrew/lib/python3.11/site-packages/sqlalchemy/dialects/postgresql/asyncpg.py", line 508, in _handle_exception
    self._adapt_connection._handle_exception(error)
  File "/opt/homebrew/lib/python3.11/site-packages/sqlalchemy/dialects/postgresql/asyncpg.py", line 792, in _handle_exception
    raise translated_error from error
sqlalchemy.dialects.postgresql.asyncpg.AsyncAdapt_asyncpg_dbapi.ProgrammingError: <class 'asyncpg.exceptions.PostgresSyntaxError'>: syntax error at or near "WHERE"

The above exception was the direct cause of the following exception:

Traceback (most recent call last):
  File "/Users/nastya/bauman/7_sem/web/src/repository/travel_repository.py", line 251, in update
    await self.session.execute(update_travel_query, {
  File "/opt/homebrew/lib/python3.11/site-packages/sqlalchemy/ext/asyncio/session.py", line 463, in execute
    result = await greenlet_spawn(
             ^^^^^^^^^^^^^^^^^^^^^
  File "/opt/homebrew/lib/python3.11/site-packages/sqlalchemy/util/_concurrency_py3k.py", line 201, in greenlet_spawn
    result = context.throw(*sys.exc_info())
             ^^^^^^^^^^^^^^^^^^^^^^^^^^^^^^
  File "/opt/homebrew/lib/python3.11/site-packages/sqlalchemy/orm/session.py", line 2365, in execute
    return self._execute_internal(
           ^^^^^^^^^^^^^^^^^^^^^^^
  File "/opt/homebrew/lib/python3.11/site-packages/sqlalchemy/orm/session.py", line 2260, in _execute_internal
    result = conn.execute(
             ^^^^^^^^^^^^^
  File "/opt/homebrew/lib/python3.11/site-packages/sqlalchemy/engine/base.py", line 1416, in execute
    return meth(
           ^^^^^
  File "/opt/homebrew/lib/python3.11/site-packages/sqlalchemy/sql/elements.py", line 523, in _execute_on_connection
    return connection._execute_clauseelement(
           ^^^^^^^^^^^^^^^^^^^^^^^^^^^^^^^^^^
  File "/opt/homebrew/lib/python3.11/site-packages/sqlalchemy/engine/base.py", line 1638, in _execute_clauseelement
    ret = self._execute_context(
          ^^^^^^^^^^^^^^^^^^^^^^
  File "/opt/homebrew/lib/python3.11/site-packages/sqlalchemy/engine/base.py", line 1843, in _execute_context
    return self._exec_single_context(
           ^^^^^^^^^^^^^^^^^^^^^^^^^^
  File "/opt/homebrew/lib/python3.11/site-packages/sqlalchemy/engine/base.py", line 1983, in _exec_single_context
    self._handle_dbapi_exception(
  File "/opt/homebrew/lib/python3.11/site-packages/sqlalchemy/engine/base.py", line 2352, in _handle_dbapi_exception
    raise sqlalchemy_exception.with_traceback(exc_info[2]) from e
  File "/opt/homebrew/lib/python3.11/site-packages/sqlalchemy/engine/base.py", line 1964, in _exec_single_context
    self.dialect.do_execute(
  File "/opt/homebrew/lib/python3.11/site-packages/sqlalchemy/engine/default.py", line 945, in do_execute
    cursor.execute(statement, parameters)
  File "/opt/homebrew/lib/python3.11/site-packages/sqlalchemy/dialects/postgresql/asyncpg.py", line 580, in execute
    self._adapt_connection.await_(
  File "/opt/homebrew/lib/python3.11/site-packages/sqlalchemy/util/_concurrency_py3k.py", line 132, in await_only
    return current.parent.switch(awaitable)  # type: ignore[no-any-return,attr-defined] # noqa: E501
           ^^^^^^^^^^^^^^^^^^^^^^^^^^^^^^^^
  File "/opt/homebrew/lib/python3.11/site-packages/sqlalchemy/util/_concurrency_py3k.py", line 196, in greenlet_spawn
    value = await result
            ^^^^^^^^^^^^
  File "/opt/homebrew/lib/python3.11/site-packages/sqlalchemy/dialects/postgresql/asyncpg.py", line 558, in _prepare_and_execute
    self._handle_exception(error)
  File "/opt/homebrew/lib/python3.11/site-packages/sqlalchemy/dialects/postgresql/asyncpg.py", line 508, in _handle_exception
    self._adapt_connection._handle_exception(error)
  File "/opt/homebrew/lib/python3.11/site-packages/sqlalchemy/dialects/postgresql/asyncpg.py", line 792, in _handle_exception
    raise translated_error from error
sqlalchemy.exc.ProgrammingError: (sqlalchemy.dialects.postgresql.asyncpg.ProgrammingError) <class 'asyncpg.exceptions.PostgresSyntaxError'>: syntax error at or near "WHERE"
[SQL: 
            UPDATE travel
            SET status = $1,
            WHERE id = $2
        ]
[parameters: ('В процессе', 11)]
(Background on this error at: https://sqlalche.me/e/20/f405)
2025-10-17 08:52:11,542 - controllers.api_v2.travel_controller - ERROR [travel_controller.py:159] - Ошибка при завершении путешествия ID 11: 404: Travel not found
Traceback (most recent call last):
  File "/Users/nastya/bauman/7_sem/web/src/controllers/api_v2/travel_controller.py", line 149, in complete_travel
    raise HTTPException(status_code=404, detail="Travel not found")
fastapi.exceptions.HTTPException: 404: Travel not found
2025-10-17 08:53:40,957 - controllers.api_v2.travel_controller - ERROR [travel_controller.py:159] - Ошибка при завершении путешествия ID 11: 404: Travel not found
Traceback (most recent call last):
  File "/Users/nastya/bauman/7_sem/web/src/controllers/api_v2/travel_controller.py", line 149, in complete_travel
    raise HTTPException(status_code=404, detail="Travel not found")
fastapi.exceptions.HTTPException: 404: Travel not found
2025-10-17 08:57:39,184 - controllers.api_v2.travel_controller - ERROR [travel_controller.py:159] - Ошибка при завершении путешествия ID 11: 404: Travel not found
Traceback (most recent call last):
  File "/Users/nastya/bauman/7_sem/web/src/controllers/api_v2/travel_controller.py", line 149, in complete_travel
    raise HTTPException(status_code=404, detail="Travel not found")
fastapi.exceptions.HTTPException: 404: Travel not found
2025-10-17 12:14:45,997 - routers.api_v2.route - ERROR [route.py:51] - Ошибка получения списка маршрутов: 'RouteController' object has no attribute 'get_all_routes_api'
Traceback (most recent call last):
  File "/Users/nastya/bauman/7_sem/web/src/routers/api_v2/route.py", line 44, in get_all_routes
    routes = await service_locator.get_route_contr().get_all_routes_api()
                   ^^^^^^^^^^^^^^^^^^^^^^^^^^^^^^^^^^^^^^^^^^^^^^^^^^^^
AttributeError: 'RouteController' object has no attribute 'get_all_routes_api'
2025-10-17 12:17:05,182 - routers.api_v2.route - ERROR [route.py:30] - Внутренняя ошибка при создании маршрута: 'RouteController' object has no attribute 'create_new_route_api'
Traceback (most recent call last):
  File "/Users/nastya/bauman/7_sem/web/src/routers/api_v2/route.py", line 25, in create_route
    return await service_locator.get_route_contr().create_new_route_api(route)
                 ^^^^^^^^^^^^^^^^^^^^^^^^^^^^^^^^^^^^^^^^^^^^^^^^^^^^^^
AttributeError: 'RouteController' object has no attribute 'create_new_route_api'
2025-10-17 12:24:07,966 - routers.api_v2.route - ERROR [route.py:30] - Внутренняя ошибка при создании маршрута: 'RouteController' object has no attribute 'create_new_route'
Traceback (most recent call last):
  File "/Users/nastya/bauman/7_sem/web/src/routers/api_v2/route.py", line 25, in create_route
    return await service_locator.get_route_contr().create_new_route(route)
                 ^^^^^^^^^^^^^^^^^^^^^^^^^^^^^^^^^^^^^^^^^^^^^^^^^^
AttributeError: 'RouteController' object has no attribute 'create_new_route'
2025-10-17 12:24:30,110 - controllers.api_v2.route_controller - ERROR [route_controller.py:66] - Ошибка при создании маршрута: 'RouteCreate' object has no attribute 'route_id'
Traceback (most recent call last):
  File "/Users/nastya/bauman/7_sem/web/src/controllers/api_v2/route_controller.py", line 46, in create_route
    route_id=route_data.route_id,
             ^^^^^^^^^^^^^^^^^^^
  File "/opt/homebrew/lib/python3.11/site-packages/pydantic/main.py", line 891, in __getattr__
    raise AttributeError(f'{type(self).__name__!r} object has no attribute {item!r}')
AttributeError: 'RouteCreate' object has no attribute 'route_id'
2025-10-17 12:24:30,112 - routers.api_v2.route - ERROR [route.py:30] - Внутренняя ошибка при создании маршрута: 'RouteCreate' object has no attribute 'route_id'
Traceback (most recent call last):
  File "/Users/nastya/bauman/7_sem/web/src/routers/api_v2/route.py", line 25, in create_route
    return await service_locator.get_route_contr().create_route(route)
           ^^^^^^^^^^^^^^^^^^^^^^^^^^^^^^^^^^^^^^^^^^^^^^^^^^^^^^^^^^^
  File "/Users/nastya/bauman/7_sem/web/src/controllers/api_v2/route_controller.py", line 46, in create_route
    route_id=route_data.route_id,
             ^^^^^^^^^^^^^^^^^^^
  File "/opt/homebrew/lib/python3.11/site-packages/pydantic/main.py", line 891, in __getattr__
    raise AttributeError(f'{type(self).__name__!r} object has no attribute {item!r}')
AttributeError: 'RouteCreate' object has no attribute 'route_id'
2025-10-17 12:25:14,495 - controllers.api_v2.route_controller - ERROR [route_controller.py:66] - Ошибка при создании маршрута: 2 validation errors for Route
d_route
  Input should be a valid dictionary or instance of DirectoryRoute [type=model_type, input_value=1, input_type=int]
    For further information visit https://errors.pydantic.dev/2.10/v/model_type
travels
  Input should be a valid dictionary or instance of Travel [type=model_type, input_value=2, input_type=int]
    For further information visit https://errors.pydantic.dev/2.10/v/model_type
Traceback (most recent call last):
  File "/Users/nastya/bauman/7_sem/web/src/controllers/api_v2/route_controller.py", line 45, in create_route
    route = Route(
            ^^^^^^
  File "/opt/homebrew/lib/python3.11/site-packages/pydantic/main.py", line 214, in __init__
    validated_self = self.__pydantic_validator__.validate_python(data, self_instance=self)
                     ^^^^^^^^^^^^^^^^^^^^^^^^^^^^^^^^^^^^^^^^^^^^^^^^^^^^^^^^^^^^^^^^^^^^^
pydantic_core._pydantic_core.ValidationError: 2 validation errors for Route
d_route
  Input should be a valid dictionary or instance of DirectoryRoute [type=model_type, input_value=1, input_type=int]
    For further information visit https://errors.pydantic.dev/2.10/v/model_type
travels
  Input should be a valid dictionary or instance of Travel [type=model_type, input_value=2, input_type=int]
    For further information visit https://errors.pydantic.dev/2.10/v/model_type
2025-10-17 12:25:14,496 - routers.api_v2.route - ERROR [route.py:27] - Ошибка создания маршрута: 2 validation errors for Route
d_route
  Input should be a valid dictionary or instance of DirectoryRoute [type=model_type, input_value=1, input_type=int]
    For further information visit https://errors.pydantic.dev/2.10/v/model_type
travels
  Input should be a valid dictionary or instance of Travel [type=model_type, input_value=2, input_type=int]
    For further information visit https://errors.pydantic.dev/2.10/v/model_type
2025-10-17 12:28:26,874 - repository.route_repository - ERROR [route_repository.py:102] - Ошибка при добавлении маршрута: (sqlalchemy.dialects.postgresql.asyncpg.Error) <class 'asyncpg.exceptions.DataError'>: invalid input for query argument $3: datetime.datetime(2025, 10, 17, 9, 16, 4... (can't subtract offset-naive and offset-aware datetimes)
[SQL: 
            INSERT INTO route (d_route_id, travel_id, start_time, end_time, type)
            VALUES ($1, $2, $3, $4, $5)
            RETURNING id
        ]
[parameters: (1, 2, datetime.datetime(2025, 10, 17, 9, 16, 49, 255000, tzinfo=TzInfo(UTC)), datetime.datetime(2025, 10, 19, 9, 16, 49, 255000, tzinfo=TzInfo(UTC)), 'Свои')]
(Background on this error at: https://sqlalche.me/e/20/dbapi)
Traceback (most recent call last):
  File "asyncpg/protocol/prepared_stmt.pyx", line 175, in asyncpg.protocol.protocol.PreparedStatementState._encode_bind_msg
  File "asyncpg/protocol/codecs/base.pyx", line 227, in asyncpg.protocol.protocol.Codec.encode
  File "asyncpg/protocol/codecs/base.pyx", line 129, in asyncpg.protocol.protocol.Codec.encode_scalar
  File "asyncpg/pgproto/./codecs/datetime.pyx", line 152, in asyncpg.pgproto.pgproto.timestamp_encode
TypeError: can't subtract offset-naive and offset-aware datetimes

The above exception was the direct cause of the following exception:

Traceback (most recent call last):
  File "/opt/homebrew/lib/python3.11/site-packages/sqlalchemy/dialects/postgresql/asyncpg.py", line 545, in _prepare_and_execute
    self._rows = deque(await prepared_stmt.fetch(*parameters))
                       ^^^^^^^^^^^^^^^^^^^^^^^^^^^^^^^^^^^^^^
  File "/opt/homebrew/lib/python3.11/site-packages/asyncpg/prepared_stmt.py", line 176, in fetch
    data = await self.__bind_execute(args, 0, timeout)
           ^^^^^^^^^^^^^^^^^^^^^^^^^^^^^^^^^^^^^^^^^^^
  File "/opt/homebrew/lib/python3.11/site-packages/asyncpg/prepared_stmt.py", line 267, in __bind_execute
    data, status, _ = await self.__do_execute(
                      ^^^^^^^^^^^^^^^^^^^^^^^^
  File "/opt/homebrew/lib/python3.11/site-packages/asyncpg/prepared_stmt.py", line 256, in __do_execute
    return await executor(protocol)
           ^^^^^^^^^^^^^^^^^^^^^^^^
  File "asyncpg/protocol/protocol.pyx", line 185, in bind_execute
  File "asyncpg/protocol/prepared_stmt.pyx", line 204, in asyncpg.protocol.protocol.PreparedStatementState._encode_bind_msg
asyncpg.exceptions.DataError: invalid input for query argument $3: datetime.datetime(2025, 10, 17, 9, 16, 4... (can't subtract offset-naive and offset-aware datetimes)

The above exception was the direct cause of the following exception:

Traceback (most recent call last):
  File "/opt/homebrew/lib/python3.11/site-packages/sqlalchemy/engine/base.py", line 1964, in _exec_single_context
    self.dialect.do_execute(
  File "/opt/homebrew/lib/python3.11/site-packages/sqlalchemy/engine/default.py", line 945, in do_execute
    cursor.execute(statement, parameters)
  File "/opt/homebrew/lib/python3.11/site-packages/sqlalchemy/dialects/postgresql/asyncpg.py", line 580, in execute
    self._adapt_connection.await_(
  File "/opt/homebrew/lib/python3.11/site-packages/sqlalchemy/util/_concurrency_py3k.py", line 132, in await_only
    return current.parent.switch(awaitable)  # type: ignore[no-any-return,attr-defined] # noqa: E501
           ^^^^^^^^^^^^^^^^^^^^^^^^^^^^^^^^
  File "/opt/homebrew/lib/python3.11/site-packages/sqlalchemy/util/_concurrency_py3k.py", line 196, in greenlet_spawn
    value = await result
            ^^^^^^^^^^^^
  File "/opt/homebrew/lib/python3.11/site-packages/sqlalchemy/dialects/postgresql/asyncpg.py", line 558, in _prepare_and_execute
    self._handle_exception(error)
  File "/opt/homebrew/lib/python3.11/site-packages/sqlalchemy/dialects/postgresql/asyncpg.py", line 508, in _handle_exception
    self._adapt_connection._handle_exception(error)
  File "/opt/homebrew/lib/python3.11/site-packages/sqlalchemy/dialects/postgresql/asyncpg.py", line 792, in _handle_exception
    raise translated_error from error
sqlalchemy.dialects.postgresql.asyncpg.AsyncAdapt_asyncpg_dbapi.Error: <class 'asyncpg.exceptions.DataError'>: invalid input for query argument $3: datetime.datetime(2025, 10, 17, 9, 16, 4... (can't subtract offset-naive and offset-aware datetimes)

The above exception was the direct cause of the following exception:

Traceback (most recent call last):
  File "/Users/nastya/bauman/7_sem/web/src/repository/route_repository.py", line 86, in add
    row = await self.session.execute(query, {
          ^^^^^^^^^^^^^^^^^^^^^^^^^^^^^^^^^^^
  File "/opt/homebrew/lib/python3.11/site-packages/sqlalchemy/ext/asyncio/session.py", line 463, in execute
    result = await greenlet_spawn(
             ^^^^^^^^^^^^^^^^^^^^^
  File "/opt/homebrew/lib/python3.11/site-packages/sqlalchemy/util/_concurrency_py3k.py", line 201, in greenlet_spawn
    result = context.throw(*sys.exc_info())
             ^^^^^^^^^^^^^^^^^^^^^^^^^^^^^^
  File "/opt/homebrew/lib/python3.11/site-packages/sqlalchemy/orm/session.py", line 2365, in execute
    return self._execute_internal(
           ^^^^^^^^^^^^^^^^^^^^^^^
  File "/opt/homebrew/lib/python3.11/site-packages/sqlalchemy/orm/session.py", line 2260, in _execute_internal
    result = conn.execute(
             ^^^^^^^^^^^^^
  File "/opt/homebrew/lib/python3.11/site-packages/sqlalchemy/engine/base.py", line 1416, in execute
    return meth(
           ^^^^^
  File "/opt/homebrew/lib/python3.11/site-packages/sqlalchemy/sql/elements.py", line 523, in _execute_on_connection
    return connection._execute_clauseelement(
           ^^^^^^^^^^^^^^^^^^^^^^^^^^^^^^^^^^
  File "/opt/homebrew/lib/python3.11/site-packages/sqlalchemy/engine/base.py", line 1638, in _execute_clauseelement
    ret = self._execute_context(
          ^^^^^^^^^^^^^^^^^^^^^^
  File "/opt/homebrew/lib/python3.11/site-packages/sqlalchemy/engine/base.py", line 1843, in _execute_context
    return self._exec_single_context(
           ^^^^^^^^^^^^^^^^^^^^^^^^^^
  File "/opt/homebrew/lib/python3.11/site-packages/sqlalchemy/engine/base.py", line 1983, in _exec_single_context
    self._handle_dbapi_exception(
  File "/opt/homebrew/lib/python3.11/site-packages/sqlalchemy/engine/base.py", line 2352, in _handle_dbapi_exception
    raise sqlalchemy_exception.with_traceback(exc_info[2]) from e
  File "/opt/homebrew/lib/python3.11/site-packages/sqlalchemy/engine/base.py", line 1964, in _exec_single_context
    self.dialect.do_execute(
  File "/opt/homebrew/lib/python3.11/site-packages/sqlalchemy/engine/default.py", line 945, in do_execute
    cursor.execute(statement, parameters)
  File "/opt/homebrew/lib/python3.11/site-packages/sqlalchemy/dialects/postgresql/asyncpg.py", line 580, in execute
    self._adapt_connection.await_(
  File "/opt/homebrew/lib/python3.11/site-packages/sqlalchemy/util/_concurrency_py3k.py", line 132, in await_only
    return current.parent.switch(awaitable)  # type: ignore[no-any-return,attr-defined] # noqa: E501
           ^^^^^^^^^^^^^^^^^^^^^^^^^^^^^^^^
  File "/opt/homebrew/lib/python3.11/site-packages/sqlalchemy/util/_concurrency_py3k.py", line 196, in greenlet_spawn
    value = await result
            ^^^^^^^^^^^^
  File "/opt/homebrew/lib/python3.11/site-packages/sqlalchemy/dialects/postgresql/asyncpg.py", line 558, in _prepare_and_execute
    self._handle_exception(error)
  File "/opt/homebrew/lib/python3.11/site-packages/sqlalchemy/dialects/postgresql/asyncpg.py", line 508, in _handle_exception
    self._adapt_connection._handle_exception(error)
  File "/opt/homebrew/lib/python3.11/site-packages/sqlalchemy/dialects/postgresql/asyncpg.py", line 792, in _handle_exception
    raise translated_error from error
sqlalchemy.exc.DBAPIError: (sqlalchemy.dialects.postgresql.asyncpg.Error) <class 'asyncpg.exceptions.DataError'>: invalid input for query argument $3: datetime.datetime(2025, 10, 17, 9, 16, 4... (can't subtract offset-naive and offset-aware datetimes)
[SQL: 
            INSERT INTO route (d_route_id, travel_id, start_time, end_time, type)
            VALUES ($1, $2, $3, $4, $5)
            RETURNING id
        ]
[parameters: (1, 2, datetime.datetime(2025, 10, 17, 9, 16, 49, 255000, tzinfo=TzInfo(UTC)), datetime.datetime(2025, 10, 19, 9, 16, 49, 255000, tzinfo=TzInfo(UTC)), 'Свои')]
(Background on this error at: https://sqlalche.me/e/20/dbapi)
2025-10-17 13:02:48,216 - services.route_service - ERROR [route_service.py:62] - Не удалось добавить город 2 в маршрут
2025-10-17 13:02:48,216 - controllers.api_v2.route_controller - ERROR [route_controller.py:170] - Ошибка вставки города: Город не получилось добавить.
2025-10-17 13:02:48,217 - routers.api_v2.route - ERROR [route.py:137] - Ошибка вставки города: Город не получилось добавить.
2025-10-17 14:09:26,333 - routers.api_v2.travel - ERROR [travel.py:177] - Внутренняя ошибка при вставке города: 'RouteController' object has no attribute 'insert_city_after'
Traceback (most recent call last):
  File "/Users/nastya/bauman/7_sem/web/src/routers/api_v2/travel.py", line 171, in insert_city_into_route
    await service_locator.get_route_contr().insert_city_after(travel_id, city_id, request)
          ^^^^^^^^^^^^^^^^^^^^^^^^^^^^^^^^^^^^^^^^^^^^^^^^^^^
AttributeError: 'RouteController' object has no attribute 'insert_city_after'
2025-10-17 14:51:57,525 - controllers.api_v2.travel_controller - ERROR [travel_controller.py:187] - Ошибка при добавлении развлечения к путешествию 1: 'EntertainmentService' object has no attribute 'create'
Traceback (most recent call last):
  File "/Users/nastya/bauman/7_sem/web/src/controllers/api_v2/travel_controller.py", line 171, in add_entertainment_to_travel
    entertainment = await self.ent_service.create(data)
                          ^^^^^^^^^^^^^^^^^^^^^^^
AttributeError: 'EntertainmentService' object has no attribute 'create'
2025-10-17 14:51:57,526 - routers.api_v2.travel_ent - ERROR [travel_ent.py:42] - Ошибка при добавлении развлечения к путешествию: 'EntertainmentService' object has no attribute 'create'
Traceback (most recent call last):
  File "/Users/nastya/bauman/7_sem/web/src/routers/api_v2/travel_ent.py", line 34, in add_entertainment_to_travel
    result = await service_locator.get_travel_contr().add_entertainment_to_travel(travel_id, entertainment)
             ^^^^^^^^^^^^^^^^^^^^^^^^^^^^^^^^^^^^^^^^^^^^^^^^^^^^^^^^^^^^^^^^^^^^^^^^^^^^^^^^^^^^^^^^^^^^^^
  File "/Users/nastya/bauman/7_sem/web/src/controllers/api_v2/travel_controller.py", line 171, in add_entertainment_to_travel
    entertainment = await self.ent_service.create(data)
                          ^^^^^^^^^^^^^^^^^^^^^^^
AttributeError: 'EntertainmentService' object has no attribute 'create'
2025-10-17 14:52:58,092 - controllers.api_v2.travel_controller - ERROR [travel_controller.py:187] - Ошибка при добавлении развлечения к путешествию 1: 'EntertainmentCreate' object has no attribute 'entertainment_id'
Traceback (most recent call last):
  File "/Users/nastya/bauman/7_sem/web/src/services/entertainment_service.py", line 24, in add
    logger.debug("Добавление развлечения с ID %d", entertainment.entertainment_id)
                                                   ^^^^^^^^^^^^^^^^^^^^^^^^^^^^^^
  File "/opt/homebrew/lib/python3.11/site-packages/pydantic/main.py", line 891, in __getattr__
    raise AttributeError(f'{type(self).__name__!r} object has no attribute {item!r}')
AttributeError: 'EntertainmentCreate' object has no attribute 'entertainment_id'

During handling of the above exception, another exception occurred:

Traceback (most recent call last):
  File "/Users/nastya/bauman/7_sem/web/src/controllers/api_v2/travel_controller.py", line 171, in add_entertainment_to_travel
    entertainment = await self.ent_service.add(data)
                    ^^^^^^^^^^^^^^^^^^^^^^^^^^^^^^^^
  File "/Users/nastya/bauman/7_sem/web/src/services/entertainment_service.py", line 27, in add
    logger.error("Развлечение c таким ID %d уже существует.", entertainment.entertainment_id)
                                                              ^^^^^^^^^^^^^^^^^^^^^^^^^^^^^^
  File "/opt/homebrew/lib/python3.11/site-packages/pydantic/main.py", line 891, in __getattr__
    raise AttributeError(f'{type(self).__name__!r} object has no attribute {item!r}')
AttributeError: 'EntertainmentCreate' object has no attribute 'entertainment_id'
2025-10-17 14:52:58,095 - routers.api_v2.travel_ent - ERROR [travel_ent.py:42] - Ошибка при добавлении развлечения к путешествию: 'EntertainmentCreate' object has no attribute 'entertainment_id'
Traceback (most recent call last):
  File "/Users/nastya/bauman/7_sem/web/src/services/entertainment_service.py", line 24, in add
    logger.debug("Добавление развлечения с ID %d", entertainment.entertainment_id)
                                                   ^^^^^^^^^^^^^^^^^^^^^^^^^^^^^^
  File "/opt/homebrew/lib/python3.11/site-packages/pydantic/main.py", line 891, in __getattr__
    raise AttributeError(f'{type(self).__name__!r} object has no attribute {item!r}')
AttributeError: 'EntertainmentCreate' object has no attribute 'entertainment_id'

During handling of the above exception, another exception occurred:

Traceback (most recent call last):
  File "/Users/nastya/bauman/7_sem/web/src/routers/api_v2/travel_ent.py", line 34, in add_entertainment_to_travel
    result = await service_locator.get_travel_contr().add_entertainment_to_travel(travel_id, entertainment)
             ^^^^^^^^^^^^^^^^^^^^^^^^^^^^^^^^^^^^^^^^^^^^^^^^^^^^^^^^^^^^^^^^^^^^^^^^^^^^^^^^^^^^^^^^^^^^^^
  File "/Users/nastya/bauman/7_sem/web/src/controllers/api_v2/travel_controller.py", line 171, in add_entertainment_to_travel
    entertainment = await self.ent_service.add(data)
                    ^^^^^^^^^^^^^^^^^^^^^^^^^^^^^^^^
  File "/Users/nastya/bauman/7_sem/web/src/services/entertainment_service.py", line 27, in add
    logger.error("Развлечение c таким ID %d уже существует.", entertainment.entertainment_id)
                                                              ^^^^^^^^^^^^^^^^^^^^^^^^^^^^^^
  File "/opt/homebrew/lib/python3.11/site-packages/pydantic/main.py", line 891, in __getattr__
    raise AttributeError(f'{type(self).__name__!r} object has no attribute {item!r}')
AttributeError: 'EntertainmentCreate' object has no attribute 'entertainment_id'
2025-10-17 14:54:51,929 - controllers.api_v2.travel_controller - ERROR [travel_controller.py:197] - Ошибка при добавлении развлечения к путешествию 1: 'TravelController' object has no attribute 'city_service'
Traceback (most recent call last):
  File "/Users/nastya/bauman/7_sem/web/src/controllers/api_v2/travel_controller.py", line 170, in add_entertainment_to_travel
    city = await self.city_service.get_by_id(data.city_id)
                 ^^^^^^^^^^^^^^^^^
AttributeError: 'TravelController' object has no attribute 'city_service'
2025-10-17 14:54:51,930 - routers.api_v2.travel_ent - ERROR [travel_ent.py:42] - Ошибка при добавлении развлечения к путешествию: 'TravelController' object has no attribute 'city_service'
Traceback (most recent call last):
  File "/Users/nastya/bauman/7_sem/web/src/routers/api_v2/travel_ent.py", line 34, in add_entertainment_to_travel
    result = await service_locator.get_travel_contr().add_entertainment_to_travel(travel_id, entertainment)
             ^^^^^^^^^^^^^^^^^^^^^^^^^^^^^^^^^^^^^^^^^^^^^^^^^^^^^^^^^^^^^^^^^^^^^^^^^^^^^^^^^^^^^^^^^^^^^^
  File "/Users/nastya/bauman/7_sem/web/src/controllers/api_v2/travel_controller.py", line 170, in add_entertainment_to_travel
    city = await self.city_service.get_by_id(data.city_id)
                 ^^^^^^^^^^^^^^^^^
AttributeError: 'TravelController' object has no attribute 'city_service'
2025-10-17 14:56:42,816 - sqlalchemy.pool.impl.AsyncAdaptedQueuePool - ERROR [base.py:378] - Exception terminating connection <AdaptedConnection <asyncpg.connection.Connection object at 0x109b3f970>>
Traceback (most recent call last):
  File "/opt/homebrew/lib/python3.11/site-packages/sqlalchemy/pool/base.py", line 374, in _close_connection
    self._dialect.do_terminate(connection)
  File "/opt/homebrew/lib/python3.11/site-packages/sqlalchemy/dialects/postgresql/asyncpg.py", line 1130, in do_terminate
    dbapi_connection.terminate()
  File "/opt/homebrew/lib/python3.11/site-packages/sqlalchemy/dialects/postgresql/asyncpg.py", line 922, in terminate
    self._connection.terminate()
  File "/opt/homebrew/lib/python3.11/site-packages/asyncpg/connection.py", line 1515, in terminate
    self._abort()
  File "/opt/homebrew/lib/python3.11/site-packages/asyncpg/connection.py", line 1567, in _abort
    self._protocol.abort()
  File "asyncpg/protocol/protocol.pyx", line 608, in asyncpg.protocol.protocol.BaseProtocol.abort
  File "/opt/homebrew/Cellar/python@3.11/3.11.12_1/Frameworks/Python.framework/Versions/3.11/lib/python3.11/asyncio/selector_events.py", line 825, in abort
    self._force_close(None)
  File "/opt/homebrew/Cellar/python@3.11/3.11.12_1/Frameworks/Python.framework/Versions/3.11/lib/python3.11/asyncio/selector_events.py", line 895, in _force_close
    self._loop.call_soon(self._call_connection_lost, exc)
  File "/opt/homebrew/Cellar/python@3.11/3.11.12_1/Frameworks/Python.framework/Versions/3.11/lib/python3.11/asyncio/base_events.py", line 762, in call_soon
    self._check_closed()
  File "/opt/homebrew/Cellar/python@3.11/3.11.12_1/Frameworks/Python.framework/Versions/3.11/lib/python3.11/asyncio/base_events.py", line 520, in _check_closed
    raise RuntimeError('Event loop is closed')
RuntimeError: Event loop is closed
2025-10-17 14:56:42,822 - sqlalchemy.pool.impl.AsyncAdaptedQueuePool - ERROR [base.py:1032] - The garbage collector is trying to clean up non-checked-in connection <AdaptedConnection <asyncpg.connection.Connection object at 0x109b3f970>>, which will be terminated.  Please ensure that SQLAlchemy pooled connections are returned to the pool explicitly, either by calling ``close()`` or by using appropriate context managers to manage their lifecycle.
2025-10-17 14:57:28,651 - controllers.api_v2.travel_controller - ERROR [travel_controller.py:199] - Ошибка при добавлении развлечения к путешествию 1: name 'Entertainment' is not defined
Traceback (most recent call last):
  File "/Users/nastya/bauman/7_sem/web/src/controllers/api_v2/travel_controller.py", line 175, in add_entertainment_to_travel
    data = Entertainment(
           ^^^^^^^^^^^^^
NameError: name 'Entertainment' is not defined
2025-10-17 14:57:28,652 - routers.api_v2.travel_ent - ERROR [travel_ent.py:42] - Ошибка при добавлении развлечения к путешествию: name 'Entertainment' is not defined
Traceback (most recent call last):
  File "/Users/nastya/bauman/7_sem/web/src/routers/api_v2/travel_ent.py", line 34, in add_entertainment_to_travel
    result = await service_locator.get_travel_contr().add_entertainment_to_travel(travel_id, entertainment)
             ^^^^^^^^^^^^^^^^^^^^^^^^^^^^^^^^^^^^^^^^^^^^^^^^^^^^^^^^^^^^^^^^^^^^^^^^^^^^^^^^^^^^^^^^^^^^^^
  File "/Users/nastya/bauman/7_sem/web/src/controllers/api_v2/travel_controller.py", line 175, in add_entertainment_to_travel
    data = Entertainment(
           ^^^^^^^^^^^^^
NameError: name 'Entertainment' is not defined
2025-10-17 14:57:54,254 - controllers.api_v2.travel_controller - ERROR [travel_controller.py:200] - Ошибка при добавлении развлечения к путешествию 1: 1 validation error for Entertainment
duration
  Value error, Продолжительность должна быть в часах [type=value_error, input_value='string', input_type=str]
    For further information visit https://errors.pydantic.dev/2.10/v/value_error
Traceback (most recent call last):
  File "/Users/nastya/bauman/7_sem/web/src/controllers/api_v2/travel_controller.py", line 176, in add_entertainment_to_travel
    data = Entertainment(
           ^^^^^^^^^^^^^^
  File "/opt/homebrew/lib/python3.11/site-packages/pydantic/main.py", line 214, in __init__
    validated_self = self.__pydantic_validator__.validate_python(data, self_instance=self)
                     ^^^^^^^^^^^^^^^^^^^^^^^^^^^^^^^^^^^^^^^^^^^^^^^^^^^^^^^^^^^^^^^^^^^^^
pydantic_core._pydantic_core.ValidationError: 1 validation error for Entertainment
duration
  Value error, Продолжительность должна быть в часах [type=value_error, input_value='string', input_type=str]
    For further information visit https://errors.pydantic.dev/2.10/v/value_error
2025-10-17 14:58:04,186 - controllers.api_v2.travel_controller - ERROR [travel_controller.py:200] - Ошибка при добавлении развлечения к путешествию 1: 'TravelService' object has no attribute 'link_entertainment'
Traceback (most recent call last):
  File "/Users/nastya/bauman/7_sem/web/src/controllers/api_v2/travel_controller.py", line 187, in add_entertainment_to_travel
    updated = await self.travel_service.link_entertainment(travel_id, entertainment.entertainment_id)
                    ^^^^^^^^^^^^^^^^^^^^^^^^^^^^^^^^^^^^^^
AttributeError: 'TravelService' object has no attribute 'link_entertainment'
2025-10-17 14:58:04,187 - routers.api_v2.travel_ent - ERROR [travel_ent.py:42] - Ошибка при добавлении развлечения к путешествию: 'TravelService' object has no attribute 'link_entertainment'
Traceback (most recent call last):
  File "/Users/nastya/bauman/7_sem/web/src/routers/api_v2/travel_ent.py", line 34, in add_entertainment_to_travel
    result = await service_locator.get_travel_contr().add_entertainment_to_travel(travel_id, entertainment)
             ^^^^^^^^^^^^^^^^^^^^^^^^^^^^^^^^^^^^^^^^^^^^^^^^^^^^^^^^^^^^^^^^^^^^^^^^^^^^^^^^^^^^^^^^^^^^^^
  File "/Users/nastya/bauman/7_sem/web/src/controllers/api_v2/travel_controller.py", line 187, in add_entertainment_to_travel
    updated = await self.travel_service.link_entertainment(travel_id, entertainment.entertainment_id)
                    ^^^^^^^^^^^^^^^^^^^^^^^^^^^^^^^^^^^^^^
AttributeError: 'TravelService' object has no attribute 'link_entertainment'
2025-10-17 15:02:19,097 - controllers.api_v2.travel_controller - ERROR [travel_controller.py:203] - Ошибка при добавлении развлечения к путешествию 1: name 'service_locator' is not defined
Traceback (most recent call last):
  File "/Users/nastya/bauman/7_sem/web/src/controllers/api_v2/travel_controller.py", line 187, in add_entertainment_to_travel
    entertainments = await service_locator.get_travel_serv().get_entertainments_by_travel(travel_id)
                           ^^^^^^^^^^^^^^^
NameError: name 'service_locator' is not defined
2025-10-17 15:02:19,098 - routers.api_v2.travel_ent - ERROR [travel_ent.py:42] - Ошибка при добавлении развлечения к путешествию: name 'service_locator' is not defined
Traceback (most recent call last):
  File "/Users/nastya/bauman/7_sem/web/src/routers/api_v2/travel_ent.py", line 34, in add_entertainment_to_travel
    result = await service_locator.get_travel_contr().add_entertainment_to_travel(travel_id, entertainment)
             ^^^^^^^^^^^^^^^^^^^^^^^^^^^^^^^^^^^^^^^^^^^^^^^^^^^^^^^^^^^^^^^^^^^^^^^^^^^^^^^^^^^^^^^^^^^^^^
  File "/Users/nastya/bauman/7_sem/web/src/controllers/api_v2/travel_controller.py", line 187, in add_entertainment_to_travel
    entertainments = await service_locator.get_travel_serv().get_entertainments_by_travel(travel_id)
                           ^^^^^^^^^^^^^^^
NameError: name 'service_locator' is not defined
2025-10-17 15:02:57,566 - controllers.api_v2.travel_controller - ERROR [travel_controller.py:203] - Ошибка при добавлении развлечения к путешествию 1: 'TravelController' object has no attribute 'travel_serv'
Traceback (most recent call last):
  File "/Users/nastya/bauman/7_sem/web/src/controllers/api_v2/travel_controller.py", line 187, in add_entertainment_to_travel
    entertainments = await self.travel_serv().get_entertainments_by_travel(travel_id)
                           ^^^^^^^^^^^^^^^^
AttributeError: 'TravelController' object has no attribute 'travel_serv'
2025-10-17 15:02:57,567 - routers.api_v2.travel_ent - ERROR [travel_ent.py:42] - Ошибка при добавлении развлечения к путешествию: 'TravelController' object has no attribute 'travel_serv'
Traceback (most recent call last):
  File "/Users/nastya/bauman/7_sem/web/src/routers/api_v2/travel_ent.py", line 34, in add_entertainment_to_travel
    result = await service_locator.get_travel_contr().add_entertainment_to_travel(travel_id, entertainment)
             ^^^^^^^^^^^^^^^^^^^^^^^^^^^^^^^^^^^^^^^^^^^^^^^^^^^^^^^^^^^^^^^^^^^^^^^^^^^^^^^^^^^^^^^^^^^^^^
  File "/Users/nastya/bauman/7_sem/web/src/controllers/api_v2/travel_controller.py", line 187, in add_entertainment_to_travel
    entertainments = await self.travel_serv().get_entertainments_by_travel(travel_id)
                           ^^^^^^^^^^^^^^^^
AttributeError: 'TravelController' object has no attribute 'travel_serv'
2025-10-17 15:03:28,208 - controllers.api_v2.travel_controller - ERROR [travel_controller.py:203] - Ошибка при добавлении развлечения к путешествию 1: 'TravelController' object has no attribute 'travel_serv'
Traceback (most recent call last):
  File "/Users/nastya/bauman/7_sem/web/src/controllers/api_v2/travel_controller.py", line 187, in add_entertainment_to_travel
    entertainments = await self.travel_serv.get_entertainments_by_travel(travel_id)
                           ^^^^^^^^^^^^^^^^
AttributeError: 'TravelController' object has no attribute 'travel_serv'
2025-10-17 15:03:28,209 - routers.api_v2.travel_ent - ERROR [travel_ent.py:42] - Ошибка при добавлении развлечения к путешествию: 'TravelController' object has no attribute 'travel_serv'
Traceback (most recent call last):
  File "/Users/nastya/bauman/7_sem/web/src/routers/api_v2/travel_ent.py", line 34, in add_entertainment_to_travel
    result = await service_locator.get_travel_contr().add_entertainment_to_travel(travel_id, entertainment)
             ^^^^^^^^^^^^^^^^^^^^^^^^^^^^^^^^^^^^^^^^^^^^^^^^^^^^^^^^^^^^^^^^^^^^^^^^^^^^^^^^^^^^^^^^^^^^^^
  File "/Users/nastya/bauman/7_sem/web/src/controllers/api_v2/travel_controller.py", line 187, in add_entertainment_to_travel
    entertainments = await self.travel_serv.get_entertainments_by_travel(travel_id)
                           ^^^^^^^^^^^^^^^^
AttributeError: 'TravelController' object has no attribute 'travel_serv'
2025-10-17 15:03:53,548 - controllers.api_v2.travel_controller - ERROR [travel_controller.py:203] - Ошибка при добавлении развлечения к путешествию 1: name 'result' is not defined
Traceback (most recent call last):
  File "/Users/nastya/bauman/7_sem/web/src/controllers/api_v2/travel_controller.py", line 189, in add_entertainment_to_travel
    ent_ids.append(result["entertainment_id"])
                   ^^^^^^
NameError: name 'result' is not defined
2025-10-17 15:03:53,549 - routers.api_v2.travel_ent - ERROR [travel_ent.py:42] - Ошибка при добавлении развлечения к путешествию: name 'result' is not defined
Traceback (most recent call last):
  File "/Users/nastya/bauman/7_sem/web/src/routers/api_v2/travel_ent.py", line 34, in add_entertainment_to_travel
    result = await service_locator.get_travel_contr().add_entertainment_to_travel(travel_id, entertainment)
             ^^^^^^^^^^^^^^^^^^^^^^^^^^^^^^^^^^^^^^^^^^^^^^^^^^^^^^^^^^^^^^^^^^^^^^^^^^^^^^^^^^^^^^^^^^^^^^
  File "/Users/nastya/bauman/7_sem/web/src/controllers/api_v2/travel_controller.py", line 189, in add_entertainment_to_travel
    ent_ids.append(result["entertainment_id"])
                   ^^^^^^
NameError: name 'result' is not defined
2025-10-17 15:04:20,241 - controllers.api_v2.travel_controller - ERROR [travel_controller.py:202] - Ошибка при добавлении развлечения к путешествию 1: 'Entertainment' object has no attribute 'name'
Traceback (most recent call last):
  File "/Users/nastya/bauman/7_sem/web/src/controllers/api_v2/travel_controller.py", line 194, in add_entertainment_to_travel
    name=entertainment.name,
         ^^^^^^^^^^^^^^^^^^
  File "/opt/homebrew/lib/python3.11/site-packages/pydantic/main.py", line 891, in __getattr__
    raise AttributeError(f'{type(self).__name__!r} object has no attribute {item!r}')
AttributeError: 'Entertainment' object has no attribute 'name'
2025-10-17 15:04:20,243 - routers.api_v2.travel_ent - ERROR [travel_ent.py:42] - Ошибка при добавлении развлечения к путешествию: 'Entertainment' object has no attribute 'name'
Traceback (most recent call last):
  File "/Users/nastya/bauman/7_sem/web/src/routers/api_v2/travel_ent.py", line 34, in add_entertainment_to_travel
    result = await service_locator.get_travel_contr().add_entertainment_to_travel(travel_id, entertainment)
             ^^^^^^^^^^^^^^^^^^^^^^^^^^^^^^^^^^^^^^^^^^^^^^^^^^^^^^^^^^^^^^^^^^^^^^^^^^^^^^^^^^^^^^^^^^^^^^
  File "/Users/nastya/bauman/7_sem/web/src/controllers/api_v2/travel_controller.py", line 194, in add_entertainment_to_travel
    name=entertainment.name,
         ^^^^^^^^^^^^^^^^^^
  File "/opt/homebrew/lib/python3.11/site-packages/pydantic/main.py", line 891, in __getattr__
    raise AttributeError(f'{type(self).__name__!r} object has no attribute {item!r}')
AttributeError: 'Entertainment' object has no attribute 'name'
2025-10-17 15:05:47,528 - routers.api_v2.travel_ent - ERROR [travel_ent.py:42] - Ошибка при добавлении развлечения к путешествию: 'EntertainmentCreate' object has no attribute 'name'
Traceback (most recent call last):
  File "/Users/nastya/bauman/7_sem/web/src/routers/api_v2/travel_ent.py", line 35, in add_entertainment_to_travel
    logger.info("Развлечение '%s' добавлено к путешествию ID %d", entertainment.name, travel_id)
                                                                  ^^^^^^^^^^^^^^^^^^
  File "/opt/homebrew/lib/python3.11/site-packages/pydantic/main.py", line 891, in __getattr__
    raise AttributeError(f'{type(self).__name__!r} object has no attribute {item!r}')
AttributeError: 'EntertainmentCreate' object has no attribute 'name'
2025-10-17 15:11:55,304 - controllers.api_v2.travel_controller - ERROR [travel_controller.py:215] - Ошибка при удалении развлечения из путешествия 1: 'TravelService' object has no attribute 'unlink_entertainment'
Traceback (most recent call last):
  File "/Users/nastya/bauman/7_sem/web/src/controllers/api_v2/travel_controller.py", line 212, in delete_entertainment_from_travel
    await self.travel_service.unlink_entertainment(travel_id, entertainment_id)
          ^^^^^^^^^^^^^^^^^^^^^^^^^^^^^^^^^^^^^^^^
AttributeError: 'TravelService' object has no attribute 'unlink_entertainment'
2025-10-17 15:11:55,305 - routers.api_v2.travel_ent - ERROR [travel_ent.py:70] - Ошибка при удалении развлечения из путешествия: 'TravelService' object has no attribute 'unlink_entertainment'
Traceback (most recent call last):
  File "/Users/nastya/bauman/7_sem/web/src/routers/api_v2/travel_ent.py", line 65, in delete_entertainment_from_travel
    await service_locator.get_travel_contr().delete_entertainment_from_travel(travel_id, entertainment_id)
  File "/Users/nastya/bauman/7_sem/web/src/controllers/api_v2/travel_controller.py", line 212, in delete_entertainment_from_travel
    await self.travel_service.unlink_entertainment(travel_id, entertainment_id)
          ^^^^^^^^^^^^^^^^^^^^^^^^^^^^^^^^^^^^^^^^
AttributeError: 'TravelService' object has no attribute 'unlink_entertainment'
2025-10-17 19:35:36,021 - controllers.api_v2.travel_controller - ERROR [travel_controller.py:260] - Ошибка при добавлении развлечения к путешествию 1: 'AccommodationCreate' object has no attribute 'event_time'
Traceback (most recent call last):
  File "/Users/nastya/bauman/7_sem/web/src/controllers/api_v2/travel_controller.py", line 234, in add_accommodation_to_travel
    check_in=data.event_time.replace(tzinfo=None),
             ^^^^^^^^^^^^^^^
  File "/opt/homebrew/lib/python3.11/site-packages/pydantic/main.py", line 891, in __getattr__
    raise AttributeError(f'{type(self).__name__!r} object has no attribute {item!r}')
AttributeError: 'AccommodationCreate' object has no attribute 'event_time'
2025-10-17 19:35:36,024 - routers.api_v2.travel_acc - ERROR [travel_acc.py:42] - Ошибка при добавлении развлечения к путешествию: 'AccommodationCreate' object has no attribute 'event_time'
Traceback (most recent call last):
  File "/Users/nastya/bauman/7_sem/web/src/routers/api_v2/travel_acc.py", line 34, in add_accommodation_to_travel
    result = await service_locator.get_travel_contr().add_accommodation_to_travel(travel_id, accommodation)
             ^^^^^^^^^^^^^^^^^^^^^^^^^^^^^^^^^^^^^^^^^^^^^^^^^^^^^^^^^^^^^^^^^^^^^^^^^^^^^^^^^^^^^^^^^^^^^^
  File "/Users/nastya/bauman/7_sem/web/src/controllers/api_v2/travel_controller.py", line 234, in add_accommodation_to_travel
    check_in=data.event_time.replace(tzinfo=None),
             ^^^^^^^^^^^^^^^
  File "/opt/homebrew/lib/python3.11/site-packages/pydantic/main.py", line 891, in __getattr__
    raise AttributeError(f'{type(self).__name__!r} object has no attribute {item!r}')
AttributeError: 'AccommodationCreate' object has no attribute 'event_time'
2025-10-17 19:46:24,285 - controllers.api_v2.travel_controller - ERROR [travel_controller.py:260] - Ошибка при добавлении развлечения к путешествию 1: 1 validation error for Accommodation
accommodation_id
  Field required [type=missing, input_value={'accommodation': 1, 'cit... 4, 'address': 'string'}, input_type=dict]
    For further information visit https://errors.pydantic.dev/2.10/v/missing
Traceback (most recent call last):
  File "/Users/nastya/bauman/7_sem/web/src/controllers/api_v2/travel_controller.py", line 229, in add_accommodation_to_travel
    data = Accommodation(
           ^^^^^^^^^^^^^^
  File "/opt/homebrew/lib/python3.11/site-packages/pydantic/main.py", line 214, in __init__
    validated_self = self.__pydantic_validator__.validate_python(data, self_instance=self)
                     ^^^^^^^^^^^^^^^^^^^^^^^^^^^^^^^^^^^^^^^^^^^^^^^^^^^^^^^^^^^^^^^^^^^^^
pydantic_core._pydantic_core.ValidationError: 1 validation error for Accommodation
accommodation_id
  Field required [type=missing, input_value={'accommodation': 1, 'cit... 4, 'address': 'string'}, input_type=dict]
    For further information visit https://errors.pydantic.dev/2.10/v/missing
2025-10-17 19:48:05,049 - controllers.api_v2.travel_controller - ERROR [travel_controller.py:260] - Ошибка при добавлении развлечения к путешествию 1: 'Accommodation' object has no attribute 'entertainment_id'
Traceback (most recent call last):
  File "/Users/nastya/bauman/7_sem/web/src/services/entertainment_service.py", line 24, in add
    logger.debug("Добавление развлечения с ID %d", entertainment.entertainment_id)
                                                   ^^^^^^^^^^^^^^^^^^^^^^^^^^^^^^
  File "/opt/homebrew/lib/python3.11/site-packages/pydantic/main.py", line 891, in __getattr__
    raise AttributeError(f'{type(self).__name__!r} object has no attribute {item!r}')
AttributeError: 'Accommodation' object has no attribute 'entertainment_id'

During handling of the above exception, another exception occurred:

Traceback (most recent call last):
  File "/Users/nastya/bauman/7_sem/web/src/controllers/api_v2/travel_controller.py", line 240, in add_accommodation_to_travel
    accommodation = await self.ent_service.add(data)
                    ^^^^^^^^^^^^^^^^^^^^^^^^^^^^^^^^
  File "/Users/nastya/bauman/7_sem/web/src/services/entertainment_service.py", line 27, in add
    logger.error("Развлечение c таким ID %d уже существует.", entertainment.entertainment_id)
                                                              ^^^^^^^^^^^^^^^^^^^^^^^^^^^^^^
  File "/opt/homebrew/lib/python3.11/site-packages/pydantic/main.py", line 891, in __getattr__
    raise AttributeError(f'{type(self).__name__!r} object has no attribute {item!r}')
AttributeError: 'Accommodation' object has no attribute 'entertainment_id'
2025-10-17 19:48:05,051 - routers.api_v2.travel_acc - ERROR [travel_acc.py:42] - Ошибка при добавлении развлечения к путешествию: 'Accommodation' object has no attribute 'entertainment_id'
Traceback (most recent call last):
  File "/Users/nastya/bauman/7_sem/web/src/services/entertainment_service.py", line 24, in add
    logger.debug("Добавление развлечения с ID %d", entertainment.entertainment_id)
                                                   ^^^^^^^^^^^^^^^^^^^^^^^^^^^^^^
  File "/opt/homebrew/lib/python3.11/site-packages/pydantic/main.py", line 891, in __getattr__
    raise AttributeError(f'{type(self).__name__!r} object has no attribute {item!r}')
AttributeError: 'Accommodation' object has no attribute 'entertainment_id'

During handling of the above exception, another exception occurred:

Traceback (most recent call last):
  File "/Users/nastya/bauman/7_sem/web/src/routers/api_v2/travel_acc.py", line 34, in add_accommodation_to_travel
    result = await service_locator.get_travel_contr().add_accommodation_to_travel(travel_id, accommodation)
             ^^^^^^^^^^^^^^^^^^^^^^^^^^^^^^^^^^^^^^^^^^^^^^^^^^^^^^^^^^^^^^^^^^^^^^^^^^^^^^^^^^^^^^^^^^^^^^
  File "/Users/nastya/bauman/7_sem/web/src/controllers/api_v2/travel_controller.py", line 240, in add_accommodation_to_travel
    accommodation = await self.ent_service.add(data)
                    ^^^^^^^^^^^^^^^^^^^^^^^^^^^^^^^^
  File "/Users/nastya/bauman/7_sem/web/src/services/entertainment_service.py", line 27, in add
    logger.error("Развлечение c таким ID %d уже существует.", entertainment.entertainment_id)
                                                              ^^^^^^^^^^^^^^^^^^^^^^^^^^^^^^
  File "/opt/homebrew/lib/python3.11/site-packages/pydantic/main.py", line 891, in __getattr__
    raise AttributeError(f'{type(self).__name__!r} object has no attribute {item!r}')
AttributeError: 'Accommodation' object has no attribute 'entertainment_id'
2025-10-17 19:53:30,203 - repository.travel_repository - ERROR [travel_repository.py:517] - Ошибка при отвязке развлечения ID 32 от путешествия ID 1: (sqlalchemy.dialects.postgresql.asyncpg.ProgrammingError) <class 'asyncpg.exceptions.PostgresSyntaxError'>: syntax error at or near "ANDaccommodation_id"
[SQL: 
                    DELETE FROM travel_accommodation
                    WHERE travel_id = $1 ANDaccommodation_id = $2
                ]
[parameters: (1, 32)]
(Background on this error at: https://sqlalche.me/e/20/f405)
Traceback (most recent call last):
  File "/opt/homebrew/lib/python3.11/site-packages/sqlalchemy/dialects/postgresql/asyncpg.py", line 521, in _prepare_and_execute
    prepared_stmt, attributes = await adapt_connection._prepare(
                                ^^^^^^^^^^^^^^^^^^^^^^^^^^^^^^^^
  File "/opt/homebrew/lib/python3.11/site-packages/sqlalchemy/dialects/postgresql/asyncpg.py", line 768, in _prepare
    prepared_stmt = await self._connection.prepare(
                    ^^^^^^^^^^^^^^^^^^^^^^^^^^^^^^^
  File "/opt/homebrew/lib/python3.11/site-packages/asyncpg/connection.py", line 635, in prepare
    return await self._prepare(
           ^^^^^^^^^^^^^^^^^^^^
  File "/opt/homebrew/lib/python3.11/site-packages/asyncpg/connection.py", line 653, in _prepare
    stmt = await self._get_statement(
           ^^^^^^^^^^^^^^^^^^^^^^^^^^
  File "/opt/homebrew/lib/python3.11/site-packages/asyncpg/connection.py", line 432, in _get_statement
    statement = await self._protocol.prepare(
                ^^^^^^^^^^^^^^^^^^^^^^^^^^^^^
  File "asyncpg/protocol/protocol.pyx", line 165, in prepare
asyncpg.exceptions.PostgresSyntaxError: syntax error at or near "ANDaccommodation_id"

The above exception was the direct cause of the following exception:

Traceback (most recent call last):
  File "/opt/homebrew/lib/python3.11/site-packages/sqlalchemy/engine/base.py", line 1964, in _exec_single_context
    self.dialect.do_execute(
  File "/opt/homebrew/lib/python3.11/site-packages/sqlalchemy/engine/default.py", line 945, in do_execute
    cursor.execute(statement, parameters)
  File "/opt/homebrew/lib/python3.11/site-packages/sqlalchemy/dialects/postgresql/asyncpg.py", line 580, in execute
    self._adapt_connection.await_(
  File "/opt/homebrew/lib/python3.11/site-packages/sqlalchemy/util/_concurrency_py3k.py", line 132, in await_only
    return current.parent.switch(awaitable)  # type: ignore[no-any-return,attr-defined] # noqa: E501
           ^^^^^^^^^^^^^^^^^^^^^^^^^^^^^^^^
  File "/opt/homebrew/lib/python3.11/site-packages/sqlalchemy/util/_concurrency_py3k.py", line 196, in greenlet_spawn
    value = await result
            ^^^^^^^^^^^^
  File "/opt/homebrew/lib/python3.11/site-packages/sqlalchemy/dialects/postgresql/asyncpg.py", line 558, in _prepare_and_execute
    self._handle_exception(error)
  File "/opt/homebrew/lib/python3.11/site-packages/sqlalchemy/dialects/postgresql/asyncpg.py", line 508, in _handle_exception
    self._adapt_connection._handle_exception(error)
  File "/opt/homebrew/lib/python3.11/site-packages/sqlalchemy/dialects/postgresql/asyncpg.py", line 792, in _handle_exception
    raise translated_error from error
sqlalchemy.dialects.postgresql.asyncpg.AsyncAdapt_asyncpg_dbapi.ProgrammingError: <class 'asyncpg.exceptions.PostgresSyntaxError'>: syntax error at or near "ANDaccommodation_id"

The above exception was the direct cause of the following exception:

Traceback (most recent call last):
  File "/Users/nastya/bauman/7_sem/web/src/repository/travel_repository.py", line 506, in unlink_accommodation
    await self.session.execute(
  File "/opt/homebrew/lib/python3.11/site-packages/sqlalchemy/ext/asyncio/session.py", line 463, in execute
    result = await greenlet_spawn(
             ^^^^^^^^^^^^^^^^^^^^^
  File "/opt/homebrew/lib/python3.11/site-packages/sqlalchemy/util/_concurrency_py3k.py", line 201, in greenlet_spawn
    result = context.throw(*sys.exc_info())
             ^^^^^^^^^^^^^^^^^^^^^^^^^^^^^^
  File "/opt/homebrew/lib/python3.11/site-packages/sqlalchemy/orm/session.py", line 2365, in execute
    return self._execute_internal(
           ^^^^^^^^^^^^^^^^^^^^^^^
  File "/opt/homebrew/lib/python3.11/site-packages/sqlalchemy/orm/session.py", line 2260, in _execute_internal
    result = conn.execute(
             ^^^^^^^^^^^^^
  File "/opt/homebrew/lib/python3.11/site-packages/sqlalchemy/engine/base.py", line 1416, in execute
    return meth(
           ^^^^^
  File "/opt/homebrew/lib/python3.11/site-packages/sqlalchemy/sql/elements.py", line 523, in _execute_on_connection
    return connection._execute_clauseelement(
           ^^^^^^^^^^^^^^^^^^^^^^^^^^^^^^^^^^
  File "/opt/homebrew/lib/python3.11/site-packages/sqlalchemy/engine/base.py", line 1638, in _execute_clauseelement
    ret = self._execute_context(
          ^^^^^^^^^^^^^^^^^^^^^^
  File "/opt/homebrew/lib/python3.11/site-packages/sqlalchemy/engine/base.py", line 1843, in _execute_context
    return self._exec_single_context(
           ^^^^^^^^^^^^^^^^^^^^^^^^^^
  File "/opt/homebrew/lib/python3.11/site-packages/sqlalchemy/engine/base.py", line 1983, in _exec_single_context
    self._handle_dbapi_exception(
  File "/opt/homebrew/lib/python3.11/site-packages/sqlalchemy/engine/base.py", line 2352, in _handle_dbapi_exception
    raise sqlalchemy_exception.with_traceback(exc_info[2]) from e
  File "/opt/homebrew/lib/python3.11/site-packages/sqlalchemy/engine/base.py", line 1964, in _exec_single_context
    self.dialect.do_execute(
  File "/opt/homebrew/lib/python3.11/site-packages/sqlalchemy/engine/default.py", line 945, in do_execute
    cursor.execute(statement, parameters)
  File "/opt/homebrew/lib/python3.11/site-packages/sqlalchemy/dialects/postgresql/asyncpg.py", line 580, in execute
    self._adapt_connection.await_(
  File "/opt/homebrew/lib/python3.11/site-packages/sqlalchemy/util/_concurrency_py3k.py", line 132, in await_only
    return current.parent.switch(awaitable)  # type: ignore[no-any-return,attr-defined] # noqa: E501
           ^^^^^^^^^^^^^^^^^^^^^^^^^^^^^^^^
  File "/opt/homebrew/lib/python3.11/site-packages/sqlalchemy/util/_concurrency_py3k.py", line 196, in greenlet_spawn
    value = await result
            ^^^^^^^^^^^^
  File "/opt/homebrew/lib/python3.11/site-packages/sqlalchemy/dialects/postgresql/asyncpg.py", line 558, in _prepare_and_execute
    self._handle_exception(error)
  File "/opt/homebrew/lib/python3.11/site-packages/sqlalchemy/dialects/postgresql/asyncpg.py", line 508, in _handle_exception
    self._adapt_connection._handle_exception(error)
  File "/opt/homebrew/lib/python3.11/site-packages/sqlalchemy/dialects/postgresql/asyncpg.py", line 792, in _handle_exception
    raise translated_error from error
sqlalchemy.exc.ProgrammingError: (sqlalchemy.dialects.postgresql.asyncpg.ProgrammingError) <class 'asyncpg.exceptions.PostgresSyntaxError'>: syntax error at or near "ANDaccommodation_id"
[SQL: 
                    DELETE FROM travel_accommodation
                    WHERE travel_id = $1 ANDaccommodation_id = $2
                ]
[parameters: (1, 32)]
(Background on this error at: https://sqlalche.me/e/20/f405)
2025-10-17 19:53:30,211 - services.travel_service - ERROR [travel_service.py:150] - Путешествие с ID 1 не найдено.
2025-10-17 19:53:30,212 - controllers.api_v2.travel_controller - ERROR [travel_controller.py:274] - Ошибка при удалении развлечения из путешествия 1: Путешествие не найдено.
Traceback (most recent call last):
  File "/opt/homebrew/lib/python3.11/site-packages/sqlalchemy/dialects/postgresql/asyncpg.py", line 521, in _prepare_and_execute
    prepared_stmt, attributes = await adapt_connection._prepare(
                                ^^^^^^^^^^^^^^^^^^^^^^^^^^^^^^^^
  File "/opt/homebrew/lib/python3.11/site-packages/sqlalchemy/dialects/postgresql/asyncpg.py", line 768, in _prepare
    prepared_stmt = await self._connection.prepare(
                    ^^^^^^^^^^^^^^^^^^^^^^^^^^^^^^^
  File "/opt/homebrew/lib/python3.11/site-packages/asyncpg/connection.py", line 635, in prepare
    return await self._prepare(
           ^^^^^^^^^^^^^^^^^^^^
  File "/opt/homebrew/lib/python3.11/site-packages/asyncpg/connection.py", line 653, in _prepare
    stmt = await self._get_statement(
           ^^^^^^^^^^^^^^^^^^^^^^^^^^
  File "/opt/homebrew/lib/python3.11/site-packages/asyncpg/connection.py", line 432, in _get_statement
    statement = await self._protocol.prepare(
                ^^^^^^^^^^^^^^^^^^^^^^^^^^^^^
  File "asyncpg/protocol/protocol.pyx", line 165, in prepare
asyncpg.exceptions.PostgresSyntaxError: syntax error at or near "ANDaccommodation_id"

The above exception was the direct cause of the following exception:

Traceback (most recent call last):
  File "/opt/homebrew/lib/python3.11/site-packages/sqlalchemy/engine/base.py", line 1964, in _exec_single_context
    self.dialect.do_execute(
  File "/opt/homebrew/lib/python3.11/site-packages/sqlalchemy/engine/default.py", line 945, in do_execute
    cursor.execute(statement, parameters)
  File "/opt/homebrew/lib/python3.11/site-packages/sqlalchemy/dialects/postgresql/asyncpg.py", line 580, in execute
    self._adapt_connection.await_(
  File "/opt/homebrew/lib/python3.11/site-packages/sqlalchemy/util/_concurrency_py3k.py", line 132, in await_only
    return current.parent.switch(awaitable)  # type: ignore[no-any-return,attr-defined] # noqa: E501
           ^^^^^^^^^^^^^^^^^^^^^^^^^^^^^^^^
  File "/opt/homebrew/lib/python3.11/site-packages/sqlalchemy/util/_concurrency_py3k.py", line 196, in greenlet_spawn
    value = await result
            ^^^^^^^^^^^^
  File "/opt/homebrew/lib/python3.11/site-packages/sqlalchemy/dialects/postgresql/asyncpg.py", line 558, in _prepare_and_execute
    self._handle_exception(error)
  File "/opt/homebrew/lib/python3.11/site-packages/sqlalchemy/dialects/postgresql/asyncpg.py", line 508, in _handle_exception
    self._adapt_connection._handle_exception(error)
  File "/opt/homebrew/lib/python3.11/site-packages/sqlalchemy/dialects/postgresql/asyncpg.py", line 792, in _handle_exception
    raise translated_error from error
sqlalchemy.dialects.postgresql.asyncpg.AsyncAdapt_asyncpg_dbapi.ProgrammingError: <class 'asyncpg.exceptions.PostgresSyntaxError'>: syntax error at or near "ANDaccommodation_id"

The above exception was the direct cause of the following exception:

Traceback (most recent call last):
  File "/Users/nastya/bauman/7_sem/web/src/services/travel_service.py", line 148, in unlink_accommodation
    await self.repository.unlink_accommodation(travel_id, accommodation_id)
  File "/Users/nastya/bauman/7_sem/web/src/repository/travel_repository.py", line 506, in unlink_accommodation
    await self.session.execute(
  File "/opt/homebrew/lib/python3.11/site-packages/sqlalchemy/ext/asyncio/session.py", line 463, in execute
    result = await greenlet_spawn(
             ^^^^^^^^^^^^^^^^^^^^^
  File "/opt/homebrew/lib/python3.11/site-packages/sqlalchemy/util/_concurrency_py3k.py", line 201, in greenlet_spawn
    result = context.throw(*sys.exc_info())
             ^^^^^^^^^^^^^^^^^^^^^^^^^^^^^^
  File "/opt/homebrew/lib/python3.11/site-packages/sqlalchemy/orm/session.py", line 2365, in execute
    return self._execute_internal(
           ^^^^^^^^^^^^^^^^^^^^^^^
  File "/opt/homebrew/lib/python3.11/site-packages/sqlalchemy/orm/session.py", line 2260, in _execute_internal
    result = conn.execute(
             ^^^^^^^^^^^^^
  File "/opt/homebrew/lib/python3.11/site-packages/sqlalchemy/engine/base.py", line 1416, in execute
    return meth(
           ^^^^^
  File "/opt/homebrew/lib/python3.11/site-packages/sqlalchemy/sql/elements.py", line 523, in _execute_on_connection
    return connection._execute_clauseelement(
           ^^^^^^^^^^^^^^^^^^^^^^^^^^^^^^^^^^
  File "/opt/homebrew/lib/python3.11/site-packages/sqlalchemy/engine/base.py", line 1638, in _execute_clauseelement
    ret = self._execute_context(
          ^^^^^^^^^^^^^^^^^^^^^^
  File "/opt/homebrew/lib/python3.11/site-packages/sqlalchemy/engine/base.py", line 1843, in _execute_context
    return self._exec_single_context(
           ^^^^^^^^^^^^^^^^^^^^^^^^^^
  File "/opt/homebrew/lib/python3.11/site-packages/sqlalchemy/engine/base.py", line 1983, in _exec_single_context
    self._handle_dbapi_exception(
  File "/opt/homebrew/lib/python3.11/site-packages/sqlalchemy/engine/base.py", line 2352, in _handle_dbapi_exception
    raise sqlalchemy_exception.with_traceback(exc_info[2]) from e
  File "/opt/homebrew/lib/python3.11/site-packages/sqlalchemy/engine/base.py", line 1964, in _exec_single_context
    self.dialect.do_execute(
  File "/opt/homebrew/lib/python3.11/site-packages/sqlalchemy/engine/default.py", line 945, in do_execute
    cursor.execute(statement, parameters)
  File "/opt/homebrew/lib/python3.11/site-packages/sqlalchemy/dialects/postgresql/asyncpg.py", line 580, in execute
    self._adapt_connection.await_(
  File "/opt/homebrew/lib/python3.11/site-packages/sqlalchemy/util/_concurrency_py3k.py", line 132, in await_only
    return current.parent.switch(awaitable)  # type: ignore[no-any-return,attr-defined] # noqa: E501
           ^^^^^^^^^^^^^^^^^^^^^^^^^^^^^^^^
  File "/opt/homebrew/lib/python3.11/site-packages/sqlalchemy/util/_concurrency_py3k.py", line 196, in greenlet_spawn
    value = await result
            ^^^^^^^^^^^^
  File "/opt/homebrew/lib/python3.11/site-packages/sqlalchemy/dialects/postgresql/asyncpg.py", line 558, in _prepare_and_execute
    self._handle_exception(error)
  File "/opt/homebrew/lib/python3.11/site-packages/sqlalchemy/dialects/postgresql/asyncpg.py", line 508, in _handle_exception
    self._adapt_connection._handle_exception(error)
  File "/opt/homebrew/lib/python3.11/site-packages/sqlalchemy/dialects/postgresql/asyncpg.py", line 792, in _handle_exception
    raise translated_error from error
sqlalchemy.exc.ProgrammingError: (sqlalchemy.dialects.postgresql.asyncpg.ProgrammingError) <class 'asyncpg.exceptions.PostgresSyntaxError'>: syntax error at or near "ANDaccommodation_id"
[SQL: 
                    DELETE FROM travel_accommodation
                    WHERE travel_id = $1 ANDaccommodation_id = $2
                ]
[parameters: (1, 32)]
(Background on this error at: https://sqlalche.me/e/20/f405)

During handling of the above exception, another exception occurred:

Traceback (most recent call last):
  File "/Users/nastya/bauman/7_sem/web/src/controllers/api_v2/travel_controller.py", line 271, in delete_accommodation_from_travel
    await self.travel_service.unlink_accommodation(travel_id, accommodation_id)
  File "/Users/nastya/bauman/7_sem/web/src/services/travel_service.py", line 151, in unlink_accommodation
    raise ValueError("Путешествие не найдено.")
ValueError: Путешествие не найдено.
2025-10-17 19:53:30,213 - routers.api_v2.travel_acc - ERROR [travel_acc.py:70] - Ошибка при удалении развлечения из путешествия: Путешествие не найдено.
Traceback (most recent call last):
  File "/opt/homebrew/lib/python3.11/site-packages/sqlalchemy/dialects/postgresql/asyncpg.py", line 521, in _prepare_and_execute
    prepared_stmt, attributes = await adapt_connection._prepare(
                                ^^^^^^^^^^^^^^^^^^^^^^^^^^^^^^^^
  File "/opt/homebrew/lib/python3.11/site-packages/sqlalchemy/dialects/postgresql/asyncpg.py", line 768, in _prepare
    prepared_stmt = await self._connection.prepare(
                    ^^^^^^^^^^^^^^^^^^^^^^^^^^^^^^^
  File "/opt/homebrew/lib/python3.11/site-packages/asyncpg/connection.py", line 635, in prepare
    return await self._prepare(
           ^^^^^^^^^^^^^^^^^^^^
  File "/opt/homebrew/lib/python3.11/site-packages/asyncpg/connection.py", line 653, in _prepare
    stmt = await self._get_statement(
           ^^^^^^^^^^^^^^^^^^^^^^^^^^
  File "/opt/homebrew/lib/python3.11/site-packages/asyncpg/connection.py", line 432, in _get_statement
    statement = await self._protocol.prepare(
                ^^^^^^^^^^^^^^^^^^^^^^^^^^^^^
  File "asyncpg/protocol/protocol.pyx", line 165, in prepare
asyncpg.exceptions.PostgresSyntaxError: syntax error at or near "ANDaccommodation_id"

The above exception was the direct cause of the following exception:

Traceback (most recent call last):
  File "/opt/homebrew/lib/python3.11/site-packages/sqlalchemy/engine/base.py", line 1964, in _exec_single_context
    self.dialect.do_execute(
  File "/opt/homebrew/lib/python3.11/site-packages/sqlalchemy/engine/default.py", line 945, in do_execute
    cursor.execute(statement, parameters)
  File "/opt/homebrew/lib/python3.11/site-packages/sqlalchemy/dialects/postgresql/asyncpg.py", line 580, in execute
    self._adapt_connection.await_(
  File "/opt/homebrew/lib/python3.11/site-packages/sqlalchemy/util/_concurrency_py3k.py", line 132, in await_only
    return current.parent.switch(awaitable)  # type: ignore[no-any-return,attr-defined] # noqa: E501
           ^^^^^^^^^^^^^^^^^^^^^^^^^^^^^^^^
  File "/opt/homebrew/lib/python3.11/site-packages/sqlalchemy/util/_concurrency_py3k.py", line 196, in greenlet_spawn
    value = await result
            ^^^^^^^^^^^^
  File "/opt/homebrew/lib/python3.11/site-packages/sqlalchemy/dialects/postgresql/asyncpg.py", line 558, in _prepare_and_execute
    self._handle_exception(error)
  File "/opt/homebrew/lib/python3.11/site-packages/sqlalchemy/dialects/postgresql/asyncpg.py", line 508, in _handle_exception
    self._adapt_connection._handle_exception(error)
  File "/opt/homebrew/lib/python3.11/site-packages/sqlalchemy/dialects/postgresql/asyncpg.py", line 792, in _handle_exception
    raise translated_error from error
sqlalchemy.dialects.postgresql.asyncpg.AsyncAdapt_asyncpg_dbapi.ProgrammingError: <class 'asyncpg.exceptions.PostgresSyntaxError'>: syntax error at or near "ANDaccommodation_id"

The above exception was the direct cause of the following exception:

Traceback (most recent call last):
  File "/Users/nastya/bauman/7_sem/web/src/services/travel_service.py", line 148, in unlink_accommodation
    await self.repository.unlink_accommodation(travel_id, accommodation_id)
  File "/Users/nastya/bauman/7_sem/web/src/repository/travel_repository.py", line 506, in unlink_accommodation
    await self.session.execute(
  File "/opt/homebrew/lib/python3.11/site-packages/sqlalchemy/ext/asyncio/session.py", line 463, in execute
    result = await greenlet_spawn(
             ^^^^^^^^^^^^^^^^^^^^^
  File "/opt/homebrew/lib/python3.11/site-packages/sqlalchemy/util/_concurrency_py3k.py", line 201, in greenlet_spawn
    result = context.throw(*sys.exc_info())
             ^^^^^^^^^^^^^^^^^^^^^^^^^^^^^^
  File "/opt/homebrew/lib/python3.11/site-packages/sqlalchemy/orm/session.py", line 2365, in execute
    return self._execute_internal(
           ^^^^^^^^^^^^^^^^^^^^^^^
  File "/opt/homebrew/lib/python3.11/site-packages/sqlalchemy/orm/session.py", line 2260, in _execute_internal
    result = conn.execute(
             ^^^^^^^^^^^^^
  File "/opt/homebrew/lib/python3.11/site-packages/sqlalchemy/engine/base.py", line 1416, in execute
    return meth(
           ^^^^^
  File "/opt/homebrew/lib/python3.11/site-packages/sqlalchemy/sql/elements.py", line 523, in _execute_on_connection
    return connection._execute_clauseelement(
           ^^^^^^^^^^^^^^^^^^^^^^^^^^^^^^^^^^
  File "/opt/homebrew/lib/python3.11/site-packages/sqlalchemy/engine/base.py", line 1638, in _execute_clauseelement
    ret = self._execute_context(
          ^^^^^^^^^^^^^^^^^^^^^^
  File "/opt/homebrew/lib/python3.11/site-packages/sqlalchemy/engine/base.py", line 1843, in _execute_context
    return self._exec_single_context(
           ^^^^^^^^^^^^^^^^^^^^^^^^^^
  File "/opt/homebrew/lib/python3.11/site-packages/sqlalchemy/engine/base.py", line 1983, in _exec_single_context
    self._handle_dbapi_exception(
  File "/opt/homebrew/lib/python3.11/site-packages/sqlalchemy/engine/base.py", line 2352, in _handle_dbapi_exception
    raise sqlalchemy_exception.with_traceback(exc_info[2]) from e
  File "/opt/homebrew/lib/python3.11/site-packages/sqlalchemy/engine/base.py", line 1964, in _exec_single_context
    self.dialect.do_execute(
  File "/opt/homebrew/lib/python3.11/site-packages/sqlalchemy/engine/default.py", line 945, in do_execute
    cursor.execute(statement, parameters)
  File "/opt/homebrew/lib/python3.11/site-packages/sqlalchemy/dialects/postgresql/asyncpg.py", line 580, in execute
    self._adapt_connection.await_(
  File "/opt/homebrew/lib/python3.11/site-packages/sqlalchemy/util/_concurrency_py3k.py", line 132, in await_only
    return current.parent.switch(awaitable)  # type: ignore[no-any-return,attr-defined] # noqa: E501
           ^^^^^^^^^^^^^^^^^^^^^^^^^^^^^^^^
  File "/opt/homebrew/lib/python3.11/site-packages/sqlalchemy/util/_concurrency_py3k.py", line 196, in greenlet_spawn
    value = await result
            ^^^^^^^^^^^^
  File "/opt/homebrew/lib/python3.11/site-packages/sqlalchemy/dialects/postgresql/asyncpg.py", line 558, in _prepare_and_execute
    self._handle_exception(error)
  File "/opt/homebrew/lib/python3.11/site-packages/sqlalchemy/dialects/postgresql/asyncpg.py", line 508, in _handle_exception
    self._adapt_connection._handle_exception(error)
  File "/opt/homebrew/lib/python3.11/site-packages/sqlalchemy/dialects/postgresql/asyncpg.py", line 792, in _handle_exception
    raise translated_error from error
sqlalchemy.exc.ProgrammingError: (sqlalchemy.dialects.postgresql.asyncpg.ProgrammingError) <class 'asyncpg.exceptions.PostgresSyntaxError'>: syntax error at or near "ANDaccommodation_id"
[SQL: 
                    DELETE FROM travel_accommodation
                    WHERE travel_id = $1 ANDaccommodation_id = $2
                ]
[parameters: (1, 32)]
(Background on this error at: https://sqlalche.me/e/20/f405)

During handling of the above exception, another exception occurred:

Traceback (most recent call last):
  File "/Users/nastya/bauman/7_sem/web/src/routers/api_v2/travel_acc.py", line 65, in delete_accommodation_from_travel
    await service_locator.get_travel_contr().delete_accommodation_from_travel(travel_id, accommodation_id)
  File "/Users/nastya/bauman/7_sem/web/src/controllers/api_v2/travel_controller.py", line 271, in delete_accommodation_from_travel
    await self.travel_service.unlink_accommodation(travel_id, accommodation_id)
  File "/Users/nastya/bauman/7_sem/web/src/services/travel_service.py", line 151, in unlink_accommodation
    raise ValueError("Путешествие не найдено.")
ValueError: Путешествие не найдено.
2025-10-17 19:54:40,307 - repository.travel_repository - ERROR [travel_repository.py:517] - Ошибка при отвязке развлечения ID 32 от путешествия ID 1: (sqlalchemy.dialects.postgresql.asyncpg.ProgrammingError) <class 'asyncpg.exceptions.UndefinedTableError'>: relation "travel_accommodation" does not exist
[SQL: 
                    DELETE FROM travel_accommodation
                    WHERE travel_id = $1 AND accommodation_id = $2
                ]
[parameters: (1, 32)]
(Background on this error at: https://sqlalche.me/e/20/f405)
Traceback (most recent call last):
  File "/opt/homebrew/lib/python3.11/site-packages/sqlalchemy/dialects/postgresql/asyncpg.py", line 521, in _prepare_and_execute
    prepared_stmt, attributes = await adapt_connection._prepare(
                                ^^^^^^^^^^^^^^^^^^^^^^^^^^^^^^^^
  File "/opt/homebrew/lib/python3.11/site-packages/sqlalchemy/dialects/postgresql/asyncpg.py", line 768, in _prepare
    prepared_stmt = await self._connection.prepare(
                    ^^^^^^^^^^^^^^^^^^^^^^^^^^^^^^^
  File "/opt/homebrew/lib/python3.11/site-packages/asyncpg/connection.py", line 635, in prepare
    return await self._prepare(
           ^^^^^^^^^^^^^^^^^^^^
  File "/opt/homebrew/lib/python3.11/site-packages/asyncpg/connection.py", line 653, in _prepare
    stmt = await self._get_statement(
           ^^^^^^^^^^^^^^^^^^^^^^^^^^
  File "/opt/homebrew/lib/python3.11/site-packages/asyncpg/connection.py", line 432, in _get_statement
    statement = await self._protocol.prepare(
                ^^^^^^^^^^^^^^^^^^^^^^^^^^^^^
  File "asyncpg/protocol/protocol.pyx", line 165, in prepare
asyncpg.exceptions.UndefinedTableError: relation "travel_accommodation" does not exist

The above exception was the direct cause of the following exception:

Traceback (most recent call last):
  File "/opt/homebrew/lib/python3.11/site-packages/sqlalchemy/engine/base.py", line 1964, in _exec_single_context
    self.dialect.do_execute(
  File "/opt/homebrew/lib/python3.11/site-packages/sqlalchemy/engine/default.py", line 945, in do_execute
    cursor.execute(statement, parameters)
  File "/opt/homebrew/lib/python3.11/site-packages/sqlalchemy/dialects/postgresql/asyncpg.py", line 580, in execute
    self._adapt_connection.await_(
  File "/opt/homebrew/lib/python3.11/site-packages/sqlalchemy/util/_concurrency_py3k.py", line 132, in await_only
    return current.parent.switch(awaitable)  # type: ignore[no-any-return,attr-defined] # noqa: E501
           ^^^^^^^^^^^^^^^^^^^^^^^^^^^^^^^^
  File "/opt/homebrew/lib/python3.11/site-packages/sqlalchemy/util/_concurrency_py3k.py", line 196, in greenlet_spawn
    value = await result
            ^^^^^^^^^^^^
  File "/opt/homebrew/lib/python3.11/site-packages/sqlalchemy/dialects/postgresql/asyncpg.py", line 558, in _prepare_and_execute
    self._handle_exception(error)
  File "/opt/homebrew/lib/python3.11/site-packages/sqlalchemy/dialects/postgresql/asyncpg.py", line 508, in _handle_exception
    self._adapt_connection._handle_exception(error)
  File "/opt/homebrew/lib/python3.11/site-packages/sqlalchemy/dialects/postgresql/asyncpg.py", line 792, in _handle_exception
    raise translated_error from error
sqlalchemy.dialects.postgresql.asyncpg.AsyncAdapt_asyncpg_dbapi.ProgrammingError: <class 'asyncpg.exceptions.UndefinedTableError'>: relation "travel_accommodation" does not exist

The above exception was the direct cause of the following exception:

Traceback (most recent call last):
  File "/Users/nastya/bauman/7_sem/web/src/repository/travel_repository.py", line 506, in unlink_accommodation
    await self.session.execute(
  File "/opt/homebrew/lib/python3.11/site-packages/sqlalchemy/ext/asyncio/session.py", line 463, in execute
    result = await greenlet_spawn(
             ^^^^^^^^^^^^^^^^^^^^^
  File "/opt/homebrew/lib/python3.11/site-packages/sqlalchemy/util/_concurrency_py3k.py", line 201, in greenlet_spawn
    result = context.throw(*sys.exc_info())
             ^^^^^^^^^^^^^^^^^^^^^^^^^^^^^^
  File "/opt/homebrew/lib/python3.11/site-packages/sqlalchemy/orm/session.py", line 2365, in execute
    return self._execute_internal(
           ^^^^^^^^^^^^^^^^^^^^^^^
  File "/opt/homebrew/lib/python3.11/site-packages/sqlalchemy/orm/session.py", line 2260, in _execute_internal
    result = conn.execute(
             ^^^^^^^^^^^^^
  File "/opt/homebrew/lib/python3.11/site-packages/sqlalchemy/engine/base.py", line 1416, in execute
    return meth(
           ^^^^^
  File "/opt/homebrew/lib/python3.11/site-packages/sqlalchemy/sql/elements.py", line 523, in _execute_on_connection
    return connection._execute_clauseelement(
           ^^^^^^^^^^^^^^^^^^^^^^^^^^^^^^^^^^
  File "/opt/homebrew/lib/python3.11/site-packages/sqlalchemy/engine/base.py", line 1638, in _execute_clauseelement
    ret = self._execute_context(
          ^^^^^^^^^^^^^^^^^^^^^^
  File "/opt/homebrew/lib/python3.11/site-packages/sqlalchemy/engine/base.py", line 1843, in _execute_context
    return self._exec_single_context(
           ^^^^^^^^^^^^^^^^^^^^^^^^^^
  File "/opt/homebrew/lib/python3.11/site-packages/sqlalchemy/engine/base.py", line 1983, in _exec_single_context
    self._handle_dbapi_exception(
  File "/opt/homebrew/lib/python3.11/site-packages/sqlalchemy/engine/base.py", line 2352, in _handle_dbapi_exception
    raise sqlalchemy_exception.with_traceback(exc_info[2]) from e
  File "/opt/homebrew/lib/python3.11/site-packages/sqlalchemy/engine/base.py", line 1964, in _exec_single_context
    self.dialect.do_execute(
  File "/opt/homebrew/lib/python3.11/site-packages/sqlalchemy/engine/default.py", line 945, in do_execute
    cursor.execute(statement, parameters)
  File "/opt/homebrew/lib/python3.11/site-packages/sqlalchemy/dialects/postgresql/asyncpg.py", line 580, in execute
    self._adapt_connection.await_(
  File "/opt/homebrew/lib/python3.11/site-packages/sqlalchemy/util/_concurrency_py3k.py", line 132, in await_only
    return current.parent.switch(awaitable)  # type: ignore[no-any-return,attr-defined] # noqa: E501
           ^^^^^^^^^^^^^^^^^^^^^^^^^^^^^^^^
  File "/opt/homebrew/lib/python3.11/site-packages/sqlalchemy/util/_concurrency_py3k.py", line 196, in greenlet_spawn
    value = await result
            ^^^^^^^^^^^^
  File "/opt/homebrew/lib/python3.11/site-packages/sqlalchemy/dialects/postgresql/asyncpg.py", line 558, in _prepare_and_execute
    self._handle_exception(error)
  File "/opt/homebrew/lib/python3.11/site-packages/sqlalchemy/dialects/postgresql/asyncpg.py", line 508, in _handle_exception
    self._adapt_connection._handle_exception(error)
  File "/opt/homebrew/lib/python3.11/site-packages/sqlalchemy/dialects/postgresql/asyncpg.py", line 792, in _handle_exception
    raise translated_error from error
sqlalchemy.exc.ProgrammingError: (sqlalchemy.dialects.postgresql.asyncpg.ProgrammingError) <class 'asyncpg.exceptions.UndefinedTableError'>: relation "travel_accommodation" does not exist
[SQL: 
                    DELETE FROM travel_accommodation
                    WHERE travel_id = $1 AND accommodation_id = $2
                ]
[parameters: (1, 32)]
(Background on this error at: https://sqlalche.me/e/20/f405)
2025-10-17 19:54:40,315 - services.travel_service - ERROR [travel_service.py:150] - Путешествие с ID 1 не найдено.
2025-10-17 19:54:40,315 - controllers.api_v2.travel_controller - ERROR [travel_controller.py:274] - Ошибка при удалении развлечения из путешествия 1: Путешествие не найдено.
Traceback (most recent call last):
  File "/opt/homebrew/lib/python3.11/site-packages/sqlalchemy/dialects/postgresql/asyncpg.py", line 521, in _prepare_and_execute
    prepared_stmt, attributes = await adapt_connection._prepare(
                                ^^^^^^^^^^^^^^^^^^^^^^^^^^^^^^^^
  File "/opt/homebrew/lib/python3.11/site-packages/sqlalchemy/dialects/postgresql/asyncpg.py", line 768, in _prepare
    prepared_stmt = await self._connection.prepare(
                    ^^^^^^^^^^^^^^^^^^^^^^^^^^^^^^^
  File "/opt/homebrew/lib/python3.11/site-packages/asyncpg/connection.py", line 635, in prepare
    return await self._prepare(
           ^^^^^^^^^^^^^^^^^^^^
  File "/opt/homebrew/lib/python3.11/site-packages/asyncpg/connection.py", line 653, in _prepare
    stmt = await self._get_statement(
           ^^^^^^^^^^^^^^^^^^^^^^^^^^
  File "/opt/homebrew/lib/python3.11/site-packages/asyncpg/connection.py", line 432, in _get_statement
    statement = await self._protocol.prepare(
                ^^^^^^^^^^^^^^^^^^^^^^^^^^^^^
  File "asyncpg/protocol/protocol.pyx", line 165, in prepare
asyncpg.exceptions.UndefinedTableError: relation "travel_accommodation" does not exist

The above exception was the direct cause of the following exception:

Traceback (most recent call last):
  File "/opt/homebrew/lib/python3.11/site-packages/sqlalchemy/engine/base.py", line 1964, in _exec_single_context
    self.dialect.do_execute(
  File "/opt/homebrew/lib/python3.11/site-packages/sqlalchemy/engine/default.py", line 945, in do_execute
    cursor.execute(statement, parameters)
  File "/opt/homebrew/lib/python3.11/site-packages/sqlalchemy/dialects/postgresql/asyncpg.py", line 580, in execute
    self._adapt_connection.await_(
  File "/opt/homebrew/lib/python3.11/site-packages/sqlalchemy/util/_concurrency_py3k.py", line 132, in await_only
    return current.parent.switch(awaitable)  # type: ignore[no-any-return,attr-defined] # noqa: E501
           ^^^^^^^^^^^^^^^^^^^^^^^^^^^^^^^^
  File "/opt/homebrew/lib/python3.11/site-packages/sqlalchemy/util/_concurrency_py3k.py", line 196, in greenlet_spawn
    value = await result
            ^^^^^^^^^^^^
  File "/opt/homebrew/lib/python3.11/site-packages/sqlalchemy/dialects/postgresql/asyncpg.py", line 558, in _prepare_and_execute
    self._handle_exception(error)
  File "/opt/homebrew/lib/python3.11/site-packages/sqlalchemy/dialects/postgresql/asyncpg.py", line 508, in _handle_exception
    self._adapt_connection._handle_exception(error)
  File "/opt/homebrew/lib/python3.11/site-packages/sqlalchemy/dialects/postgresql/asyncpg.py", line 792, in _handle_exception
    raise translated_error from error
sqlalchemy.dialects.postgresql.asyncpg.AsyncAdapt_asyncpg_dbapi.ProgrammingError: <class 'asyncpg.exceptions.UndefinedTableError'>: relation "travel_accommodation" does not exist

The above exception was the direct cause of the following exception:

Traceback (most recent call last):
  File "/Users/nastya/bauman/7_sem/web/src/services/travel_service.py", line 148, in unlink_accommodation
    await self.repository.unlink_accommodation(travel_id, accommodation_id)
  File "/Users/nastya/bauman/7_sem/web/src/repository/travel_repository.py", line 506, in unlink_accommodation
    await self.session.execute(
  File "/opt/homebrew/lib/python3.11/site-packages/sqlalchemy/ext/asyncio/session.py", line 463, in execute
    result = await greenlet_spawn(
             ^^^^^^^^^^^^^^^^^^^^^
  File "/opt/homebrew/lib/python3.11/site-packages/sqlalchemy/util/_concurrency_py3k.py", line 201, in greenlet_spawn
    result = context.throw(*sys.exc_info())
             ^^^^^^^^^^^^^^^^^^^^^^^^^^^^^^
  File "/opt/homebrew/lib/python3.11/site-packages/sqlalchemy/orm/session.py", line 2365, in execute
    return self._execute_internal(
           ^^^^^^^^^^^^^^^^^^^^^^^
  File "/opt/homebrew/lib/python3.11/site-packages/sqlalchemy/orm/session.py", line 2260, in _execute_internal
    result = conn.execute(
             ^^^^^^^^^^^^^
  File "/opt/homebrew/lib/python3.11/site-packages/sqlalchemy/engine/base.py", line 1416, in execute
    return meth(
           ^^^^^
  File "/opt/homebrew/lib/python3.11/site-packages/sqlalchemy/sql/elements.py", line 523, in _execute_on_connection
    return connection._execute_clauseelement(
           ^^^^^^^^^^^^^^^^^^^^^^^^^^^^^^^^^^
  File "/opt/homebrew/lib/python3.11/site-packages/sqlalchemy/engine/base.py", line 1638, in _execute_clauseelement
    ret = self._execute_context(
          ^^^^^^^^^^^^^^^^^^^^^^
  File "/opt/homebrew/lib/python3.11/site-packages/sqlalchemy/engine/base.py", line 1843, in _execute_context
    return self._exec_single_context(
           ^^^^^^^^^^^^^^^^^^^^^^^^^^
  File "/opt/homebrew/lib/python3.11/site-packages/sqlalchemy/engine/base.py", line 1983, in _exec_single_context
    self._handle_dbapi_exception(
  File "/opt/homebrew/lib/python3.11/site-packages/sqlalchemy/engine/base.py", line 2352, in _handle_dbapi_exception
    raise sqlalchemy_exception.with_traceback(exc_info[2]) from e
  File "/opt/homebrew/lib/python3.11/site-packages/sqlalchemy/engine/base.py", line 1964, in _exec_single_context
    self.dialect.do_execute(
  File "/opt/homebrew/lib/python3.11/site-packages/sqlalchemy/engine/default.py", line 945, in do_execute
    cursor.execute(statement, parameters)
  File "/opt/homebrew/lib/python3.11/site-packages/sqlalchemy/dialects/postgresql/asyncpg.py", line 580, in execute
    self._adapt_connection.await_(
  File "/opt/homebrew/lib/python3.11/site-packages/sqlalchemy/util/_concurrency_py3k.py", line 132, in await_only
    return current.parent.switch(awaitable)  # type: ignore[no-any-return,attr-defined] # noqa: E501
           ^^^^^^^^^^^^^^^^^^^^^^^^^^^^^^^^
  File "/opt/homebrew/lib/python3.11/site-packages/sqlalchemy/util/_concurrency_py3k.py", line 196, in greenlet_spawn
    value = await result
            ^^^^^^^^^^^^
  File "/opt/homebrew/lib/python3.11/site-packages/sqlalchemy/dialects/postgresql/asyncpg.py", line 558, in _prepare_and_execute
    self._handle_exception(error)
  File "/opt/homebrew/lib/python3.11/site-packages/sqlalchemy/dialects/postgresql/asyncpg.py", line 508, in _handle_exception
    self._adapt_connection._handle_exception(error)
  File "/opt/homebrew/lib/python3.11/site-packages/sqlalchemy/dialects/postgresql/asyncpg.py", line 792, in _handle_exception
    raise translated_error from error
sqlalchemy.exc.ProgrammingError: (sqlalchemy.dialects.postgresql.asyncpg.ProgrammingError) <class 'asyncpg.exceptions.UndefinedTableError'>: relation "travel_accommodation" does not exist
[SQL: 
                    DELETE FROM travel_accommodation
                    WHERE travel_id = $1 AND accommodation_id = $2
                ]
[parameters: (1, 32)]
(Background on this error at: https://sqlalche.me/e/20/f405)

During handling of the above exception, another exception occurred:

Traceback (most recent call last):
  File "/Users/nastya/bauman/7_sem/web/src/controllers/api_v2/travel_controller.py", line 271, in delete_accommodation_from_travel
    await self.travel_service.unlink_accommodation(travel_id, accommodation_id)
  File "/Users/nastya/bauman/7_sem/web/src/services/travel_service.py", line 151, in unlink_accommodation
    raise ValueError("Путешествие не найдено.")
ValueError: Путешествие не найдено.
2025-10-17 19:54:40,317 - routers.api_v2.travel_acc - ERROR [travel_acc.py:70] - Ошибка при удалении развлечения из путешествия: Путешествие не найдено.
Traceback (most recent call last):
  File "/opt/homebrew/lib/python3.11/site-packages/sqlalchemy/dialects/postgresql/asyncpg.py", line 521, in _prepare_and_execute
    prepared_stmt, attributes = await adapt_connection._prepare(
                                ^^^^^^^^^^^^^^^^^^^^^^^^^^^^^^^^
  File "/opt/homebrew/lib/python3.11/site-packages/sqlalchemy/dialects/postgresql/asyncpg.py", line 768, in _prepare
    prepared_stmt = await self._connection.prepare(
                    ^^^^^^^^^^^^^^^^^^^^^^^^^^^^^^^
  File "/opt/homebrew/lib/python3.11/site-packages/asyncpg/connection.py", line 635, in prepare
    return await self._prepare(
           ^^^^^^^^^^^^^^^^^^^^
  File "/opt/homebrew/lib/python3.11/site-packages/asyncpg/connection.py", line 653, in _prepare
    stmt = await self._get_statement(
           ^^^^^^^^^^^^^^^^^^^^^^^^^^
  File "/opt/homebrew/lib/python3.11/site-packages/asyncpg/connection.py", line 432, in _get_statement
    statement = await self._protocol.prepare(
                ^^^^^^^^^^^^^^^^^^^^^^^^^^^^^
  File "asyncpg/protocol/protocol.pyx", line 165, in prepare
asyncpg.exceptions.UndefinedTableError: relation "travel_accommodation" does not exist

The above exception was the direct cause of the following exception:

Traceback (most recent call last):
  File "/opt/homebrew/lib/python3.11/site-packages/sqlalchemy/engine/base.py", line 1964, in _exec_single_context
    self.dialect.do_execute(
  File "/opt/homebrew/lib/python3.11/site-packages/sqlalchemy/engine/default.py", line 945, in do_execute
    cursor.execute(statement, parameters)
  File "/opt/homebrew/lib/python3.11/site-packages/sqlalchemy/dialects/postgresql/asyncpg.py", line 580, in execute
    self._adapt_connection.await_(
  File "/opt/homebrew/lib/python3.11/site-packages/sqlalchemy/util/_concurrency_py3k.py", line 132, in await_only
    return current.parent.switch(awaitable)  # type: ignore[no-any-return,attr-defined] # noqa: E501
           ^^^^^^^^^^^^^^^^^^^^^^^^^^^^^^^^
  File "/opt/homebrew/lib/python3.11/site-packages/sqlalchemy/util/_concurrency_py3k.py", line 196, in greenlet_spawn
    value = await result
            ^^^^^^^^^^^^
  File "/opt/homebrew/lib/python3.11/site-packages/sqlalchemy/dialects/postgresql/asyncpg.py", line 558, in _prepare_and_execute
    self._handle_exception(error)
  File "/opt/homebrew/lib/python3.11/site-packages/sqlalchemy/dialects/postgresql/asyncpg.py", line 508, in _handle_exception
    self._adapt_connection._handle_exception(error)
  File "/opt/homebrew/lib/python3.11/site-packages/sqlalchemy/dialects/postgresql/asyncpg.py", line 792, in _handle_exception
    raise translated_error from error
sqlalchemy.dialects.postgresql.asyncpg.AsyncAdapt_asyncpg_dbapi.ProgrammingError: <class 'asyncpg.exceptions.UndefinedTableError'>: relation "travel_accommodation" does not exist

The above exception was the direct cause of the following exception:

Traceback (most recent call last):
  File "/Users/nastya/bauman/7_sem/web/src/services/travel_service.py", line 148, in unlink_accommodation
    await self.repository.unlink_accommodation(travel_id, accommodation_id)
  File "/Users/nastya/bauman/7_sem/web/src/repository/travel_repository.py", line 506, in unlink_accommodation
    await self.session.execute(
  File "/opt/homebrew/lib/python3.11/site-packages/sqlalchemy/ext/asyncio/session.py", line 463, in execute
    result = await greenlet_spawn(
             ^^^^^^^^^^^^^^^^^^^^^
  File "/opt/homebrew/lib/python3.11/site-packages/sqlalchemy/util/_concurrency_py3k.py", line 201, in greenlet_spawn
    result = context.throw(*sys.exc_info())
             ^^^^^^^^^^^^^^^^^^^^^^^^^^^^^^
  File "/opt/homebrew/lib/python3.11/site-packages/sqlalchemy/orm/session.py", line 2365, in execute
    return self._execute_internal(
           ^^^^^^^^^^^^^^^^^^^^^^^
  File "/opt/homebrew/lib/python3.11/site-packages/sqlalchemy/orm/session.py", line 2260, in _execute_internal
    result = conn.execute(
             ^^^^^^^^^^^^^
  File "/opt/homebrew/lib/python3.11/site-packages/sqlalchemy/engine/base.py", line 1416, in execute
    return meth(
           ^^^^^
  File "/opt/homebrew/lib/python3.11/site-packages/sqlalchemy/sql/elements.py", line 523, in _execute_on_connection
    return connection._execute_clauseelement(
           ^^^^^^^^^^^^^^^^^^^^^^^^^^^^^^^^^^
  File "/opt/homebrew/lib/python3.11/site-packages/sqlalchemy/engine/base.py", line 1638, in _execute_clauseelement
    ret = self._execute_context(
          ^^^^^^^^^^^^^^^^^^^^^^
  File "/opt/homebrew/lib/python3.11/site-packages/sqlalchemy/engine/base.py", line 1843, in _execute_context
    return self._exec_single_context(
           ^^^^^^^^^^^^^^^^^^^^^^^^^^
  File "/opt/homebrew/lib/python3.11/site-packages/sqlalchemy/engine/base.py", line 1983, in _exec_single_context
    self._handle_dbapi_exception(
  File "/opt/homebrew/lib/python3.11/site-packages/sqlalchemy/engine/base.py", line 2352, in _handle_dbapi_exception
    raise sqlalchemy_exception.with_traceback(exc_info[2]) from e
  File "/opt/homebrew/lib/python3.11/site-packages/sqlalchemy/engine/base.py", line 1964, in _exec_single_context
    self.dialect.do_execute(
  File "/opt/homebrew/lib/python3.11/site-packages/sqlalchemy/engine/default.py", line 945, in do_execute
    cursor.execute(statement, parameters)
  File "/opt/homebrew/lib/python3.11/site-packages/sqlalchemy/dialects/postgresql/asyncpg.py", line 580, in execute
    self._adapt_connection.await_(
  File "/opt/homebrew/lib/python3.11/site-packages/sqlalchemy/util/_concurrency_py3k.py", line 132, in await_only
    return current.parent.switch(awaitable)  # type: ignore[no-any-return,attr-defined] # noqa: E501
           ^^^^^^^^^^^^^^^^^^^^^^^^^^^^^^^^
  File "/opt/homebrew/lib/python3.11/site-packages/sqlalchemy/util/_concurrency_py3k.py", line 196, in greenlet_spawn
    value = await result
            ^^^^^^^^^^^^
  File "/opt/homebrew/lib/python3.11/site-packages/sqlalchemy/dialects/postgresql/asyncpg.py", line 558, in _prepare_and_execute
    self._handle_exception(error)
  File "/opt/homebrew/lib/python3.11/site-packages/sqlalchemy/dialects/postgresql/asyncpg.py", line 508, in _handle_exception
    self._adapt_connection._handle_exception(error)
  File "/opt/homebrew/lib/python3.11/site-packages/sqlalchemy/dialects/postgresql/asyncpg.py", line 792, in _handle_exception
    raise translated_error from error
sqlalchemy.exc.ProgrammingError: (sqlalchemy.dialects.postgresql.asyncpg.ProgrammingError) <class 'asyncpg.exceptions.UndefinedTableError'>: relation "travel_accommodation" does not exist
[SQL: 
                    DELETE FROM travel_accommodation
                    WHERE travel_id = $1 AND accommodation_id = $2
                ]
[parameters: (1, 32)]
(Background on this error at: https://sqlalche.me/e/20/f405)

During handling of the above exception, another exception occurred:

Traceback (most recent call last):
  File "/Users/nastya/bauman/7_sem/web/src/routers/api_v2/travel_acc.py", line 65, in delete_accommodation_from_travel
    await service_locator.get_travel_contr().delete_accommodation_from_travel(travel_id, accommodation_id)
  File "/Users/nastya/bauman/7_sem/web/src/controllers/api_v2/travel_controller.py", line 271, in delete_accommodation_from_travel
    await self.travel_service.unlink_accommodation(travel_id, accommodation_id)
  File "/Users/nastya/bauman/7_sem/web/src/services/travel_service.py", line 151, in unlink_accommodation
    raise ValueError("Путешествие не найдено.")
ValueError: Путешествие не найдено.
2025-10-17 22:01:53,594 - routers.api_v2.auth - ERROR [auth.py:28] - Ошибка при логине: 'ServiceLocator' object has no attribute 'get_auth_contr'
Traceback (most recent call last):
  File "/Users/nastya/bauman/7_sem/web/src/routers/api_v2/auth.py", line 24, in login_user
    return await service_locator.get_auth_contr().login_user(credentials)
                 ^^^^^^^^^^^^^^^^^^^^^^^^^^^^^^
AttributeError: 'ServiceLocator' object has no attribute 'get_auth_contr'
2025-10-17 22:05:15,522 - controllers.api_v2.user_controller - WARNING [user_controller.py:174] - Неуспешная попытка входа: hggggv
2025-10-17 22:05:15,523 - controllers.api_v2.user_controller - ERROR [user_controller.py:186] - Ошибка входа пользователя: Invalid login or password
2025-10-17 22:05:56,467 - sqlalchemy.pool.impl.AsyncAdaptedQueuePool - ERROR [base.py:1032] - The garbage collector is trying to clean up non-checked-in connection <AdaptedConnection <asyncpg.connection.Connection object at 0x108657c40>>, which will be terminated.  Please ensure that SQLAlchemy pooled connections are returned to the pool explicitly, either by calling ``close()`` or by using appropriate context managers to manage their lifecycle.
2025-10-17 22:05:56,732 - controllers.api_v2.user_controller - ERROR [user_controller.py:189] - Внутренняя ошибка при логине: 'int' object has no attribute 'user_id'
Traceback (most recent call last):
  File "/Users/nastya/bauman/7_sem/web/src/controllers/api_v2/user_controller.py", line 177, in login_user
    token = await self.auth_service.create_access_token(user.user_id)
                  ^^^^^^^^^^^^^^^^^^^^^^^^^^^^^^^^^^^^^^^^^^^^^^^^^^^
  File "/Users/nastya/bauman/7_sem/web/src/services/user_service.py", line 112, in create_access_token
    "sub": str(user.user_id),
               ^^^^^^^^^^^^
AttributeError: 'int' object has no attribute 'user_id'
2025-10-17 22:05:56,733 - routers.api_v2.auth - ERROR [auth.py:28] - Ошибка при логине: 'int' object has no attribute 'user_id'
Traceback (most recent call last):
  File "/Users/nastya/bauman/7_sem/web/src/routers/api_v2/auth.py", line 24, in login_user
    return await service_locator.get_user_contr().login_user(credentials)
           ^^^^^^^^^^^^^^^^^^^^^^^^^^^^^^^^^^^^^^^^^^^^^^^^^^^^^^^^^^^^^^
  File "/Users/nastya/bauman/7_sem/web/src/controllers/api_v2/user_controller.py", line 177, in login_user
    token = await self.auth_service.create_access_token(user.user_id)
                  ^^^^^^^^^^^^^^^^^^^^^^^^^^^^^^^^^^^^^^^^^^^^^^^^^^^
  File "/Users/nastya/bauman/7_sem/web/src/services/user_service.py", line 112, in create_access_token
    "sub": str(user.user_id),
               ^^^^^^^^^^^^
AttributeError: 'int' object has no attribute 'user_id'
2025-10-17 22:10:39,661 - controllers.api_v2.user_controller - ERROR [user_controller.py:164] - Ошибка авторизации пользователя: object str can't be used in 'await' expression
Traceback (most recent call last):
  File "/Users/nastya/bauman/7_sem/web/src/controllers/api_v2/user_controller.py", line 153, in login
    data = await request.json()
           ^^^^^^^^^^^^^^^^^^^^
TypeError: object str can't be used in 'await' expression
2025-10-17 22:10:39,661 - routers.api_v2.auth - ERROR [auth.py:28] - Ошибка при логине: 401: Invalid login or password
Traceback (most recent call last):
  File "/Users/nastya/bauman/7_sem/web/src/controllers/api_v2/user_controller.py", line 153, in login
    data = await request.json()
           ^^^^^^^^^^^^^^^^^^^^
TypeError: object str can't be used in 'await' expression

During handling of the above exception, another exception occurred:

Traceback (most recent call last):
  File "/Users/nastya/bauman/7_sem/web/src/routers/api_v2/auth.py", line 24, in login_user
    return await service_locator.get_user_contr().login(credentials)
           ^^^^^^^^^^^^^^^^^^^^^^^^^^^^^^^^^^^^^^^^^^^^^^^^^^^^^^^^^
  File "/Users/nastya/bauman/7_sem/web/src/controllers/api_v2/user_controller.py", line 165, in login
    raise HTTPException(status_code=401, detail="Invalid login or password")
fastapi.exceptions.HTTPException: 401: Invalid login or password
2025-10-18 12:55:27,837 - controllers.api_v2.city_controller - ERROR [city_controller.py:40] - Ошибка при получении списка городов: 1 validation error for CityResponse
cities
  Field required [type=missing, input_value={'id': 1, 'name': 'Москва'}, input_type=dict]
    For further information visit https://errors.pydantic.dev/2.10/v/missing
Traceback (most recent call last):
  File "/Users/nastya/bauman/7_sem/web/src/controllers/api_v2/city_controller.py", line 38, in get_all_cities
    return {"cities" : [CityResponse(id=c.city_id, name=c.name) for c in cities]}
                       ^^^^^^^^^^^^^^^^^^^^^^^^^^^^^^^^^^^^^^^^^^^^^^^^^^^^^^^^^
  File "/Users/nastya/bauman/7_sem/web/src/controllers/api_v2/city_controller.py", line 38, in <listcomp>
    return {"cities" : [CityResponse(id=c.city_id, name=c.name) for c in cities]}
                        ^^^^^^^^^^^^^^^^^^^^^^^^^^^^^^^^^^^^^^^
  File "/opt/homebrew/lib/python3.11/site-packages/pydantic/main.py", line 214, in __init__
    validated_self = self.__pydantic_validator__.validate_python(data, self_instance=self)
                     ^^^^^^^^^^^^^^^^^^^^^^^^^^^^^^^^^^^^^^^^^^^^^^^^^^^^^^^^^^^^^^^^^^^^^
pydantic_core._pydantic_core.ValidationError: 1 validation error for CityResponse
cities
  Field required [type=missing, input_value={'id': 1, 'name': 'Москва'}, input_type=dict]
    For further information visit https://errors.pydantic.dev/2.10/v/missing
2025-10-18 12:55:27,839 - routers.api_v2.city - ERROR [city.py:60] - Ошибка получения списка городов: 1 validation error for CityResponse
cities
  Field required [type=missing, input_value={'id': 1, 'name': 'Москва'}, input_type=dict]
    For further information visit https://errors.pydantic.dev/2.10/v/missing
Traceback (most recent call last):
  File "/Users/nastya/bauman/7_sem/web/src/routers/api_v2/city.py", line 53, in get_all_cities
    cities = await service_locator.get_city_contr().get_all_cities()
             ^^^^^^^^^^^^^^^^^^^^^^^^^^^^^^^^^^^^^^^^^^^^^^^^^^^^^^^
  File "/Users/nastya/bauman/7_sem/web/src/controllers/api_v2/city_controller.py", line 38, in get_all_cities
    return {"cities" : [CityResponse(id=c.city_id, name=c.name) for c in cities]}
                       ^^^^^^^^^^^^^^^^^^^^^^^^^^^^^^^^^^^^^^^^^^^^^^^^^^^^^^^^^
  File "/Users/nastya/bauman/7_sem/web/src/controllers/api_v2/city_controller.py", line 38, in <listcomp>
    return {"cities" : [CityResponse(id=c.city_id, name=c.name) for c in cities]}
                        ^^^^^^^^^^^^^^^^^^^^^^^^^^^^^^^^^^^^^^^
  File "/opt/homebrew/lib/python3.11/site-packages/pydantic/main.py", line 214, in __init__
    validated_self = self.__pydantic_validator__.validate_python(data, self_instance=self)
                     ^^^^^^^^^^^^^^^^^^^^^^^^^^^^^^^^^^^^^^^^^^^^^^^^^^^^^^^^^^^^^^^^^^^^^
pydantic_core._pydantic_core.ValidationError: 1 validation error for CityResponse
cities
  Field required [type=missing, input_value={'id': 1, 'name': 'Москва'}, input_type=dict]
    For further information visit https://errors.pydantic.dev/2.10/v/missing
2025-10-18 12:59:30,815 - controllers.api_v2.city_controller - ERROR [city_controller.py:40] - Ошибка при получении списка городов: 1 validation error for CityResponse
cities
  Field required [type=missing, input_value={'id': 1, 'name': 'Москва'}, input_type=dict]
    For further information visit https://errors.pydantic.dev/2.10/v/missing
Traceback (most recent call last):
  File "/Users/nastya/bauman/7_sem/web/src/controllers/api_v2/city_controller.py", line 38, in get_all_cities
    return {"cities" : [CityResponse(id=c.city_id, name=c.name) for c in cities]}
                       ^^^^^^^^^^^^^^^^^^^^^^^^^^^^^^^^^^^^^^^^^^^^^^^^^^^^^^^^^
  File "/Users/nastya/bauman/7_sem/web/src/controllers/api_v2/city_controller.py", line 38, in <listcomp>
    return {"cities" : [CityResponse(id=c.city_id, name=c.name) for c in cities]}
                        ^^^^^^^^^^^^^^^^^^^^^^^^^^^^^^^^^^^^^^^
  File "/opt/homebrew/lib/python3.11/site-packages/pydantic/main.py", line 214, in __init__
    validated_self = self.__pydantic_validator__.validate_python(data, self_instance=self)
                     ^^^^^^^^^^^^^^^^^^^^^^^^^^^^^^^^^^^^^^^^^^^^^^^^^^^^^^^^^^^^^^^^^^^^^
pydantic_core._pydantic_core.ValidationError: 1 validation error for CityResponse
cities
  Field required [type=missing, input_value={'id': 1, 'name': 'Москва'}, input_type=dict]
    For further information visit https://errors.pydantic.dev/2.10/v/missing
2025-10-18 12:59:30,817 - routers.api_v2.city - ERROR [city.py:60] - Ошибка получения списка городов: 1 validation error for CityResponse
cities
  Field required [type=missing, input_value={'id': 1, 'name': 'Москва'}, input_type=dict]
    For further information visit https://errors.pydantic.dev/2.10/v/missing
Traceback (most recent call last):
  File "/Users/nastya/bauman/7_sem/web/src/routers/api_v2/city.py", line 53, in get_all_cities
    cities = await service_locator.get_city_contr().get_all_cities()
             ^^^^^^^^^^^^^^^^^^^^^^^^^^^^^^^^^^^^^^^^^^^^^^^^^^^^^^^
  File "/Users/nastya/bauman/7_sem/web/src/controllers/api_v2/city_controller.py", line 38, in get_all_cities
    return {"cities" : [CityResponse(id=c.city_id, name=c.name) for c in cities]}
                       ^^^^^^^^^^^^^^^^^^^^^^^^^^^^^^^^^^^^^^^^^^^^^^^^^^^^^^^^^
  File "/Users/nastya/bauman/7_sem/web/src/controllers/api_v2/city_controller.py", line 38, in <listcomp>
    return {"cities" : [CityResponse(id=c.city_id, name=c.name) for c in cities]}
                        ^^^^^^^^^^^^^^^^^^^^^^^^^^^^^^^^^^^^^^^
  File "/opt/homebrew/lib/python3.11/site-packages/pydantic/main.py", line 214, in __init__
    validated_self = self.__pydantic_validator__.validate_python(data, self_instance=self)
                     ^^^^^^^^^^^^^^^^^^^^^^^^^^^^^^^^^^^^^^^^^^^^^^^^^^^^^^^^^^^^^^^^^^^^^
pydantic_core._pydantic_core.ValidationError: 1 validation error for CityResponse
cities
  Field required [type=missing, input_value={'id': 1, 'name': 'Москва'}, input_type=dict]
    For further information visit https://errors.pydantic.dev/2.10/v/missing
2025-10-18 13:01:31,889 - controllers.api_v2.city_controller - ERROR [city_controller.py:40] - Ошибка при получении списка городов: 1 validation error for CityResponse
cities
  Field required [type=missing, input_value={'id': 1, 'name': 'Москва'}, input_type=dict]
    For further information visit https://errors.pydantic.dev/2.10/v/missing
Traceback (most recent call last):
  File "/Users/nastya/bauman/7_sem/web/src/controllers/api_v2/city_controller.py", line 38, in get_all_cities
    return {"cities" : [CityResponse(id=c.city_id, name=c.name) for c in cities]}
                       ^^^^^^^^^^^^^^^^^^^^^^^^^^^^^^^^^^^^^^^^^^^^^^^^^^^^^^^^^
  File "/Users/nastya/bauman/7_sem/web/src/controllers/api_v2/city_controller.py", line 38, in <listcomp>
    return {"cities" : [CityResponse(id=c.city_id, name=c.name) for c in cities]}
                        ^^^^^^^^^^^^^^^^^^^^^^^^^^^^^^^^^^^^^^^
  File "/opt/homebrew/lib/python3.11/site-packages/pydantic/main.py", line 214, in __init__
    validated_self = self.__pydantic_validator__.validate_python(data, self_instance=self)
                     ^^^^^^^^^^^^^^^^^^^^^^^^^^^^^^^^^^^^^^^^^^^^^^^^^^^^^^^^^^^^^^^^^^^^^
pydantic_core._pydantic_core.ValidationError: 1 validation error for CityResponse
cities
  Field required [type=missing, input_value={'id': 1, 'name': 'Москва'}, input_type=dict]
    For further information visit https://errors.pydantic.dev/2.10/v/missing
2025-10-18 13:01:31,891 - routers.api_v2.city - ERROR [city.py:60] - Ошибка получения списка городов: 1 validation error for CityResponse
cities
  Field required [type=missing, input_value={'id': 1, 'name': 'Москва'}, input_type=dict]
    For further information visit https://errors.pydantic.dev/2.10/v/missing
Traceback (most recent call last):
  File "/Users/nastya/bauman/7_sem/web/src/routers/api_v2/city.py", line 53, in get_all_cities
    cities = await service_locator.get_city_contr().get_all_cities()
             ^^^^^^^^^^^^^^^^^^^^^^^^^^^^^^^^^^^^^^^^^^^^^^^^^^^^^^^
  File "/Users/nastya/bauman/7_sem/web/src/controllers/api_v2/city_controller.py", line 38, in get_all_cities
    return {"cities" : [CityResponse(id=c.city_id, name=c.name) for c in cities]}
                       ^^^^^^^^^^^^^^^^^^^^^^^^^^^^^^^^^^^^^^^^^^^^^^^^^^^^^^^^^
  File "/Users/nastya/bauman/7_sem/web/src/controllers/api_v2/city_controller.py", line 38, in <listcomp>
    return {"cities" : [CityResponse(id=c.city_id, name=c.name) for c in cities]}
                        ^^^^^^^^^^^^^^^^^^^^^^^^^^^^^^^^^^^^^^^
  File "/opt/homebrew/lib/python3.11/site-packages/pydantic/main.py", line 214, in __init__
    validated_self = self.__pydantic_validator__.validate_python(data, self_instance=self)
                     ^^^^^^^^^^^^^^^^^^^^^^^^^^^^^^^^^^^^^^^^^^^^^^^^^^^^^^^^^^^^^^^^^^^^^
pydantic_core._pydantic_core.ValidationError: 1 validation error for CityResponse
cities
  Field required [type=missing, input_value={'id': 1, 'name': 'Москва'}, input_type=dict]
    For further information visit https://errors.pydantic.dev/2.10/v/missing
2025-10-18 19:22:33,076 - controllers.api_v2.city_controller - ERROR [city_controller.py:40] - Ошибка при получении списка городов: 1 validation error for CityResponse
cities
  Field required [type=missing, input_value={'id': 1, 'name': 'Москва'}, input_type=dict]
    For further information visit https://errors.pydantic.dev/2.10/v/missing
Traceback (most recent call last):
  File "/Users/nastya/bauman/7_sem/web/src/controllers/api_v2/city_controller.py", line 38, in get_all_cities
    return {"cities" : [CityResponse(id=c.city_id, name=c.name) for c in cities]}
                       ^^^^^^^^^^^^^^^^^^^^^^^^^^^^^^^^^^^^^^^^^^^^^^^^^^^^^^^^^
  File "/Users/nastya/bauman/7_sem/web/src/controllers/api_v2/city_controller.py", line 38, in <listcomp>
    return {"cities" : [CityResponse(id=c.city_id, name=c.name) for c in cities]}
                        ^^^^^^^^^^^^^^^^^^^^^^^^^^^^^^^^^^^^^^^
  File "/opt/homebrew/lib/python3.11/site-packages/pydantic/main.py", line 214, in __init__
    validated_self = self.__pydantic_validator__.validate_python(data, self_instance=self)
                     ^^^^^^^^^^^^^^^^^^^^^^^^^^^^^^^^^^^^^^^^^^^^^^^^^^^^^^^^^^^^^^^^^^^^^
pydantic_core._pydantic_core.ValidationError: 1 validation error for CityResponse
cities
  Field required [type=missing, input_value={'id': 1, 'name': 'Москва'}, input_type=dict]
    For further information visit https://errors.pydantic.dev/2.10/v/missing
2025-10-18 19:22:33,078 - routers.api_v2.city - ERROR [city.py:60] - Ошибка получения списка городов: 1 validation error for CityResponse
cities
  Field required [type=missing, input_value={'id': 1, 'name': 'Москва'}, input_type=dict]
    For further information visit https://errors.pydantic.dev/2.10/v/missing
Traceback (most recent call last):
  File "/Users/nastya/bauman/7_sem/web/src/routers/api_v2/city.py", line 53, in get_all_cities
    cities = await service_locator.get_city_contr().get_all_cities()
             ^^^^^^^^^^^^^^^^^^^^^^^^^^^^^^^^^^^^^^^^^^^^^^^^^^^^^^^
  File "/Users/nastya/bauman/7_sem/web/src/controllers/api_v2/city_controller.py", line 38, in get_all_cities
    return {"cities" : [CityResponse(id=c.city_id, name=c.name) for c in cities]}
                       ^^^^^^^^^^^^^^^^^^^^^^^^^^^^^^^^^^^^^^^^^^^^^^^^^^^^^^^^^
  File "/Users/nastya/bauman/7_sem/web/src/controllers/api_v2/city_controller.py", line 38, in <listcomp>
    return {"cities" : [CityResponse(id=c.city_id, name=c.name) for c in cities]}
                        ^^^^^^^^^^^^^^^^^^^^^^^^^^^^^^^^^^^^^^^
  File "/opt/homebrew/lib/python3.11/site-packages/pydantic/main.py", line 214, in __init__
    validated_self = self.__pydantic_validator__.validate_python(data, self_instance=self)
                     ^^^^^^^^^^^^^^^^^^^^^^^^^^^^^^^^^^^^^^^^^^^^^^^^^^^^^^^^^^^^^^^^^^^^^
pydantic_core._pydantic_core.ValidationError: 1 validation error for CityResponse
cities
  Field required [type=missing, input_value={'id': 1, 'name': 'Москва'}, input_type=dict]
    For further information visit https://errors.pydantic.dev/2.10/v/missing
2025-10-18 19:23:17,814 - controllers.api_v2.city_controller - ERROR [city_controller.py:40] - Ошибка при получении списка городов: 1 validation error for CityResponse
cities
  Field required [type=missing, input_value={'id': 1, 'name': 'Москва'}, input_type=dict]
    For further information visit https://errors.pydantic.dev/2.10/v/missing
Traceback (most recent call last):
  File "/Users/nastya/bauman/7_sem/web/src/controllers/api_v2/city_controller.py", line 38, in get_all_cities
    return {"cities" : [CityResponse(id=c.city_id, name=c.name) for c in cities]}
                       ^^^^^^^^^^^^^^^^^^^^^^^^^^^^^^^^^^^^^^^^^^^^^^^^^^^^^^^^^
  File "/Users/nastya/bauman/7_sem/web/src/controllers/api_v2/city_controller.py", line 38, in <listcomp>
    return {"cities" : [CityResponse(id=c.city_id, name=c.name) for c in cities]}
                        ^^^^^^^^^^^^^^^^^^^^^^^^^^^^^^^^^^^^^^^
  File "/opt/homebrew/lib/python3.11/site-packages/pydantic/main.py", line 214, in __init__
    validated_self = self.__pydantic_validator__.validate_python(data, self_instance=self)
                     ^^^^^^^^^^^^^^^^^^^^^^^^^^^^^^^^^^^^^^^^^^^^^^^^^^^^^^^^^^^^^^^^^^^^^
pydantic_core._pydantic_core.ValidationError: 1 validation error for CityResponse
cities
  Field required [type=missing, input_value={'id': 1, 'name': 'Москва'}, input_type=dict]
    For further information visit https://errors.pydantic.dev/2.10/v/missing
2025-10-18 19:23:17,820 - routers.api_v2.city - ERROR [city.py:60] - Ошибка получения списка городов: 1 validation error for CityResponse
cities
  Field required [type=missing, input_value={'id': 1, 'name': 'Москва'}, input_type=dict]
    For further information visit https://errors.pydantic.dev/2.10/v/missing
Traceback (most recent call last):
  File "/Users/nastya/bauman/7_sem/web/src/routers/api_v2/city.py", line 53, in get_all_cities
    cities = await service_locator.get_city_contr().get_all_cities()
             ^^^^^^^^^^^^^^^^^^^^^^^^^^^^^^^^^^^^^^^^^^^^^^^^^^^^^^^
  File "/Users/nastya/bauman/7_sem/web/src/controllers/api_v2/city_controller.py", line 38, in get_all_cities
    return {"cities" : [CityResponse(id=c.city_id, name=c.name) for c in cities]}
                       ^^^^^^^^^^^^^^^^^^^^^^^^^^^^^^^^^^^^^^^^^^^^^^^^^^^^^^^^^
  File "/Users/nastya/bauman/7_sem/web/src/controllers/api_v2/city_controller.py", line 38, in <listcomp>
    return {"cities" : [CityResponse(id=c.city_id, name=c.name) for c in cities]}
                        ^^^^^^^^^^^^^^^^^^^^^^^^^^^^^^^^^^^^^^^
  File "/opt/homebrew/lib/python3.11/site-packages/pydantic/main.py", line 214, in __init__
    validated_self = self.__pydantic_validator__.validate_python(data, self_instance=self)
                     ^^^^^^^^^^^^^^^^^^^^^^^^^^^^^^^^^^^^^^^^^^^^^^^^^^^^^^^^^^^^^^^^^^^^^
pydantic_core._pydantic_core.ValidationError: 1 validation error for CityResponse
cities
  Field required [type=missing, input_value={'id': 1, 'name': 'Москва'}, input_type=dict]
    For further information visit https://errors.pydantic.dev/2.10/v/missing
2025-10-24 20:20:12,323 - controllers.api_v2.user_controller - ERROR [user_controller.py:88] - Ошибка при получении списка пользователей: Multiple exceptions: [Errno 111] Connect call failed ('::1', 5432, 0, 0), [Errno 111] Connect call failed ('127.0.0.1', 5432)
Traceback (most recent call last):
  File "/app/src/controllers/api_v2/user_controller.py", line 75, in get_all_users
    users = await self.user_service.get_list()
            ^^^^^^^^^^^^^^^^^^^^^^^^^^^^^^^^^^
  File "/app/src/services/user_service.py", line 48, in get_list
    return await self.repository.get_list()
           ^^^^^^^^^^^^^^^^^^^^^^^^^^^^^^^^
  File "/app/src/repository/user_repository.py", line 56, in get_list
    result = await self.session.execute(query)
             ^^^^^^^^^^^^^^^^^^^^^^^^^^^^^^^^^
  File "/usr/local/lib/python3.13/site-packages/sqlalchemy/ext/asyncio/session.py", line 463, in execute
    result = await greenlet_spawn(
             ^^^^^^^^^^^^^^^^^^^^^
    ...<6 lines>...
    )
    ^
  File "/usr/local/lib/python3.13/site-packages/sqlalchemy/util/_concurrency_py3k.py", line 201, in greenlet_spawn
    result = context.throw(*sys.exc_info())
  File "/usr/local/lib/python3.13/site-packages/sqlalchemy/orm/session.py", line 2365, in execute
    return self._execute_internal(
           ~~~~~~~~~~~~~~~~~~~~~~^
        statement,
        ^^^^^^^^^^
    ...<4 lines>...
        _add_event=_add_event,
        ^^^^^^^^^^^^^^^^^^^^^^
    )
    ^
  File "/usr/local/lib/python3.13/site-packages/sqlalchemy/orm/session.py", line 2241, in _execute_internal
    conn = self._connection_for_bind(bind)
  File "/usr/local/lib/python3.13/site-packages/sqlalchemy/orm/session.py", line 2110, in _connection_for_bind
    return trans._connection_for_bind(engine, execution_options)
           ~~~~~~~~~~~~~~~~~~~~~~~~~~^^^^^^^^^^^^^^^^^^^^^^^^^^^
  File "<string>", line 2, in _connection_for_bind
  File "/usr/local/lib/python3.13/site-packages/sqlalchemy/orm/state_changes.py", line 139, in _go
    ret_value = fn(self, *arg, **kw)
  File "/usr/local/lib/python3.13/site-packages/sqlalchemy/orm/session.py", line 1189, in _connection_for_bind
    conn = bind.connect()
  File "/usr/local/lib/python3.13/site-packages/sqlalchemy/engine/base.py", line 3274, in connect
    return self._connection_cls(self)
           ~~~~~~~~~~~~~~~~~~~~^^^^^^
  File "/usr/local/lib/python3.13/site-packages/sqlalchemy/engine/base.py", line 146, in __init__
    self._dbapi_connection = engine.raw_connection()
                             ~~~~~~~~~~~~~~~~~~~~~^^
  File "/usr/local/lib/python3.13/site-packages/sqlalchemy/engine/base.py", line 3298, in raw_connection
    return self.pool.connect()
           ~~~~~~~~~~~~~~~~~^^
  File "/usr/local/lib/python3.13/site-packages/sqlalchemy/pool/base.py", line 449, in connect
    return _ConnectionFairy._checkout(self)
           ~~~~~~~~~~~~~~~~~~~~~~~~~~^^^^^^
  File "/usr/local/lib/python3.13/site-packages/sqlalchemy/pool/base.py", line 1264, in _checkout
    fairy = _ConnectionRecord.checkout(pool)
  File "/usr/local/lib/python3.13/site-packages/sqlalchemy/pool/base.py", line 713, in checkout
    rec = pool._do_get()
  File "/usr/local/lib/python3.13/site-packages/sqlalchemy/pool/impl.py", line 179, in _do_get
    with util.safe_reraise():
         ~~~~~~~~~~~~~~~~~^^
  File "/usr/local/lib/python3.13/site-packages/sqlalchemy/util/langhelpers.py", line 146, in __exit__
    raise exc_value.with_traceback(exc_tb)
  File "/usr/local/lib/python3.13/site-packages/sqlalchemy/pool/impl.py", line 177, in _do_get
    return self._create_connection()
           ~~~~~~~~~~~~~~~~~~~~~~~^^
  File "/usr/local/lib/python3.13/site-packages/sqlalchemy/pool/base.py", line 390, in _create_connection
    return _ConnectionRecord(self)
  File "/usr/local/lib/python3.13/site-packages/sqlalchemy/pool/base.py", line 675, in __init__
    self.__connect()
    ~~~~~~~~~~~~~~^^
  File "/usr/local/lib/python3.13/site-packages/sqlalchemy/pool/base.py", line 901, in __connect
    with util.safe_reraise():
         ~~~~~~~~~~~~~~~~~^^
  File "/usr/local/lib/python3.13/site-packages/sqlalchemy/util/langhelpers.py", line 146, in __exit__
    raise exc_value.with_traceback(exc_tb)
  File "/usr/local/lib/python3.13/site-packages/sqlalchemy/pool/base.py", line 897, in __connect
    self.dbapi_connection = connection = pool._invoke_creator(self)
                                         ~~~~~~~~~~~~~~~~~~~~^^^^^^
  File "/usr/local/lib/python3.13/site-packages/sqlalchemy/engine/create.py", line 646, in connect
    return dialect.connect(*cargs, **cparams)
           ~~~~~~~~~~~~~~~^^^^^^^^^^^^^^^^^^^
  File "/usr/local/lib/python3.13/site-packages/sqlalchemy/engine/default.py", line 625, in connect
    return self.loaded_dbapi.connect(*cargs, **cparams)  # type: ignore[no-any-return]  # NOQA: E501
           ~~~~~~~~~~~~~~~~~~~~~~~~~^^^^^^^^^^^^^^^^^^^
  File "/usr/local/lib/python3.13/site-packages/sqlalchemy/dialects/postgresql/asyncpg.py", line 961, in connect
    await_only(creator_fn(*arg, **kw)),
    ~~~~~~~~~~^^^^^^^^^^^^^^^^^^^^^^^^
  File "/usr/local/lib/python3.13/site-packages/sqlalchemy/util/_concurrency_py3k.py", line 132, in await_only
    return current.parent.switch(awaitable)  # type: ignore[no-any-return,attr-defined] # noqa: E501
           ~~~~~~~~~~~~~~~~~~~~~^^^^^^^^^^^
  File "/usr/local/lib/python3.13/site-packages/sqlalchemy/util/_concurrency_py3k.py", line 196, in greenlet_spawn
    value = await result
            ^^^^^^^^^^^^
  File "/usr/local/lib/python3.13/site-packages/asyncpg/connection.py", line 2421, in connect
    return await connect_utils._connect(
           ^^^^^^^^^^^^^^^^^^^^^^^^^^^^^
    ...<20 lines>...
    )
    ^
  File "/usr/local/lib/python3.13/site-packages/asyncpg/connect_utils.py", line 1075, in _connect
    raise last_error or exceptions.TargetServerAttributeNotMatched(
    ...<2 lines>...
    )
  File "/usr/local/lib/python3.13/site-packages/asyncpg/connect_utils.py", line 1049, in _connect
    conn = await _connect_addr(
           ^^^^^^^^^^^^^^^^^^^^
    ...<6 lines>...
    )
    ^
  File "/usr/local/lib/python3.13/site-packages/asyncpg/connect_utils.py", line 886, in _connect_addr
    return await __connect_addr(params, True, *args)
           ^^^^^^^^^^^^^^^^^^^^^^^^^^^^^^^^^^^^^^^^^
  File "/usr/local/lib/python3.13/site-packages/asyncpg/connect_utils.py", line 931, in __connect_addr
    tr, pr = await connector
             ^^^^^^^^^^^^^^^
  File "/usr/local/lib/python3.13/site-packages/asyncpg/connect_utils.py", line 802, in _create_ssl_connection
    tr, pr = await loop.create_connection(
             ^^^^^^^^^^^^^^^^^^^^^^^^^^^^^
    ...<2 lines>...
        host, port)
        ^^^^^^^^^^^
  File "/usr/local/lib/python3.13/asyncio/base_events.py", line 1179, in create_connection
    raise OSError('Multiple exceptions: {}'.format(
        ', '.join(str(exc) for exc in exceptions)))
OSError: Multiple exceptions: [Errno 111] Connect call failed ('::1', 5432, 0, 0), [Errno 111] Connect call failed ('127.0.0.1', 5432)
2025-10-24 20:20:12,349 - routers.api_v1.user - ERROR [user.py:234] - Ошибка при получении списка пользователей: 500: Multiple exceptions: [Errno 111] Connect call failed ('::1', 5432, 0, 0), [Errno 111] Connect call failed ('127.0.0.1', 5432)
2025-10-24 20:23:11,952 - controllers.api_v2.user_controller - ERROR [user_controller.py:88] - Ошибка при получении списка пользователей: Multiple exceptions: [Errno 111] Connect call failed ('::1', 5432, 0, 0), [Errno 111] Connect call failed ('127.0.0.1', 5432)
Traceback (most recent call last):
  File "/app/src/controllers/api_v2/user_controller.py", line 75, in get_all_users
    users = await self.user_service.get_list()
            ^^^^^^^^^^^^^^^^^^^^^^^^^^^^^^^^^^
  File "/app/src/services/user_service.py", line 48, in get_list
    return await self.repository.get_list()
           ^^^^^^^^^^^^^^^^^^^^^^^^^^^^^^^^
  File "/app/src/repository/user_repository.py", line 56, in get_list
    result = await self.session.execute(query)
             ^^^^^^^^^^^^^^^^^^^^^^^^^^^^^^^^^
  File "/usr/local/lib/python3.13/site-packages/sqlalchemy/ext/asyncio/session.py", line 463, in execute
    result = await greenlet_spawn(
             ^^^^^^^^^^^^^^^^^^^^^
    ...<6 lines>...
    )
    ^
  File "/usr/local/lib/python3.13/site-packages/sqlalchemy/util/_concurrency_py3k.py", line 201, in greenlet_spawn
    result = context.throw(*sys.exc_info())
  File "/usr/local/lib/python3.13/site-packages/sqlalchemy/orm/session.py", line 2365, in execute
    return self._execute_internal(
           ~~~~~~~~~~~~~~~~~~~~~~^
        statement,
        ^^^^^^^^^^
    ...<4 lines>...
        _add_event=_add_event,
        ^^^^^^^^^^^^^^^^^^^^^^
    )
    ^
  File "/usr/local/lib/python3.13/site-packages/sqlalchemy/orm/session.py", line 2241, in _execute_internal
    conn = self._connection_for_bind(bind)
  File "/usr/local/lib/python3.13/site-packages/sqlalchemy/orm/session.py", line 2110, in _connection_for_bind
    return trans._connection_for_bind(engine, execution_options)
           ~~~~~~~~~~~~~~~~~~~~~~~~~~^^^^^^^^^^^^^^^^^^^^^^^^^^^
  File "<string>", line 2, in _connection_for_bind
  File "/usr/local/lib/python3.13/site-packages/sqlalchemy/orm/state_changes.py", line 139, in _go
    ret_value = fn(self, *arg, **kw)
  File "/usr/local/lib/python3.13/site-packages/sqlalchemy/orm/session.py", line 1189, in _connection_for_bind
    conn = bind.connect()
  File "/usr/local/lib/python3.13/site-packages/sqlalchemy/engine/base.py", line 3274, in connect
    return self._connection_cls(self)
           ~~~~~~~~~~~~~~~~~~~~^^^^^^
  File "/usr/local/lib/python3.13/site-packages/sqlalchemy/engine/base.py", line 146, in __init__
    self._dbapi_connection = engine.raw_connection()
                             ~~~~~~~~~~~~~~~~~~~~~^^
  File "/usr/local/lib/python3.13/site-packages/sqlalchemy/engine/base.py", line 3298, in raw_connection
    return self.pool.connect()
           ~~~~~~~~~~~~~~~~~^^
  File "/usr/local/lib/python3.13/site-packages/sqlalchemy/pool/base.py", line 449, in connect
    return _ConnectionFairy._checkout(self)
           ~~~~~~~~~~~~~~~~~~~~~~~~~~^^^^^^
  File "/usr/local/lib/python3.13/site-packages/sqlalchemy/pool/base.py", line 1264, in _checkout
    fairy = _ConnectionRecord.checkout(pool)
  File "/usr/local/lib/python3.13/site-packages/sqlalchemy/pool/base.py", line 713, in checkout
    rec = pool._do_get()
  File "/usr/local/lib/python3.13/site-packages/sqlalchemy/pool/impl.py", line 179, in _do_get
    with util.safe_reraise():
         ~~~~~~~~~~~~~~~~~^^
  File "/usr/local/lib/python3.13/site-packages/sqlalchemy/util/langhelpers.py", line 146, in __exit__
    raise exc_value.with_traceback(exc_tb)
  File "/usr/local/lib/python3.13/site-packages/sqlalchemy/pool/impl.py", line 177, in _do_get
    return self._create_connection()
           ~~~~~~~~~~~~~~~~~~~~~~~^^
  File "/usr/local/lib/python3.13/site-packages/sqlalchemy/pool/base.py", line 390, in _create_connection
    return _ConnectionRecord(self)
  File "/usr/local/lib/python3.13/site-packages/sqlalchemy/pool/base.py", line 675, in __init__
    self.__connect()
    ~~~~~~~~~~~~~~^^
  File "/usr/local/lib/python3.13/site-packages/sqlalchemy/pool/base.py", line 901, in __connect
    with util.safe_reraise():
         ~~~~~~~~~~~~~~~~~^^
  File "/usr/local/lib/python3.13/site-packages/sqlalchemy/util/langhelpers.py", line 146, in __exit__
    raise exc_value.with_traceback(exc_tb)
  File "/usr/local/lib/python3.13/site-packages/sqlalchemy/pool/base.py", line 897, in __connect
    self.dbapi_connection = connection = pool._invoke_creator(self)
                                         ~~~~~~~~~~~~~~~~~~~~^^^^^^
  File "/usr/local/lib/python3.13/site-packages/sqlalchemy/engine/create.py", line 646, in connect
    return dialect.connect(*cargs, **cparams)
           ~~~~~~~~~~~~~~~^^^^^^^^^^^^^^^^^^^
  File "/usr/local/lib/python3.13/site-packages/sqlalchemy/engine/default.py", line 625, in connect
    return self.loaded_dbapi.connect(*cargs, **cparams)  # type: ignore[no-any-return]  # NOQA: E501
           ~~~~~~~~~~~~~~~~~~~~~~~~~^^^^^^^^^^^^^^^^^^^
  File "/usr/local/lib/python3.13/site-packages/sqlalchemy/dialects/postgresql/asyncpg.py", line 961, in connect
    await_only(creator_fn(*arg, **kw)),
    ~~~~~~~~~~^^^^^^^^^^^^^^^^^^^^^^^^
  File "/usr/local/lib/python3.13/site-packages/sqlalchemy/util/_concurrency_py3k.py", line 132, in await_only
    return current.parent.switch(awaitable)  # type: ignore[no-any-return,attr-defined] # noqa: E501
           ~~~~~~~~~~~~~~~~~~~~~^^^^^^^^^^^
  File "/usr/local/lib/python3.13/site-packages/sqlalchemy/util/_concurrency_py3k.py", line 196, in greenlet_spawn
    value = await result
            ^^^^^^^^^^^^
  File "/usr/local/lib/python3.13/site-packages/asyncpg/connection.py", line 2421, in connect
    return await connect_utils._connect(
           ^^^^^^^^^^^^^^^^^^^^^^^^^^^^^
    ...<20 lines>...
    )
    ^
  File "/usr/local/lib/python3.13/site-packages/asyncpg/connect_utils.py", line 1075, in _connect
    raise last_error or exceptions.TargetServerAttributeNotMatched(
    ...<2 lines>...
    )
  File "/usr/local/lib/python3.13/site-packages/asyncpg/connect_utils.py", line 1049, in _connect
    conn = await _connect_addr(
           ^^^^^^^^^^^^^^^^^^^^
    ...<6 lines>...
    )
    ^
  File "/usr/local/lib/python3.13/site-packages/asyncpg/connect_utils.py", line 886, in _connect_addr
    return await __connect_addr(params, True, *args)
           ^^^^^^^^^^^^^^^^^^^^^^^^^^^^^^^^^^^^^^^^^
  File "/usr/local/lib/python3.13/site-packages/asyncpg/connect_utils.py", line 931, in __connect_addr
    tr, pr = await connector
             ^^^^^^^^^^^^^^^
  File "/usr/local/lib/python3.13/site-packages/asyncpg/connect_utils.py", line 802, in _create_ssl_connection
    tr, pr = await loop.create_connection(
             ^^^^^^^^^^^^^^^^^^^^^^^^^^^^^
    ...<2 lines>...
        host, port)
        ^^^^^^^^^^^
  File "/usr/local/lib/python3.13/asyncio/base_events.py", line 1179, in create_connection
    raise OSError('Multiple exceptions: {}'.format(
        ', '.join(str(exc) for exc in exceptions)))
OSError: Multiple exceptions: [Errno 111] Connect call failed ('::1', 5432, 0, 0), [Errno 111] Connect call failed ('127.0.0.1', 5432)
2025-10-24 20:23:11,974 - routers.api_v1.user - ERROR [user.py:234] - Ошибка при получении списка пользователей: 500: Multiple exceptions: [Errno 111] Connect call failed ('::1', 5432, 0, 0), [Errno 111] Connect call failed ('127.0.0.1', 5432)
2025-10-24 20:25:34,443 - controllers.api_v2.city_controller - ERROR [city_controller.py:40] - Ошибка при получении списка городов: Multiple exceptions: [Errno 111] Connect call failed ('::1', 5432, 0, 0), [Errno 111] Connect call failed ('127.0.0.1', 5432)
Traceback (most recent call last):
  File "/app/src/controllers/api_v2/city_controller.py", line 34, in get_all_cities
    cities = await self.city_service.get_all_cities()
             ^^^^^^^^^^^^^^^^^^^^^^^^^^^^^^^^^^^^^^^^
  File "/app/src/services/city_service.py", line 24, in get_all_cities
    return await self.repository.get_list()
           ^^^^^^^^^^^^^^^^^^^^^^^^^^^^^^^^
  File "/app/src/repository/city_repository.py", line 25, in get_list
    result = await self.session.execute(query)
             ^^^^^^^^^^^^^^^^^^^^^^^^^^^^^^^^^
  File "/usr/local/lib/python3.13/site-packages/sqlalchemy/ext/asyncio/session.py", line 463, in execute
    result = await greenlet_spawn(
             ^^^^^^^^^^^^^^^^^^^^^
    ...<6 lines>...
    )
    ^
  File "/usr/local/lib/python3.13/site-packages/sqlalchemy/util/_concurrency_py3k.py", line 201, in greenlet_spawn
    result = context.throw(*sys.exc_info())
  File "/usr/local/lib/python3.13/site-packages/sqlalchemy/orm/session.py", line 2365, in execute
    return self._execute_internal(
           ~~~~~~~~~~~~~~~~~~~~~~^
        statement,
        ^^^^^^^^^^
    ...<4 lines>...
        _add_event=_add_event,
        ^^^^^^^^^^^^^^^^^^^^^^
    )
    ^
  File "/usr/local/lib/python3.13/site-packages/sqlalchemy/orm/session.py", line 2241, in _execute_internal
    conn = self._connection_for_bind(bind)
  File "/usr/local/lib/python3.13/site-packages/sqlalchemy/orm/session.py", line 2110, in _connection_for_bind
    return trans._connection_for_bind(engine, execution_options)
           ~~~~~~~~~~~~~~~~~~~~~~~~~~^^^^^^^^^^^^^^^^^^^^^^^^^^^
  File "<string>", line 2, in _connection_for_bind
  File "/usr/local/lib/python3.13/site-packages/sqlalchemy/orm/state_changes.py", line 139, in _go
    ret_value = fn(self, *arg, **kw)
  File "/usr/local/lib/python3.13/site-packages/sqlalchemy/orm/session.py", line 1189, in _connection_for_bind
    conn = bind.connect()
  File "/usr/local/lib/python3.13/site-packages/sqlalchemy/engine/base.py", line 3274, in connect
    return self._connection_cls(self)
           ~~~~~~~~~~~~~~~~~~~~^^^^^^
  File "/usr/local/lib/python3.13/site-packages/sqlalchemy/engine/base.py", line 146, in __init__
    self._dbapi_connection = engine.raw_connection()
                             ~~~~~~~~~~~~~~~~~~~~~^^
  File "/usr/local/lib/python3.13/site-packages/sqlalchemy/engine/base.py", line 3298, in raw_connection
    return self.pool.connect()
           ~~~~~~~~~~~~~~~~~^^
  File "/usr/local/lib/python3.13/site-packages/sqlalchemy/pool/base.py", line 449, in connect
    return _ConnectionFairy._checkout(self)
           ~~~~~~~~~~~~~~~~~~~~~~~~~~^^^^^^
  File "/usr/local/lib/python3.13/site-packages/sqlalchemy/pool/base.py", line 1264, in _checkout
    fairy = _ConnectionRecord.checkout(pool)
  File "/usr/local/lib/python3.13/site-packages/sqlalchemy/pool/base.py", line 713, in checkout
    rec = pool._do_get()
  File "/usr/local/lib/python3.13/site-packages/sqlalchemy/pool/impl.py", line 179, in _do_get
    with util.safe_reraise():
         ~~~~~~~~~~~~~~~~~^^
  File "/usr/local/lib/python3.13/site-packages/sqlalchemy/util/langhelpers.py", line 146, in __exit__
    raise exc_value.with_traceback(exc_tb)
  File "/usr/local/lib/python3.13/site-packages/sqlalchemy/pool/impl.py", line 177, in _do_get
    return self._create_connection()
           ~~~~~~~~~~~~~~~~~~~~~~~^^
  File "/usr/local/lib/python3.13/site-packages/sqlalchemy/pool/base.py", line 390, in _create_connection
    return _ConnectionRecord(self)
  File "/usr/local/lib/python3.13/site-packages/sqlalchemy/pool/base.py", line 675, in __init__
    self.__connect()
    ~~~~~~~~~~~~~~^^
  File "/usr/local/lib/python3.13/site-packages/sqlalchemy/pool/base.py", line 901, in __connect
    with util.safe_reraise():
         ~~~~~~~~~~~~~~~~~^^
  File "/usr/local/lib/python3.13/site-packages/sqlalchemy/util/langhelpers.py", line 146, in __exit__
    raise exc_value.with_traceback(exc_tb)
  File "/usr/local/lib/python3.13/site-packages/sqlalchemy/pool/base.py", line 897, in __connect
    self.dbapi_connection = connection = pool._invoke_creator(self)
                                         ~~~~~~~~~~~~~~~~~~~~^^^^^^
  File "/usr/local/lib/python3.13/site-packages/sqlalchemy/engine/create.py", line 646, in connect
    return dialect.connect(*cargs, **cparams)
           ~~~~~~~~~~~~~~~^^^^^^^^^^^^^^^^^^^
  File "/usr/local/lib/python3.13/site-packages/sqlalchemy/engine/default.py", line 625, in connect
    return self.loaded_dbapi.connect(*cargs, **cparams)  # type: ignore[no-any-return]  # NOQA: E501
           ~~~~~~~~~~~~~~~~~~~~~~~~~^^^^^^^^^^^^^^^^^^^
  File "/usr/local/lib/python3.13/site-packages/sqlalchemy/dialects/postgresql/asyncpg.py", line 961, in connect
    await_only(creator_fn(*arg, **kw)),
    ~~~~~~~~~~^^^^^^^^^^^^^^^^^^^^^^^^
  File "/usr/local/lib/python3.13/site-packages/sqlalchemy/util/_concurrency_py3k.py", line 132, in await_only
    return current.parent.switch(awaitable)  # type: ignore[no-any-return,attr-defined] # noqa: E501
           ~~~~~~~~~~~~~~~~~~~~~^^^^^^^^^^^
  File "/usr/local/lib/python3.13/site-packages/sqlalchemy/util/_concurrency_py3k.py", line 196, in greenlet_spawn
    value = await result
            ^^^^^^^^^^^^
  File "/usr/local/lib/python3.13/site-packages/asyncpg/connection.py", line 2421, in connect
    return await connect_utils._connect(
           ^^^^^^^^^^^^^^^^^^^^^^^^^^^^^
    ...<20 lines>...
    )
    ^
  File "/usr/local/lib/python3.13/site-packages/asyncpg/connect_utils.py", line 1075, in _connect
    raise last_error or exceptions.TargetServerAttributeNotMatched(
    ...<2 lines>...
    )
  File "/usr/local/lib/python3.13/site-packages/asyncpg/connect_utils.py", line 1049, in _connect
    conn = await _connect_addr(
           ^^^^^^^^^^^^^^^^^^^^
    ...<6 lines>...
    )
    ^
  File "/usr/local/lib/python3.13/site-packages/asyncpg/connect_utils.py", line 886, in _connect_addr
    return await __connect_addr(params, True, *args)
           ^^^^^^^^^^^^^^^^^^^^^^^^^^^^^^^^^^^^^^^^^
  File "/usr/local/lib/python3.13/site-packages/asyncpg/connect_utils.py", line 931, in __connect_addr
    tr, pr = await connector
             ^^^^^^^^^^^^^^^
  File "/usr/local/lib/python3.13/site-packages/asyncpg/connect_utils.py", line 802, in _create_ssl_connection
    tr, pr = await loop.create_connection(
             ^^^^^^^^^^^^^^^^^^^^^^^^^^^^^
    ...<2 lines>...
        host, port)
        ^^^^^^^^^^^
  File "/usr/local/lib/python3.13/asyncio/base_events.py", line 1179, in create_connection
    raise OSError('Multiple exceptions: {}'.format(
        ', '.join(str(exc) for exc in exceptions)))
OSError: Multiple exceptions: [Errno 111] Connect call failed ('::1', 5432, 0, 0), [Errno 111] Connect call failed ('127.0.0.1', 5432)
2025-10-24 20:25:34,456 - routers.api_v2.city - ERROR [city.py:60] - Ошибка получения списка городов: Multiple exceptions: [Errno 111] Connect call failed ('::1', 5432, 0, 0), [Errno 111] Connect call failed ('127.0.0.1', 5432)
Traceback (most recent call last):
  File "/app/src/routers/api_v2/city.py", line 53, in get_all_cities
    cities = await service_locator.get_city_contr().get_all_cities()
             ^^^^^^^^^^^^^^^^^^^^^^^^^^^^^^^^^^^^^^^^^^^^^^^^^^^^^^^
  File "/app/src/controllers/api_v2/city_controller.py", line 34, in get_all_cities
    cities = await self.city_service.get_all_cities()
             ^^^^^^^^^^^^^^^^^^^^^^^^^^^^^^^^^^^^^^^^
  File "/app/src/services/city_service.py", line 24, in get_all_cities
    return await self.repository.get_list()
           ^^^^^^^^^^^^^^^^^^^^^^^^^^^^^^^^
  File "/app/src/repository/city_repository.py", line 25, in get_list
    result = await self.session.execute(query)
             ^^^^^^^^^^^^^^^^^^^^^^^^^^^^^^^^^
  File "/usr/local/lib/python3.13/site-packages/sqlalchemy/ext/asyncio/session.py", line 463, in execute
    result = await greenlet_spawn(
             ^^^^^^^^^^^^^^^^^^^^^
    ...<6 lines>...
    )
    ^
  File "/usr/local/lib/python3.13/site-packages/sqlalchemy/util/_concurrency_py3k.py", line 201, in greenlet_spawn
    result = context.throw(*sys.exc_info())
  File "/usr/local/lib/python3.13/site-packages/sqlalchemy/orm/session.py", line 2365, in execute
    return self._execute_internal(
           ~~~~~~~~~~~~~~~~~~~~~~^
        statement,
        ^^^^^^^^^^
    ...<4 lines>...
        _add_event=_add_event,
        ^^^^^^^^^^^^^^^^^^^^^^
    )
    ^
  File "/usr/local/lib/python3.13/site-packages/sqlalchemy/orm/session.py", line 2241, in _execute_internal
    conn = self._connection_for_bind(bind)
  File "/usr/local/lib/python3.13/site-packages/sqlalchemy/orm/session.py", line 2110, in _connection_for_bind
    return trans._connection_for_bind(engine, execution_options)
           ~~~~~~~~~~~~~~~~~~~~~~~~~~^^^^^^^^^^^^^^^^^^^^^^^^^^^
  File "<string>", line 2, in _connection_for_bind
  File "/usr/local/lib/python3.13/site-packages/sqlalchemy/orm/state_changes.py", line 139, in _go
    ret_value = fn(self, *arg, **kw)
  File "/usr/local/lib/python3.13/site-packages/sqlalchemy/orm/session.py", line 1189, in _connection_for_bind
    conn = bind.connect()
  File "/usr/local/lib/python3.13/site-packages/sqlalchemy/engine/base.py", line 3274, in connect
    return self._connection_cls(self)
           ~~~~~~~~~~~~~~~~~~~~^^^^^^
  File "/usr/local/lib/python3.13/site-packages/sqlalchemy/engine/base.py", line 146, in __init__
    self._dbapi_connection = engine.raw_connection()
                             ~~~~~~~~~~~~~~~~~~~~~^^
  File "/usr/local/lib/python3.13/site-packages/sqlalchemy/engine/base.py", line 3298, in raw_connection
    return self.pool.connect()
           ~~~~~~~~~~~~~~~~~^^
  File "/usr/local/lib/python3.13/site-packages/sqlalchemy/pool/base.py", line 449, in connect
    return _ConnectionFairy._checkout(self)
           ~~~~~~~~~~~~~~~~~~~~~~~~~~^^^^^^
  File "/usr/local/lib/python3.13/site-packages/sqlalchemy/pool/base.py", line 1264, in _checkout
    fairy = _ConnectionRecord.checkout(pool)
  File "/usr/local/lib/python3.13/site-packages/sqlalchemy/pool/base.py", line 713, in checkout
    rec = pool._do_get()
  File "/usr/local/lib/python3.13/site-packages/sqlalchemy/pool/impl.py", line 179, in _do_get
    with util.safe_reraise():
         ~~~~~~~~~~~~~~~~~^^
  File "/usr/local/lib/python3.13/site-packages/sqlalchemy/util/langhelpers.py", line 146, in __exit__
    raise exc_value.with_traceback(exc_tb)
  File "/usr/local/lib/python3.13/site-packages/sqlalchemy/pool/impl.py", line 177, in _do_get
    return self._create_connection()
           ~~~~~~~~~~~~~~~~~~~~~~~^^
  File "/usr/local/lib/python3.13/site-packages/sqlalchemy/pool/base.py", line 390, in _create_connection
    return _ConnectionRecord(self)
  File "/usr/local/lib/python3.13/site-packages/sqlalchemy/pool/base.py", line 675, in __init__
    self.__connect()
    ~~~~~~~~~~~~~~^^
  File "/usr/local/lib/python3.13/site-packages/sqlalchemy/pool/base.py", line 901, in __connect
    with util.safe_reraise():
         ~~~~~~~~~~~~~~~~~^^
  File "/usr/local/lib/python3.13/site-packages/sqlalchemy/util/langhelpers.py", line 146, in __exit__
    raise exc_value.with_traceback(exc_tb)
  File "/usr/local/lib/python3.13/site-packages/sqlalchemy/pool/base.py", line 897, in __connect
    self.dbapi_connection = connection = pool._invoke_creator(self)
                                         ~~~~~~~~~~~~~~~~~~~~^^^^^^
  File "/usr/local/lib/python3.13/site-packages/sqlalchemy/engine/create.py", line 646, in connect
    return dialect.connect(*cargs, **cparams)
           ~~~~~~~~~~~~~~~^^^^^^^^^^^^^^^^^^^
  File "/usr/local/lib/python3.13/site-packages/sqlalchemy/engine/default.py", line 625, in connect
    return self.loaded_dbapi.connect(*cargs, **cparams)  # type: ignore[no-any-return]  # NOQA: E501
           ~~~~~~~~~~~~~~~~~~~~~~~~~^^^^^^^^^^^^^^^^^^^
  File "/usr/local/lib/python3.13/site-packages/sqlalchemy/dialects/postgresql/asyncpg.py", line 961, in connect
    await_only(creator_fn(*arg, **kw)),
    ~~~~~~~~~~^^^^^^^^^^^^^^^^^^^^^^^^
  File "/usr/local/lib/python3.13/site-packages/sqlalchemy/util/_concurrency_py3k.py", line 132, in await_only
    return current.parent.switch(awaitable)  # type: ignore[no-any-return,attr-defined] # noqa: E501
           ~~~~~~~~~~~~~~~~~~~~~^^^^^^^^^^^
  File "/usr/local/lib/python3.13/site-packages/sqlalchemy/util/_concurrency_py3k.py", line 196, in greenlet_spawn
    value = await result
            ^^^^^^^^^^^^
  File "/usr/local/lib/python3.13/site-packages/asyncpg/connection.py", line 2421, in connect
    return await connect_utils._connect(
           ^^^^^^^^^^^^^^^^^^^^^^^^^^^^^
    ...<20 lines>...
    )
    ^
  File "/usr/local/lib/python3.13/site-packages/asyncpg/connect_utils.py", line 1075, in _connect
    raise last_error or exceptions.TargetServerAttributeNotMatched(
    ...<2 lines>...
    )
  File "/usr/local/lib/python3.13/site-packages/asyncpg/connect_utils.py", line 1049, in _connect
    conn = await _connect_addr(
           ^^^^^^^^^^^^^^^^^^^^
    ...<6 lines>...
    )
    ^
  File "/usr/local/lib/python3.13/site-packages/asyncpg/connect_utils.py", line 886, in _connect_addr
    return await __connect_addr(params, True, *args)
           ^^^^^^^^^^^^^^^^^^^^^^^^^^^^^^^^^^^^^^^^^
  File "/usr/local/lib/python3.13/site-packages/asyncpg/connect_utils.py", line 931, in __connect_addr
    tr, pr = await connector
             ^^^^^^^^^^^^^^^
  File "/usr/local/lib/python3.13/site-packages/asyncpg/connect_utils.py", line 802, in _create_ssl_connection
    tr, pr = await loop.create_connection(
             ^^^^^^^^^^^^^^^^^^^^^^^^^^^^^
    ...<2 lines>...
        host, port)
        ^^^^^^^^^^^
  File "/usr/local/lib/python3.13/asyncio/base_events.py", line 1179, in create_connection
    raise OSError('Multiple exceptions: {}'.format(
        ', '.join(str(exc) for exc in exceptions)))
OSError: Multiple exceptions: [Errno 111] Connect call failed ('::1', 5432, 0, 0), [Errno 111] Connect call failed ('127.0.0.1', 5432)
2025-10-24 20:25:42,120 - controllers.api_v2.city_controller - ERROR [city_controller.py:40] - Ошибка при получении списка городов: Multiple exceptions: [Errno 111] Connect call failed ('::1', 5432, 0, 0), [Errno 111] Connect call failed ('127.0.0.1', 5432)
Traceback (most recent call last):
  File "/app/src/controllers/api_v2/city_controller.py", line 34, in get_all_cities
    cities = await self.city_service.get_all_cities()
             ^^^^^^^^^^^^^^^^^^^^^^^^^^^^^^^^^^^^^^^^
  File "/app/src/services/city_service.py", line 24, in get_all_cities
    return await self.repository.get_list()
           ^^^^^^^^^^^^^^^^^^^^^^^^^^^^^^^^
  File "/app/src/repository/city_repository.py", line 25, in get_list
    result = await self.session.execute(query)
             ^^^^^^^^^^^^^^^^^^^^^^^^^^^^^^^^^
  File "/usr/local/lib/python3.13/site-packages/sqlalchemy/ext/asyncio/session.py", line 463, in execute
    result = await greenlet_spawn(
             ^^^^^^^^^^^^^^^^^^^^^
    ...<6 lines>...
    )
    ^
  File "/usr/local/lib/python3.13/site-packages/sqlalchemy/util/_concurrency_py3k.py", line 201, in greenlet_spawn
    result = context.throw(*sys.exc_info())
  File "/usr/local/lib/python3.13/site-packages/sqlalchemy/orm/session.py", line 2365, in execute
    return self._execute_internal(
           ~~~~~~~~~~~~~~~~~~~~~~^
        statement,
        ^^^^^^^^^^
    ...<4 lines>...
        _add_event=_add_event,
        ^^^^^^^^^^^^^^^^^^^^^^
    )
    ^
  File "/usr/local/lib/python3.13/site-packages/sqlalchemy/orm/session.py", line 2241, in _execute_internal
    conn = self._connection_for_bind(bind)
  File "/usr/local/lib/python3.13/site-packages/sqlalchemy/orm/session.py", line 2110, in _connection_for_bind
    return trans._connection_for_bind(engine, execution_options)
           ~~~~~~~~~~~~~~~~~~~~~~~~~~^^^^^^^^^^^^^^^^^^^^^^^^^^^
  File "<string>", line 2, in _connection_for_bind
  File "/usr/local/lib/python3.13/site-packages/sqlalchemy/orm/state_changes.py", line 139, in _go
    ret_value = fn(self, *arg, **kw)
  File "/usr/local/lib/python3.13/site-packages/sqlalchemy/orm/session.py", line 1189, in _connection_for_bind
    conn = bind.connect()
  File "/usr/local/lib/python3.13/site-packages/sqlalchemy/engine/base.py", line 3274, in connect
    return self._connection_cls(self)
           ~~~~~~~~~~~~~~~~~~~~^^^^^^
  File "/usr/local/lib/python3.13/site-packages/sqlalchemy/engine/base.py", line 146, in __init__
    self._dbapi_connection = engine.raw_connection()
                             ~~~~~~~~~~~~~~~~~~~~~^^
  File "/usr/local/lib/python3.13/site-packages/sqlalchemy/engine/base.py", line 3298, in raw_connection
    return self.pool.connect()
           ~~~~~~~~~~~~~~~~~^^
  File "/usr/local/lib/python3.13/site-packages/sqlalchemy/pool/base.py", line 449, in connect
    return _ConnectionFairy._checkout(self)
           ~~~~~~~~~~~~~~~~~~~~~~~~~~^^^^^^
  File "/usr/local/lib/python3.13/site-packages/sqlalchemy/pool/base.py", line 1264, in _checkout
    fairy = _ConnectionRecord.checkout(pool)
  File "/usr/local/lib/python3.13/site-packages/sqlalchemy/pool/base.py", line 713, in checkout
    rec = pool._do_get()
  File "/usr/local/lib/python3.13/site-packages/sqlalchemy/pool/impl.py", line 179, in _do_get
    with util.safe_reraise():
         ~~~~~~~~~~~~~~~~~^^
  File "/usr/local/lib/python3.13/site-packages/sqlalchemy/util/langhelpers.py", line 146, in __exit__
    raise exc_value.with_traceback(exc_tb)
  File "/usr/local/lib/python3.13/site-packages/sqlalchemy/pool/impl.py", line 177, in _do_get
    return self._create_connection()
           ~~~~~~~~~~~~~~~~~~~~~~~^^
  File "/usr/local/lib/python3.13/site-packages/sqlalchemy/pool/base.py", line 390, in _create_connection
    return _ConnectionRecord(self)
  File "/usr/local/lib/python3.13/site-packages/sqlalchemy/pool/base.py", line 675, in __init__
    self.__connect()
    ~~~~~~~~~~~~~~^^
  File "/usr/local/lib/python3.13/site-packages/sqlalchemy/pool/base.py", line 901, in __connect
    with util.safe_reraise():
         ~~~~~~~~~~~~~~~~~^^
  File "/usr/local/lib/python3.13/site-packages/sqlalchemy/util/langhelpers.py", line 146, in __exit__
    raise exc_value.with_traceback(exc_tb)
  File "/usr/local/lib/python3.13/site-packages/sqlalchemy/pool/base.py", line 897, in __connect
    self.dbapi_connection = connection = pool._invoke_creator(self)
                                         ~~~~~~~~~~~~~~~~~~~~^^^^^^
  File "/usr/local/lib/python3.13/site-packages/sqlalchemy/engine/create.py", line 646, in connect
    return dialect.connect(*cargs, **cparams)
           ~~~~~~~~~~~~~~~^^^^^^^^^^^^^^^^^^^
  File "/usr/local/lib/python3.13/site-packages/sqlalchemy/engine/default.py", line 625, in connect
    return self.loaded_dbapi.connect(*cargs, **cparams)  # type: ignore[no-any-return]  # NOQA: E501
           ~~~~~~~~~~~~~~~~~~~~~~~~~^^^^^^^^^^^^^^^^^^^
  File "/usr/local/lib/python3.13/site-packages/sqlalchemy/dialects/postgresql/asyncpg.py", line 961, in connect
    await_only(creator_fn(*arg, **kw)),
    ~~~~~~~~~~^^^^^^^^^^^^^^^^^^^^^^^^
  File "/usr/local/lib/python3.13/site-packages/sqlalchemy/util/_concurrency_py3k.py", line 132, in await_only
    return current.parent.switch(awaitable)  # type: ignore[no-any-return,attr-defined] # noqa: E501
           ~~~~~~~~~~~~~~~~~~~~~^^^^^^^^^^^
  File "/usr/local/lib/python3.13/site-packages/sqlalchemy/util/_concurrency_py3k.py", line 196, in greenlet_spawn
    value = await result
            ^^^^^^^^^^^^
  File "/usr/local/lib/python3.13/site-packages/asyncpg/connection.py", line 2421, in connect
    return await connect_utils._connect(
           ^^^^^^^^^^^^^^^^^^^^^^^^^^^^^
    ...<20 lines>...
    )
    ^
  File "/usr/local/lib/python3.13/site-packages/asyncpg/connect_utils.py", line 1075, in _connect
    raise last_error or exceptions.TargetServerAttributeNotMatched(
    ...<2 lines>...
    )
  File "/usr/local/lib/python3.13/site-packages/asyncpg/connect_utils.py", line 1049, in _connect
    conn = await _connect_addr(
           ^^^^^^^^^^^^^^^^^^^^
    ...<6 lines>...
    )
    ^
  File "/usr/local/lib/python3.13/site-packages/asyncpg/connect_utils.py", line 886, in _connect_addr
    return await __connect_addr(params, True, *args)
           ^^^^^^^^^^^^^^^^^^^^^^^^^^^^^^^^^^^^^^^^^
  File "/usr/local/lib/python3.13/site-packages/asyncpg/connect_utils.py", line 931, in __connect_addr
    tr, pr = await connector
             ^^^^^^^^^^^^^^^
  File "/usr/local/lib/python3.13/site-packages/asyncpg/connect_utils.py", line 802, in _create_ssl_connection
    tr, pr = await loop.create_connection(
             ^^^^^^^^^^^^^^^^^^^^^^^^^^^^^
    ...<2 lines>...
        host, port)
        ^^^^^^^^^^^
  File "/usr/local/lib/python3.13/asyncio/base_events.py", line 1179, in create_connection
    raise OSError('Multiple exceptions: {}'.format(
        ', '.join(str(exc) for exc in exceptions)))
OSError: Multiple exceptions: [Errno 111] Connect call failed ('::1', 5432, 0, 0), [Errno 111] Connect call failed ('127.0.0.1', 5432)
2025-10-24 20:25:42,161 - routers.api_v2.city - ERROR [city.py:60] - Ошибка получения списка городов: Multiple exceptions: [Errno 111] Connect call failed ('::1', 5432, 0, 0), [Errno 111] Connect call failed ('127.0.0.1', 5432)
Traceback (most recent call last):
  File "/app/src/routers/api_v2/city.py", line 53, in get_all_cities
    cities = await service_locator.get_city_contr().get_all_cities()
             ^^^^^^^^^^^^^^^^^^^^^^^^^^^^^^^^^^^^^^^^^^^^^^^^^^^^^^^
  File "/app/src/controllers/api_v2/city_controller.py", line 34, in get_all_cities
    cities = await self.city_service.get_all_cities()
             ^^^^^^^^^^^^^^^^^^^^^^^^^^^^^^^^^^^^^^^^
  File "/app/src/services/city_service.py", line 24, in get_all_cities
    return await self.repository.get_list()
           ^^^^^^^^^^^^^^^^^^^^^^^^^^^^^^^^
  File "/app/src/repository/city_repository.py", line 25, in get_list
    result = await self.session.execute(query)
             ^^^^^^^^^^^^^^^^^^^^^^^^^^^^^^^^^
  File "/usr/local/lib/python3.13/site-packages/sqlalchemy/ext/asyncio/session.py", line 463, in execute
    result = await greenlet_spawn(
             ^^^^^^^^^^^^^^^^^^^^^
    ...<6 lines>...
    )
    ^
  File "/usr/local/lib/python3.13/site-packages/sqlalchemy/util/_concurrency_py3k.py", line 201, in greenlet_spawn
    result = context.throw(*sys.exc_info())
  File "/usr/local/lib/python3.13/site-packages/sqlalchemy/orm/session.py", line 2365, in execute
    return self._execute_internal(
           ~~~~~~~~~~~~~~~~~~~~~~^
        statement,
        ^^^^^^^^^^
    ...<4 lines>...
        _add_event=_add_event,
        ^^^^^^^^^^^^^^^^^^^^^^
    )
    ^
  File "/usr/local/lib/python3.13/site-packages/sqlalchemy/orm/session.py", line 2241, in _execute_internal
    conn = self._connection_for_bind(bind)
  File "/usr/local/lib/python3.13/site-packages/sqlalchemy/orm/session.py", line 2110, in _connection_for_bind
    return trans._connection_for_bind(engine, execution_options)
           ~~~~~~~~~~~~~~~~~~~~~~~~~~^^^^^^^^^^^^^^^^^^^^^^^^^^^
  File "<string>", line 2, in _connection_for_bind
  File "/usr/local/lib/python3.13/site-packages/sqlalchemy/orm/state_changes.py", line 139, in _go
    ret_value = fn(self, *arg, **kw)
  File "/usr/local/lib/python3.13/site-packages/sqlalchemy/orm/session.py", line 1189, in _connection_for_bind
    conn = bind.connect()
  File "/usr/local/lib/python3.13/site-packages/sqlalchemy/engine/base.py", line 3274, in connect
    return self._connection_cls(self)
           ~~~~~~~~~~~~~~~~~~~~^^^^^^
  File "/usr/local/lib/python3.13/site-packages/sqlalchemy/engine/base.py", line 146, in __init__
    self._dbapi_connection = engine.raw_connection()
                             ~~~~~~~~~~~~~~~~~~~~~^^
  File "/usr/local/lib/python3.13/site-packages/sqlalchemy/engine/base.py", line 3298, in raw_connection
    return self.pool.connect()
           ~~~~~~~~~~~~~~~~~^^
  File "/usr/local/lib/python3.13/site-packages/sqlalchemy/pool/base.py", line 449, in connect
    return _ConnectionFairy._checkout(self)
           ~~~~~~~~~~~~~~~~~~~~~~~~~~^^^^^^
  File "/usr/local/lib/python3.13/site-packages/sqlalchemy/pool/base.py", line 1264, in _checkout
    fairy = _ConnectionRecord.checkout(pool)
  File "/usr/local/lib/python3.13/site-packages/sqlalchemy/pool/base.py", line 713, in checkout
    rec = pool._do_get()
  File "/usr/local/lib/python3.13/site-packages/sqlalchemy/pool/impl.py", line 179, in _do_get
    with util.safe_reraise():
         ~~~~~~~~~~~~~~~~~^^
  File "/usr/local/lib/python3.13/site-packages/sqlalchemy/util/langhelpers.py", line 146, in __exit__
    raise exc_value.with_traceback(exc_tb)
  File "/usr/local/lib/python3.13/site-packages/sqlalchemy/pool/impl.py", line 177, in _do_get
    return self._create_connection()
           ~~~~~~~~~~~~~~~~~~~~~~~^^
  File "/usr/local/lib/python3.13/site-packages/sqlalchemy/pool/base.py", line 390, in _create_connection
    return _ConnectionRecord(self)
  File "/usr/local/lib/python3.13/site-packages/sqlalchemy/pool/base.py", line 675, in __init__
    self.__connect()
    ~~~~~~~~~~~~~~^^
  File "/usr/local/lib/python3.13/site-packages/sqlalchemy/pool/base.py", line 901, in __connect
    with util.safe_reraise():
         ~~~~~~~~~~~~~~~~~^^
  File "/usr/local/lib/python3.13/site-packages/sqlalchemy/util/langhelpers.py", line 146, in __exit__
    raise exc_value.with_traceback(exc_tb)
  File "/usr/local/lib/python3.13/site-packages/sqlalchemy/pool/base.py", line 897, in __connect
    self.dbapi_connection = connection = pool._invoke_creator(self)
                                         ~~~~~~~~~~~~~~~~~~~~^^^^^^
  File "/usr/local/lib/python3.13/site-packages/sqlalchemy/engine/create.py", line 646, in connect
    return dialect.connect(*cargs, **cparams)
           ~~~~~~~~~~~~~~~^^^^^^^^^^^^^^^^^^^
  File "/usr/local/lib/python3.13/site-packages/sqlalchemy/engine/default.py", line 625, in connect
    return self.loaded_dbapi.connect(*cargs, **cparams)  # type: ignore[no-any-return]  # NOQA: E501
           ~~~~~~~~~~~~~~~~~~~~~~~~~^^^^^^^^^^^^^^^^^^^
  File "/usr/local/lib/python3.13/site-packages/sqlalchemy/dialects/postgresql/asyncpg.py", line 961, in connect
    await_only(creator_fn(*arg, **kw)),
    ~~~~~~~~~~^^^^^^^^^^^^^^^^^^^^^^^^
  File "/usr/local/lib/python3.13/site-packages/sqlalchemy/util/_concurrency_py3k.py", line 132, in await_only
    return current.parent.switch(awaitable)  # type: ignore[no-any-return,attr-defined] # noqa: E501
           ~~~~~~~~~~~~~~~~~~~~~^^^^^^^^^^^
  File "/usr/local/lib/python3.13/site-packages/sqlalchemy/util/_concurrency_py3k.py", line 196, in greenlet_spawn
    value = await result
            ^^^^^^^^^^^^
  File "/usr/local/lib/python3.13/site-packages/asyncpg/connection.py", line 2421, in connect
    return await connect_utils._connect(
           ^^^^^^^^^^^^^^^^^^^^^^^^^^^^^
    ...<20 lines>...
    )
    ^
  File "/usr/local/lib/python3.13/site-packages/asyncpg/connect_utils.py", line 1075, in _connect
    raise last_error or exceptions.TargetServerAttributeNotMatched(
    ...<2 lines>...
    )
  File "/usr/local/lib/python3.13/site-packages/asyncpg/connect_utils.py", line 1049, in _connect
    conn = await _connect_addr(
           ^^^^^^^^^^^^^^^^^^^^
    ...<6 lines>...
    )
    ^
  File "/usr/local/lib/python3.13/site-packages/asyncpg/connect_utils.py", line 886, in _connect_addr
    return await __connect_addr(params, True, *args)
           ^^^^^^^^^^^^^^^^^^^^^^^^^^^^^^^^^^^^^^^^^
  File "/usr/local/lib/python3.13/site-packages/asyncpg/connect_utils.py", line 931, in __connect_addr
    tr, pr = await connector
             ^^^^^^^^^^^^^^^
  File "/usr/local/lib/python3.13/site-packages/asyncpg/connect_utils.py", line 802, in _create_ssl_connection
    tr, pr = await loop.create_connection(
             ^^^^^^^^^^^^^^^^^^^^^^^^^^^^^
    ...<2 lines>...
        host, port)
        ^^^^^^^^^^^
  File "/usr/local/lib/python3.13/asyncio/base_events.py", line 1179, in create_connection
    raise OSError('Multiple exceptions: {}'.format(
        ', '.join(str(exc) for exc in exceptions)))
OSError: Multiple exceptions: [Errno 111] Connect call failed ('::1', 5432, 0, 0), [Errno 111] Connect call failed ('127.0.0.1', 5432)
2025-10-25 04:52:34,601 - src.main - ERROR [main.py:113] - Ошибка при обработке запроса: 'list' object has no attribute 'get'
Traceback (most recent call last):
  File "/usr/local/lib/python3.13/site-packages/starlette/middleware/errors.py", line 165, in __call__
    await self.app(scope, receive, _send)
  File "/usr/local/lib/python3.13/site-packages/starlette/middleware/exceptions.py", line 62, in __call__
    await wrap_app_handling_exceptions(self.app, conn)(scope, receive, send)
  File "/usr/local/lib/python3.13/site-packages/starlette/_exception_handler.py", line 53, in wrapped_app
    raise exc
  File "/usr/local/lib/python3.13/site-packages/starlette/_exception_handler.py", line 42, in wrapped_app
    await app(scope, receive, sender)
  File "/usr/local/lib/python3.13/site-packages/starlette/routing.py", line 714, in __call__
    await self.middleware_stack(scope, receive, send)
  File "/usr/local/lib/python3.13/site-packages/starlette/routing.py", line 734, in app
    await route.handle(scope, receive, send)
  File "/usr/local/lib/python3.13/site-packages/starlette/routing.py", line 288, in handle
    await self.app(scope, receive, send)
  File "/usr/local/lib/python3.13/site-packages/starlette/routing.py", line 76, in app
    await wrap_app_handling_exceptions(app, request)(scope, receive, send)
  File "/usr/local/lib/python3.13/site-packages/starlette/_exception_handler.py", line 53, in wrapped_app
    raise exc
  File "/usr/local/lib/python3.13/site-packages/starlette/_exception_handler.py", line 42, in wrapped_app
    await app(scope, receive, sender)
  File "/usr/local/lib/python3.13/site-packages/starlette/routing.py", line 73, in app
    response = await f(request)
               ^^^^^^^^^^^^^^^^
  File "/usr/local/lib/python3.13/site-packages/fastapi/routing.py", line 301, in app
    raw_response = await run_endpoint_function(
                   ^^^^^^^^^^^^^^^^^^^^^^^^^^^^
    ...<3 lines>...
    )
    ^
  File "/usr/local/lib/python3.13/site-packages/fastapi/routing.py", line 212, in run_endpoint_function
    return await dependant.call(**values)
           ^^^^^^^^^^^^^^^^^^^^^^^^^^^^^^
  File "/app/src/routers/api_v1/city.py", line 35, in get_all_cities
    cities = city_list.get("cities", [])
             ^^^^^^^^^^^^^
AttributeError: 'list' object has no attribute 'get'
2025-10-25 04:53:08,966 - src.main - ERROR [main.py:113] - Ошибка при обработке запроса: 'list' object has no attribute 'get'
Traceback (most recent call last):
  File "/usr/local/lib/python3.13/site-packages/starlette/middleware/errors.py", line 165, in __call__
    await self.app(scope, receive, _send)
  File "/usr/local/lib/python3.13/site-packages/starlette/middleware/exceptions.py", line 62, in __call__
    await wrap_app_handling_exceptions(self.app, conn)(scope, receive, send)
  File "/usr/local/lib/python3.13/site-packages/starlette/_exception_handler.py", line 53, in wrapped_app
    raise exc
  File "/usr/local/lib/python3.13/site-packages/starlette/_exception_handler.py", line 42, in wrapped_app
    await app(scope, receive, sender)
  File "/usr/local/lib/python3.13/site-packages/starlette/routing.py", line 714, in __call__
    await self.middleware_stack(scope, receive, send)
  File "/usr/local/lib/python3.13/site-packages/starlette/routing.py", line 734, in app
    await route.handle(scope, receive, send)
  File "/usr/local/lib/python3.13/site-packages/starlette/routing.py", line 288, in handle
    await self.app(scope, receive, send)
  File "/usr/local/lib/python3.13/site-packages/starlette/routing.py", line 76, in app
    await wrap_app_handling_exceptions(app, request)(scope, receive, send)
  File "/usr/local/lib/python3.13/site-packages/starlette/_exception_handler.py", line 53, in wrapped_app
    raise exc
  File "/usr/local/lib/python3.13/site-packages/starlette/_exception_handler.py", line 42, in wrapped_app
    await app(scope, receive, sender)
  File "/usr/local/lib/python3.13/site-packages/starlette/routing.py", line 73, in app
    response = await f(request)
               ^^^^^^^^^^^^^^^^
  File "/usr/local/lib/python3.13/site-packages/fastapi/routing.py", line 301, in app
    raw_response = await run_endpoint_function(
                   ^^^^^^^^^^^^^^^^^^^^^^^^^^^^
    ...<3 lines>...
    )
    ^
  File "/usr/local/lib/python3.13/site-packages/fastapi/routing.py", line 212, in run_endpoint_function
    return await dependant.call(**values)
           ^^^^^^^^^^^^^^^^^^^^^^^^^^^^^^
  File "/app/src/routers/api_v1/city.py", line 35, in get_all_cities
    cities = city_list.get("cities", [])
             ^^^^^^^^^^^^^
AttributeError: 'list' object has no attribute 'get'
2025-10-25 04:53:26,225 - src.main - ERROR [main.py:113] - Ошибка при обработке запроса: 'list' object has no attribute 'get'
Traceback (most recent call last):
  File "/usr/local/lib/python3.13/site-packages/starlette/middleware/errors.py", line 165, in __call__
    await self.app(scope, receive, _send)
  File "/usr/local/lib/python3.13/site-packages/starlette/middleware/exceptions.py", line 62, in __call__
    await wrap_app_handling_exceptions(self.app, conn)(scope, receive, send)
  File "/usr/local/lib/python3.13/site-packages/starlette/_exception_handler.py", line 53, in wrapped_app
    raise exc
  File "/usr/local/lib/python3.13/site-packages/starlette/_exception_handler.py", line 42, in wrapped_app
    await app(scope, receive, sender)
  File "/usr/local/lib/python3.13/site-packages/starlette/routing.py", line 714, in __call__
    await self.middleware_stack(scope, receive, send)
  File "/usr/local/lib/python3.13/site-packages/starlette/routing.py", line 734, in app
    await route.handle(scope, receive, send)
  File "/usr/local/lib/python3.13/site-packages/starlette/routing.py", line 288, in handle
    await self.app(scope, receive, send)
  File "/usr/local/lib/python3.13/site-packages/starlette/routing.py", line 76, in app
    await wrap_app_handling_exceptions(app, request)(scope, receive, send)
  File "/usr/local/lib/python3.13/site-packages/starlette/_exception_handler.py", line 53, in wrapped_app
    raise exc
  File "/usr/local/lib/python3.13/site-packages/starlette/_exception_handler.py", line 42, in wrapped_app
    await app(scope, receive, sender)
  File "/usr/local/lib/python3.13/site-packages/starlette/routing.py", line 73, in app
    response = await f(request)
               ^^^^^^^^^^^^^^^^
  File "/usr/local/lib/python3.13/site-packages/fastapi/routing.py", line 301, in app
    raw_response = await run_endpoint_function(
                   ^^^^^^^^^^^^^^^^^^^^^^^^^^^^
    ...<3 lines>...
    )
    ^
  File "/usr/local/lib/python3.13/site-packages/fastapi/routing.py", line 212, in run_endpoint_function
    return await dependant.call(**values)
           ^^^^^^^^^^^^^^^^^^^^^^^^^^^^^^
  File "/app/src/routers/api_v1/city.py", line 35, in get_all_cities
    cities = city_list.get("cities", [])
             ^^^^^^^^^^^^^
AttributeError: 'list' object has no attribute 'get'
2025-10-25 04:53:45,211 - sqlalchemy.pool.impl.AsyncAdaptedQueuePool - ERROR [base.py:1032] - The garbage collector is trying to clean up non-checked-in connection <AdaptedConnection <asyncpg.connection.Connection object at 0xffff8c78cf50>>, which will be terminated.  Please ensure that SQLAlchemy pooled connections are returned to the pool explicitly, either by calling ``close()`` or by using appropriate context managers to manage their lifecycle.
2025-10-25 04:53:45,215 - sqlalchemy.pool.impl.AsyncAdaptedQueuePool - ERROR [base.py:1032] - The garbage collector is trying to clean up non-checked-in connection <AdaptedConnection <asyncpg.connection.Connection object at 0xffff8c78f5c0>>, which will be terminated.  Please ensure that SQLAlchemy pooled connections are returned to the pool explicitly, either by calling ``close()`` or by using appropriate context managers to manage their lifecycle.
2025-10-25 04:53:45,215 - sqlalchemy.pool.impl.AsyncAdaptedQueuePool - ERROR [base.py:1032] - The garbage collector is trying to clean up non-checked-in connection <AdaptedConnection <asyncpg.connection.Connection object at 0xffff8c78fb60>>, which will be terminated.  Please ensure that SQLAlchemy pooled connections are returned to the pool explicitly, either by calling ``close()`` or by using appropriate context managers to manage their lifecycle.
2025-10-25 04:53:45,216 - sqlalchemy.pool.impl.AsyncAdaptedQueuePool - ERROR [base.py:1032] - The garbage collector is trying to clean up non-checked-in connection <AdaptedConnection <asyncpg.connection.Connection object at 0xffff8c7c5400>>, which will be terminated.  Please ensure that SQLAlchemy pooled connections are returned to the pool explicitly, either by calling ``close()`` or by using appropriate context managers to manage their lifecycle.
2025-10-25 04:53:45,217 - sqlalchemy.pool.impl.AsyncAdaptedQueuePool - ERROR [base.py:1032] - The garbage collector is trying to clean up non-checked-in connection <AdaptedConnection <asyncpg.connection.Connection object at 0xffff8c7c5e50>>, which will be terminated.  Please ensure that SQLAlchemy pooled connections are returned to the pool explicitly, either by calling ``close()`` or by using appropriate context managers to manage their lifecycle.
2025-10-25 04:53:45,276 - src.main - ERROR [main.py:113] - Ошибка при обработке запроса: 'list' object has no attribute 'get'
Traceback (most recent call last):
  File "/usr/local/lib/python3.13/site-packages/starlette/middleware/errors.py", line 165, in __call__
    await self.app(scope, receive, _send)
  File "/usr/local/lib/python3.13/site-packages/starlette/middleware/exceptions.py", line 62, in __call__
    await wrap_app_handling_exceptions(self.app, conn)(scope, receive, send)
  File "/usr/local/lib/python3.13/site-packages/starlette/_exception_handler.py", line 53, in wrapped_app
    raise exc
  File "/usr/local/lib/python3.13/site-packages/starlette/_exception_handler.py", line 42, in wrapped_app
    await app(scope, receive, sender)
  File "/usr/local/lib/python3.13/site-packages/starlette/routing.py", line 714, in __call__
    await self.middleware_stack(scope, receive, send)
  File "/usr/local/lib/python3.13/site-packages/starlette/routing.py", line 734, in app
    await route.handle(scope, receive, send)
  File "/usr/local/lib/python3.13/site-packages/starlette/routing.py", line 288, in handle
    await self.app(scope, receive, send)
  File "/usr/local/lib/python3.13/site-packages/starlette/routing.py", line 76, in app
    await wrap_app_handling_exceptions(app, request)(scope, receive, send)
  File "/usr/local/lib/python3.13/site-packages/starlette/_exception_handler.py", line 53, in wrapped_app
    raise exc
  File "/usr/local/lib/python3.13/site-packages/starlette/_exception_handler.py", line 42, in wrapped_app
    await app(scope, receive, sender)
  File "/usr/local/lib/python3.13/site-packages/starlette/routing.py", line 73, in app
    response = await f(request)
               ^^^^^^^^^^^^^^^^
  File "/usr/local/lib/python3.13/site-packages/fastapi/routing.py", line 301, in app
    raw_response = await run_endpoint_function(
                   ^^^^^^^^^^^^^^^^^^^^^^^^^^^^
    ...<3 lines>...
    )
    ^
  File "/usr/local/lib/python3.13/site-packages/fastapi/routing.py", line 212, in run_endpoint_function
    return await dependant.call(**values)
           ^^^^^^^^^^^^^^^^^^^^^^^^^^^^^^
  File "/app/src/routers/api_v1/route.py", line 63, in get_all_route
    routes = route_list.get("routes", [])
             ^^^^^^^^^^^^^^
AttributeError: 'list' object has no attribute 'get'
2025-10-25 04:54:12,886 - src.main - ERROR [main.py:113] - Ошибка при обработке запроса: 'list' object has no attribute 'get'
Traceback (most recent call last):
  File "/usr/local/lib/python3.13/site-packages/starlette/middleware/errors.py", line 165, in __call__
    await self.app(scope, receive, _send)
  File "/usr/local/lib/python3.13/site-packages/starlette/middleware/exceptions.py", line 62, in __call__
    await wrap_app_handling_exceptions(self.app, conn)(scope, receive, send)
  File "/usr/local/lib/python3.13/site-packages/starlette/_exception_handler.py", line 53, in wrapped_app
    raise exc
  File "/usr/local/lib/python3.13/site-packages/starlette/_exception_handler.py", line 42, in wrapped_app
    await app(scope, receive, sender)
  File "/usr/local/lib/python3.13/site-packages/starlette/routing.py", line 714, in __call__
    await self.middleware_stack(scope, receive, send)
  File "/usr/local/lib/python3.13/site-packages/starlette/routing.py", line 734, in app
    await route.handle(scope, receive, send)
  File "/usr/local/lib/python3.13/site-packages/starlette/routing.py", line 288, in handle
    await self.app(scope, receive, send)
  File "/usr/local/lib/python3.13/site-packages/starlette/routing.py", line 76, in app
    await wrap_app_handling_exceptions(app, request)(scope, receive, send)
  File "/usr/local/lib/python3.13/site-packages/starlette/_exception_handler.py", line 53, in wrapped_app
    raise exc
  File "/usr/local/lib/python3.13/site-packages/starlette/_exception_handler.py", line 42, in wrapped_app
    await app(scope, receive, sender)
  File "/usr/local/lib/python3.13/site-packages/starlette/routing.py", line 73, in app
    response = await f(request)
               ^^^^^^^^^^^^^^^^
  File "/usr/local/lib/python3.13/site-packages/fastapi/routing.py", line 301, in app
    raw_response = await run_endpoint_function(
                   ^^^^^^^^^^^^^^^^^^^^^^^^^^^^
    ...<3 lines>...
    )
    ^
  File "/usr/local/lib/python3.13/site-packages/fastapi/routing.py", line 212, in run_endpoint_function
    return await dependant.call(**values)
           ^^^^^^^^^^^^^^^^^^^^^^^^^^^^^^
  File "/app/src/routers/api_v1/accommodation.py", line 37, in get_all_accommodations
    accommodations = accommodation_list.get("accommodations", [])
                     ^^^^^^^^^^^^^^^^^^^^^^
AttributeError: 'list' object has no attribute 'get'
2025-10-25 04:57:24,587 - sqlalchemy.pool.impl.AsyncAdaptedQueuePool - ERROR [base.py:378] - Exception terminating connection <AdaptedConnection <asyncpg.connection.Connection object at 0xffff8c7c55e0>>
Traceback (most recent call last):
  File "/usr/local/lib/python3.13/site-packages/sqlalchemy/pool/base.py", line 374, in _close_connection
    self._dialect.do_terminate(connection)
    ~~~~~~~~~~~~~~~~~~~~~~~~~~^^^^^^^^^^^^
  File "/usr/local/lib/python3.13/site-packages/sqlalchemy/dialects/postgresql/asyncpg.py", line 1130, in do_terminate
    dbapi_connection.terminate()
    ~~~~~~~~~~~~~~~~~~~~~~~~~~^^
  File "/usr/local/lib/python3.13/site-packages/sqlalchemy/dialects/postgresql/asyncpg.py", line 922, in terminate
    self._connection.terminate()
    ~~~~~~~~~~~~~~~~~~~~~~~~~~^^
  File "/usr/local/lib/python3.13/site-packages/asyncpg/connection.py", line 1515, in terminate
    self._abort()
    ~~~~~~~~~~~^^
  File "/usr/local/lib/python3.13/site-packages/asyncpg/connection.py", line 1567, in _abort
    self._protocol.abort()
    ~~~~~~~~~~~~~~~~~~~~^^
  File "asyncpg/protocol/protocol.pyx", line 608, in asyncpg.protocol.protocol.BaseProtocol.abort
  File "/usr/local/lib/python3.13/asyncio/selector_events.py", line 826, in abort
    self._force_close(None)
    ~~~~~~~~~~~~~~~~~^^^^^^
  File "/usr/local/lib/python3.13/asyncio/selector_events.py", line 898, in _force_close
    self._loop.call_soon(self._call_connection_lost, exc)
    ~~~~~~~~~~~~~~~~~~~~^^^^^^^^^^^^^^^^^^^^^^^^^^^^^^^^^
  File "/usr/local/lib/python3.13/asyncio/base_events.py", line 833, in call_soon
    self._check_closed()
    ~~~~~~~~~~~~~~~~~~^^
  File "/usr/local/lib/python3.13/asyncio/base_events.py", line 556, in _check_closed
    raise RuntimeError('Event loop is closed')
RuntimeError: Event loop is closed
2025-10-25 04:57:24,596 - sqlalchemy.pool.impl.AsyncAdaptedQueuePool - ERROR [base.py:1032] - The garbage collector is trying to clean up non-checked-in connection <AdaptedConnection <asyncpg.connection.Connection object at 0xffff8c7c55e0>>, which will be terminated.  Please ensure that SQLAlchemy pooled connections are returned to the pool explicitly, either by calling ``close()`` or by using appropriate context managers to manage their lifecycle.
2025-10-25 04:57:24,597 - sqlalchemy.pool.impl.AsyncAdaptedQueuePool - ERROR [base.py:378] - Exception terminating connection <AdaptedConnection <asyncpg.connection.Connection object at 0xffff8c7c63f0>>
Traceback (most recent call last):
  File "/usr/local/lib/python3.13/site-packages/sqlalchemy/pool/base.py", line 374, in _close_connection
    self._dialect.do_terminate(connection)
    ~~~~~~~~~~~~~~~~~~~~~~~~~~^^^^^^^^^^^^
  File "/usr/local/lib/python3.13/site-packages/sqlalchemy/dialects/postgresql/asyncpg.py", line 1130, in do_terminate
    dbapi_connection.terminate()
    ~~~~~~~~~~~~~~~~~~~~~~~~~~^^
  File "/usr/local/lib/python3.13/site-packages/sqlalchemy/dialects/postgresql/asyncpg.py", line 922, in terminate
    self._connection.terminate()
    ~~~~~~~~~~~~~~~~~~~~~~~~~~^^
  File "/usr/local/lib/python3.13/site-packages/asyncpg/connection.py", line 1515, in terminate
    self._abort()
    ~~~~~~~~~~~^^
  File "/usr/local/lib/python3.13/site-packages/asyncpg/connection.py", line 1567, in _abort
    self._protocol.abort()
    ~~~~~~~~~~~~~~~~~~~~^^
  File "asyncpg/protocol/protocol.pyx", line 608, in asyncpg.protocol.protocol.BaseProtocol.abort
  File "/usr/local/lib/python3.13/asyncio/selector_events.py", line 826, in abort
    self._force_close(None)
    ~~~~~~~~~~~~~~~~~^^^^^^
  File "/usr/local/lib/python3.13/asyncio/selector_events.py", line 898, in _force_close
    self._loop.call_soon(self._call_connection_lost, exc)
    ~~~~~~~~~~~~~~~~~~~~^^^^^^^^^^^^^^^^^^^^^^^^^^^^^^^^^
  File "/usr/local/lib/python3.13/asyncio/base_events.py", line 833, in call_soon
    self._check_closed()
    ~~~~~~~~~~~~~~~~~~^^
  File "/usr/local/lib/python3.13/asyncio/base_events.py", line 556, in _check_closed
    raise RuntimeError('Event loop is closed')
RuntimeError: Event loop is closed
2025-10-25 04:57:24,597 - sqlalchemy.pool.impl.AsyncAdaptedQueuePool - ERROR [base.py:1032] - The garbage collector is trying to clean up non-checked-in connection <AdaptedConnection <asyncpg.connection.Connection object at 0xffff8c7c63f0>>, which will be terminated.  Please ensure that SQLAlchemy pooled connections are returned to the pool explicitly, either by calling ``close()`` or by using appropriate context managers to manage their lifecycle.
2025-10-25 05:00:03,255 - src.main - ERROR [main.py:113] - Ошибка при обработке запроса: 'list' object has no attribute 'get'
Traceback (most recent call last):
  File "/usr/local/lib/python3.13/site-packages/starlette/middleware/errors.py", line 165, in __call__
    await self.app(scope, receive, _send)
  File "/usr/local/lib/python3.13/site-packages/starlette/middleware/exceptions.py", line 62, in __call__
    await wrap_app_handling_exceptions(self.app, conn)(scope, receive, send)
  File "/usr/local/lib/python3.13/site-packages/starlette/_exception_handler.py", line 53, in wrapped_app
    raise exc
  File "/usr/local/lib/python3.13/site-packages/starlette/_exception_handler.py", line 42, in wrapped_app
    await app(scope, receive, sender)
  File "/usr/local/lib/python3.13/site-packages/starlette/routing.py", line 714, in __call__
    await self.middleware_stack(scope, receive, send)
  File "/usr/local/lib/python3.13/site-packages/starlette/routing.py", line 734, in app
    await route.handle(scope, receive, send)
  File "/usr/local/lib/python3.13/site-packages/starlette/routing.py", line 288, in handle
    await self.app(scope, receive, send)
  File "/usr/local/lib/python3.13/site-packages/starlette/routing.py", line 76, in app
    await wrap_app_handling_exceptions(app, request)(scope, receive, send)
  File "/usr/local/lib/python3.13/site-packages/starlette/_exception_handler.py", line 53, in wrapped_app
    raise exc
  File "/usr/local/lib/python3.13/site-packages/starlette/_exception_handler.py", line 42, in wrapped_app
    await app(scope, receive, sender)
  File "/usr/local/lib/python3.13/site-packages/starlette/routing.py", line 73, in app
    response = await f(request)
               ^^^^^^^^^^^^^^^^
  File "/usr/local/lib/python3.13/site-packages/fastapi/routing.py", line 301, in app
    raw_response = await run_endpoint_function(
                   ^^^^^^^^^^^^^^^^^^^^^^^^^^^^
    ...<3 lines>...
    )
    ^
  File "/usr/local/lib/python3.13/site-packages/fastapi/routing.py", line 212, in run_endpoint_function
    return await dependant.call(**values)
           ^^^^^^^^^^^^^^^^^^^^^^^^^^^^^^
  File "/app/src/routers/api_v1/accommodation.py", line 37, in get_all_accommodations
    accommodations = accommodation_list.get("accommodations", [])
                     ^^^^^^^^^^^^^^^^^^^^^^
AttributeError: 'list' object has no attribute 'get'
2025-10-25 05:00:20,035 - sqlalchemy.pool.impl.AsyncAdaptedQueuePool - ERROR [base.py:378] - Exception terminating connection <AdaptedConnection <asyncpg.connection.Connection object at 0xffff95fc47d0>>
Traceback (most recent call last):
  File "/usr/local/lib/python3.13/site-packages/sqlalchemy/pool/base.py", line 374, in _close_connection
    self._dialect.do_terminate(connection)
    ~~~~~~~~~~~~~~~~~~~~~~~~~~^^^^^^^^^^^^
  File "/usr/local/lib/python3.13/site-packages/sqlalchemy/dialects/postgresql/asyncpg.py", line 1130, in do_terminate
    dbapi_connection.terminate()
    ~~~~~~~~~~~~~~~~~~~~~~~~~~^^
  File "/usr/local/lib/python3.13/site-packages/sqlalchemy/dialects/postgresql/asyncpg.py", line 922, in terminate
    self._connection.terminate()
    ~~~~~~~~~~~~~~~~~~~~~~~~~~^^
  File "/usr/local/lib/python3.13/site-packages/asyncpg/connection.py", line 1515, in terminate
    self._abort()
    ~~~~~~~~~~~^^
  File "/usr/local/lib/python3.13/site-packages/asyncpg/connection.py", line 1567, in _abort
    self._protocol.abort()
    ~~~~~~~~~~~~~~~~~~~~^^
  File "asyncpg/protocol/protocol.pyx", line 608, in asyncpg.protocol.protocol.BaseProtocol.abort
  File "/usr/local/lib/python3.13/asyncio/selector_events.py", line 826, in abort
    self._force_close(None)
    ~~~~~~~~~~~~~~~~~^^^^^^
  File "/usr/local/lib/python3.13/asyncio/selector_events.py", line 898, in _force_close
    self._loop.call_soon(self._call_connection_lost, exc)
    ~~~~~~~~~~~~~~~~~~~~^^^^^^^^^^^^^^^^^^^^^^^^^^^^^^^^^
  File "/usr/local/lib/python3.13/asyncio/base_events.py", line 833, in call_soon
    self._check_closed()
    ~~~~~~~~~~~~~~~~~~^^
  File "/usr/local/lib/python3.13/asyncio/base_events.py", line 556, in _check_closed
    raise RuntimeError('Event loop is closed')
RuntimeError: Event loop is closed
2025-10-25 05:00:20,043 - sqlalchemy.pool.impl.AsyncAdaptedQueuePool - ERROR [base.py:1032] - The garbage collector is trying to clean up non-checked-in connection <AdaptedConnection <asyncpg.connection.Connection object at 0xffff95fc47d0>>, which will be terminated.  Please ensure that SQLAlchemy pooled connections are returned to the pool explicitly, either by calling ``close()`` or by using appropriate context managers to manage their lifecycle.
2025-10-25 05:00:26,638 - src.main - ERROR [main.py:113] - Ошибка при обработке запроса: 'list' object has no attribute 'get'
Traceback (most recent call last):
  File "/usr/local/lib/python3.13/site-packages/starlette/middleware/errors.py", line 165, in __call__
    await self.app(scope, receive, _send)
  File "/usr/local/lib/python3.13/site-packages/starlette/middleware/exceptions.py", line 62, in __call__
    await wrap_app_handling_exceptions(self.app, conn)(scope, receive, send)
  File "/usr/local/lib/python3.13/site-packages/starlette/_exception_handler.py", line 53, in wrapped_app
    raise exc
  File "/usr/local/lib/python3.13/site-packages/starlette/_exception_handler.py", line 42, in wrapped_app
    await app(scope, receive, sender)
  File "/usr/local/lib/python3.13/site-packages/starlette/routing.py", line 714, in __call__
    await self.middleware_stack(scope, receive, send)
  File "/usr/local/lib/python3.13/site-packages/starlette/routing.py", line 734, in app
    await route.handle(scope, receive, send)
  File "/usr/local/lib/python3.13/site-packages/starlette/routing.py", line 288, in handle
    await self.app(scope, receive, send)
  File "/usr/local/lib/python3.13/site-packages/starlette/routing.py", line 76, in app
    await wrap_app_handling_exceptions(app, request)(scope, receive, send)
  File "/usr/local/lib/python3.13/site-packages/starlette/_exception_handler.py", line 53, in wrapped_app
    raise exc
  File "/usr/local/lib/python3.13/site-packages/starlette/_exception_handler.py", line 42, in wrapped_app
    await app(scope, receive, sender)
  File "/usr/local/lib/python3.13/site-packages/starlette/routing.py", line 73, in app
    response = await f(request)
               ^^^^^^^^^^^^^^^^
  File "/usr/local/lib/python3.13/site-packages/fastapi/routing.py", line 301, in app
    raw_response = await run_endpoint_function(
                   ^^^^^^^^^^^^^^^^^^^^^^^^^^^^
    ...<3 lines>...
    )
    ^
  File "/usr/local/lib/python3.13/site-packages/fastapi/routing.py", line 212, in run_endpoint_function
    return await dependant.call(**values)
           ^^^^^^^^^^^^^^^^^^^^^^^^^^^^^^
  File "/app/src/routers/api_v1/accommodation.py", line 37, in get_all_accommodations
    accommodations = accommodation_list.get("accommodations", [])
                     ^^^^^^^^^^^^^^^^^^^^^^
AttributeError: 'list' object has no attribute 'get'
2025-10-25 05:01:38,887 - sqlalchemy.pool.impl.AsyncAdaptedQueuePool - ERROR [base.py:378] - Exception terminating connection <AdaptedConnection <asyncpg.connection.Connection object at 0xffff829d47d0>>
Traceback (most recent call last):
  File "/usr/local/lib/python3.13/site-packages/sqlalchemy/pool/base.py", line 374, in _close_connection
    self._dialect.do_terminate(connection)
    ~~~~~~~~~~~~~~~~~~~~~~~~~~^^^^^^^^^^^^
  File "/usr/local/lib/python3.13/site-packages/sqlalchemy/dialects/postgresql/asyncpg.py", line 1130, in do_terminate
    dbapi_connection.terminate()
    ~~~~~~~~~~~~~~~~~~~~~~~~~~^^
  File "/usr/local/lib/python3.13/site-packages/sqlalchemy/dialects/postgresql/asyncpg.py", line 922, in terminate
    self._connection.terminate()
    ~~~~~~~~~~~~~~~~~~~~~~~~~~^^
  File "/usr/local/lib/python3.13/site-packages/asyncpg/connection.py", line 1515, in terminate
    self._abort()
    ~~~~~~~~~~~^^
  File "/usr/local/lib/python3.13/site-packages/asyncpg/connection.py", line 1567, in _abort
    self._protocol.abort()
    ~~~~~~~~~~~~~~~~~~~~^^
  File "asyncpg/protocol/protocol.pyx", line 608, in asyncpg.protocol.protocol.BaseProtocol.abort
  File "/usr/local/lib/python3.13/asyncio/selector_events.py", line 826, in abort
    self._force_close(None)
    ~~~~~~~~~~~~~~~~~^^^^^^
  File "/usr/local/lib/python3.13/asyncio/selector_events.py", line 898, in _force_close
    self._loop.call_soon(self._call_connection_lost, exc)
    ~~~~~~~~~~~~~~~~~~~~^^^^^^^^^^^^^^^^^^^^^^^^^^^^^^^^^
  File "/usr/local/lib/python3.13/asyncio/base_events.py", line 833, in call_soon
    self._check_closed()
    ~~~~~~~~~~~~~~~~~~^^
  File "/usr/local/lib/python3.13/asyncio/base_events.py", line 556, in _check_closed
    raise RuntimeError('Event loop is closed')
RuntimeError: Event loop is closed
2025-10-25 05:01:38,891 - sqlalchemy.pool.impl.AsyncAdaptedQueuePool - ERROR [base.py:1032] - The garbage collector is trying to clean up non-checked-in connection <AdaptedConnection <asyncpg.connection.Connection object at 0xffff829d47d0>>, which will be terminated.  Please ensure that SQLAlchemy pooled connections are returned to the pool explicitly, either by calling ``close()`` or by using appropriate context managers to manage their lifecycle.
2025-10-25 05:01:43,563 - src.main - ERROR [main.py:113] - Ошибка при обработке запроса: 'list' object has no attribute 'get'
Traceback (most recent call last):
  File "/usr/local/lib/python3.13/site-packages/starlette/middleware/errors.py", line 165, in __call__
    await self.app(scope, receive, _send)
  File "/usr/local/lib/python3.13/site-packages/starlette/middleware/exceptions.py", line 62, in __call__
    await wrap_app_handling_exceptions(self.app, conn)(scope, receive, send)
  File "/usr/local/lib/python3.13/site-packages/starlette/_exception_handler.py", line 53, in wrapped_app
    raise exc
  File "/usr/local/lib/python3.13/site-packages/starlette/_exception_handler.py", line 42, in wrapped_app
    await app(scope, receive, sender)
  File "/usr/local/lib/python3.13/site-packages/starlette/routing.py", line 714, in __call__
    await self.middleware_stack(scope, receive, send)
  File "/usr/local/lib/python3.13/site-packages/starlette/routing.py", line 734, in app
    await route.handle(scope, receive, send)
  File "/usr/local/lib/python3.13/site-packages/starlette/routing.py", line 288, in handle
    await self.app(scope, receive, send)
  File "/usr/local/lib/python3.13/site-packages/starlette/routing.py", line 76, in app
    await wrap_app_handling_exceptions(app, request)(scope, receive, send)
  File "/usr/local/lib/python3.13/site-packages/starlette/_exception_handler.py", line 53, in wrapped_app
    raise exc
  File "/usr/local/lib/python3.13/site-packages/starlette/_exception_handler.py", line 42, in wrapped_app
    await app(scope, receive, sender)
  File "/usr/local/lib/python3.13/site-packages/starlette/routing.py", line 73, in app
    response = await f(request)
               ^^^^^^^^^^^^^^^^
  File "/usr/local/lib/python3.13/site-packages/fastapi/routing.py", line 301, in app
    raw_response = await run_endpoint_function(
                   ^^^^^^^^^^^^^^^^^^^^^^^^^^^^
    ...<3 lines>...
    )
    ^
  File "/usr/local/lib/python3.13/site-packages/fastapi/routing.py", line 212, in run_endpoint_function
    return await dependant.call(**values)
           ^^^^^^^^^^^^^^^^^^^^^^^^^^^^^^
  File "/app/src/routers/api_v1/accommodation.py", line 37, in get_all_accommodations
    accommodations = accommodation_list.get("accommodations", [])
                     ^^^^^^^^^^^^^^^^^^^^^^
AttributeError: 'list' object has no attribute 'get'
2025-10-25 05:03:20,569 - sqlalchemy.pool.impl.AsyncAdaptedQueuePool - ERROR [base.py:378] - Exception terminating connection <AdaptedConnection <asyncpg.connection.Connection object at 0xffffabfc47d0>>
Traceback (most recent call last):
  File "/usr/local/lib/python3.13/site-packages/sqlalchemy/pool/base.py", line 374, in _close_connection
    self._dialect.do_terminate(connection)
    ~~~~~~~~~~~~~~~~~~~~~~~~~~^^^^^^^^^^^^
  File "/usr/local/lib/python3.13/site-packages/sqlalchemy/dialects/postgresql/asyncpg.py", line 1130, in do_terminate
    dbapi_connection.terminate()
    ~~~~~~~~~~~~~~~~~~~~~~~~~~^^
  File "/usr/local/lib/python3.13/site-packages/sqlalchemy/dialects/postgresql/asyncpg.py", line 922, in terminate
    self._connection.terminate()
    ~~~~~~~~~~~~~~~~~~~~~~~~~~^^
  File "/usr/local/lib/python3.13/site-packages/asyncpg/connection.py", line 1515, in terminate
    self._abort()
    ~~~~~~~~~~~^^
  File "/usr/local/lib/python3.13/site-packages/asyncpg/connection.py", line 1567, in _abort
    self._protocol.abort()
    ~~~~~~~~~~~~~~~~~~~~^^
  File "asyncpg/protocol/protocol.pyx", line 608, in asyncpg.protocol.protocol.BaseProtocol.abort
  File "/usr/local/lib/python3.13/asyncio/selector_events.py", line 826, in abort
    self._force_close(None)
    ~~~~~~~~~~~~~~~~~^^^^^^
  File "/usr/local/lib/python3.13/asyncio/selector_events.py", line 898, in _force_close
    self._loop.call_soon(self._call_connection_lost, exc)
    ~~~~~~~~~~~~~~~~~~~~^^^^^^^^^^^^^^^^^^^^^^^^^^^^^^^^^
  File "/usr/local/lib/python3.13/asyncio/base_events.py", line 833, in call_soon
    self._check_closed()
    ~~~~~~~~~~~~~~~~~~^^
  File "/usr/local/lib/python3.13/asyncio/base_events.py", line 556, in _check_closed
    raise RuntimeError('Event loop is closed')
RuntimeError: Event loop is closed
2025-10-25 05:03:20,576 - sqlalchemy.pool.impl.AsyncAdaptedQueuePool - ERROR [base.py:1032] - The garbage collector is trying to clean up non-checked-in connection <AdaptedConnection <asyncpg.connection.Connection object at 0xffffabfc47d0>>, which will be terminated.  Please ensure that SQLAlchemy pooled connections are returned to the pool explicitly, either by calling ``close()`` or by using appropriate context managers to manage their lifecycle.
2025-10-25 05:03:23,844 - routers.api_v1.accommodation - ERROR [accommodation.py:57] - Ошибка: 'schemas.accommodation.AccommodationResponse object' has no attribute 'city'
2025-10-25 05:03:29,996 - sqlalchemy.pool.impl.AsyncAdaptedQueuePool - ERROR [base.py:1032] - The garbage collector is trying to clean up non-checked-in connection <AdaptedConnection <asyncpg.connection.Connection object at 0xffffab7c87d0>>, which will be terminated.  Please ensure that SQLAlchemy pooled connections are returned to the pool explicitly, either by calling ``close()`` or by using appropriate context managers to manage their lifecycle.
2025-10-25 05:03:30,055 - src.main - ERROR [main.py:113] - Ошибка при обработке запроса: 'list' object has no attribute 'get'
Traceback (most recent call last):
  File "/usr/local/lib/python3.13/site-packages/starlette/middleware/errors.py", line 165, in __call__
    await self.app(scope, receive, _send)
  File "/usr/local/lib/python3.13/site-packages/starlette/middleware/exceptions.py", line 62, in __call__
    await wrap_app_handling_exceptions(self.app, conn)(scope, receive, send)
  File "/usr/local/lib/python3.13/site-packages/starlette/_exception_handler.py", line 53, in wrapped_app
    raise exc
  File "/usr/local/lib/python3.13/site-packages/starlette/_exception_handler.py", line 42, in wrapped_app
    await app(scope, receive, sender)
  File "/usr/local/lib/python3.13/site-packages/starlette/routing.py", line 714, in __call__
    await self.middleware_stack(scope, receive, send)
  File "/usr/local/lib/python3.13/site-packages/starlette/routing.py", line 734, in app
    await route.handle(scope, receive, send)
  File "/usr/local/lib/python3.13/site-packages/starlette/routing.py", line 288, in handle
    await self.app(scope, receive, send)
  File "/usr/local/lib/python3.13/site-packages/starlette/routing.py", line 76, in app
    await wrap_app_handling_exceptions(app, request)(scope, receive, send)
  File "/usr/local/lib/python3.13/site-packages/starlette/_exception_handler.py", line 53, in wrapped_app
    raise exc
  File "/usr/local/lib/python3.13/site-packages/starlette/_exception_handler.py", line 42, in wrapped_app
    await app(scope, receive, sender)
  File "/usr/local/lib/python3.13/site-packages/starlette/routing.py", line 73, in app
    response = await f(request)
               ^^^^^^^^^^^^^^^^
  File "/usr/local/lib/python3.13/site-packages/fastapi/routing.py", line 301, in app
    raw_response = await run_endpoint_function(
                   ^^^^^^^^^^^^^^^^^^^^^^^^^^^^
    ...<3 lines>...
    )
    ^
  File "/usr/local/lib/python3.13/site-packages/fastapi/routing.py", line 212, in run_endpoint_function
    return await dependant.call(**values)
           ^^^^^^^^^^^^^^^^^^^^^^^^^^^^^^
  File "/app/src/routers/api_v1/city.py", line 35, in get_all_cities
    cities = city_list.get("cities", [])
             ^^^^^^^^^^^^^
AttributeError: 'list' object has no attribute 'get'
2025-10-25 05:04:00,453 - routers.api_v1.accommodation - ERROR [accommodation.py:57] - Ошибка: 'schemas.accommodation.AccommodationResponse object' has no attribute 'city'
2025-10-25 05:06:01,098 - src.main - ERROR [main.py:113] - Ошибка при обработке запроса: 1 validation errors:
  {'type': 'dict_type', 'loc': ('response',), 'msg': 'Input should be a valid dictionary', 'input': AccommodationResponse(accommodation_id=1, name='Мир', city_id=1, address='Улица Толстого, 134', price=7340.0, type='Хостел', rating=4, check_in=datetime.datetime(2025, 9, 2, 12, 30), check_out=datetime.datetime(2025, 9, 5, 18, 0))}
Traceback (most recent call last):
  File "/usr/local/lib/python3.13/site-packages/starlette/middleware/errors.py", line 165, in __call__
    await self.app(scope, receive, _send)
  File "/usr/local/lib/python3.13/site-packages/starlette/middleware/exceptions.py", line 62, in __call__
    await wrap_app_handling_exceptions(self.app, conn)(scope, receive, send)
  File "/usr/local/lib/python3.13/site-packages/starlette/_exception_handler.py", line 53, in wrapped_app
    raise exc
  File "/usr/local/lib/python3.13/site-packages/starlette/_exception_handler.py", line 42, in wrapped_app
    await app(scope, receive, sender)
  File "/usr/local/lib/python3.13/site-packages/starlette/routing.py", line 714, in __call__
    await self.middleware_stack(scope, receive, send)
  File "/usr/local/lib/python3.13/site-packages/starlette/routing.py", line 734, in app
    await route.handle(scope, receive, send)
  File "/usr/local/lib/python3.13/site-packages/starlette/routing.py", line 288, in handle
    await self.app(scope, receive, send)
  File "/usr/local/lib/python3.13/site-packages/starlette/routing.py", line 76, in app
    await wrap_app_handling_exceptions(app, request)(scope, receive, send)
  File "/usr/local/lib/python3.13/site-packages/starlette/_exception_handler.py", line 53, in wrapped_app
    raise exc
  File "/usr/local/lib/python3.13/site-packages/starlette/_exception_handler.py", line 42, in wrapped_app
    await app(scope, receive, sender)
  File "/usr/local/lib/python3.13/site-packages/starlette/routing.py", line 73, in app
    response = await f(request)
               ^^^^^^^^^^^^^^^^
  File "/usr/local/lib/python3.13/site-packages/fastapi/routing.py", line 327, in app
    content = await serialize_response(
              ^^^^^^^^^^^^^^^^^^^^^^^^^
    ...<9 lines>...
    )
    ^
  File "/usr/local/lib/python3.13/site-packages/fastapi/routing.py", line 176, in serialize_response
    raise ResponseValidationError(
        errors=_normalize_errors(errors), body=response_content
    )
fastapi.exceptions.ResponseValidationError: 1 validation errors:
  {'type': 'dict_type', 'loc': ('response',), 'msg': 'Input should be a valid dictionary', 'input': AccommodationResponse(accommodation_id=1, name='Мир', city_id=1, address='Улица Толстого, 134', price=7340.0, type='Хостел', rating=4, check_in=datetime.datetime(2025, 9, 2, 12, 30), check_out=datetime.datetime(2025, 9, 5, 18, 0))}

2025-10-25 05:32:28,627 - src.main - ERROR [main.py:113] - Ошибка при обработке запроса: 1 validation errors:
  {'type': 'dict_type', 'loc': ('response',), 'msg': 'Input should be a valid dictionary', 'input': AccommodationResponse(accommodation_id=1, name='Мир', city_id=1, address='Улица Толстого, 134', price=7340.0, type='Хостел', rating=4, check_in=datetime.datetime(2025, 9, 2, 12, 30), check_out=datetime.datetime(2025, 9, 5, 18, 0))}
Traceback (most recent call last):
  File "/usr/local/lib/python3.13/site-packages/starlette/middleware/errors.py", line 165, in __call__
    await self.app(scope, receive, _send)
  File "/usr/local/lib/python3.13/site-packages/starlette/middleware/exceptions.py", line 62, in __call__
    await wrap_app_handling_exceptions(self.app, conn)(scope, receive, send)
  File "/usr/local/lib/python3.13/site-packages/starlette/_exception_handler.py", line 53, in wrapped_app
    raise exc
  File "/usr/local/lib/python3.13/site-packages/starlette/_exception_handler.py", line 42, in wrapped_app
    await app(scope, receive, sender)
  File "/usr/local/lib/python3.13/site-packages/starlette/routing.py", line 714, in __call__
    await self.middleware_stack(scope, receive, send)
  File "/usr/local/lib/python3.13/site-packages/starlette/routing.py", line 734, in app
    await route.handle(scope, receive, send)
  File "/usr/local/lib/python3.13/site-packages/starlette/routing.py", line 288, in handle
    await self.app(scope, receive, send)
  File "/usr/local/lib/python3.13/site-packages/starlette/routing.py", line 76, in app
    await wrap_app_handling_exceptions(app, request)(scope, receive, send)
  File "/usr/local/lib/python3.13/site-packages/starlette/_exception_handler.py", line 53, in wrapped_app
    raise exc
  File "/usr/local/lib/python3.13/site-packages/starlette/_exception_handler.py", line 42, in wrapped_app
    await app(scope, receive, sender)
  File "/usr/local/lib/python3.13/site-packages/starlette/routing.py", line 73, in app
    response = await f(request)
               ^^^^^^^^^^^^^^^^
  File "/usr/local/lib/python3.13/site-packages/fastapi/routing.py", line 327, in app
    content = await serialize_response(
              ^^^^^^^^^^^^^^^^^^^^^^^^^
    ...<9 lines>...
    )
    ^
  File "/usr/local/lib/python3.13/site-packages/fastapi/routing.py", line 176, in serialize_response
    raise ResponseValidationError(
        errors=_normalize_errors(errors), body=response_content
    )
fastapi.exceptions.ResponseValidationError: 1 validation errors:
  {'type': 'dict_type', 'loc': ('response',), 'msg': 'Input should be a valid dictionary', 'input': AccommodationResponse(accommodation_id=1, name='Мир', city_id=1, address='Улица Толстого, 134', price=7340.0, type='Хостел', rating=4, check_in=datetime.datetime(2025, 9, 2, 12, 30), check_out=datetime.datetime(2025, 9, 5, 18, 0))}

2025-10-25 05:33:56,057 - routers.api_v1.accommodation - ERROR [accommodation.py:57] - Ошибка: 'schemas.accommodation.AccommodationResponse object' has no attribute 'city'
2025-10-25 05:34:02,917 - sqlalchemy.pool.impl.AsyncAdaptedQueuePool - ERROR [base.py:1032] - The garbage collector is trying to clean up non-checked-in connection <AdaptedConnection <asyncpg.connection.Connection object at 0xffffab5e09b0>>, which will be terminated.  Please ensure that SQLAlchemy pooled connections are returned to the pool explicitly, either by calling ``close()`` or by using appropriate context managers to manage their lifecycle.
2025-10-25 05:34:02,944 - sqlalchemy.pool.impl.AsyncAdaptedQueuePool - ERROR [base.py:1032] - The garbage collector is trying to clean up non-checked-in connection <AdaptedConnection <asyncpg.connection.Connection object at 0xffffab5e19a0>>, which will be terminated.  Please ensure that SQLAlchemy pooled connections are returned to the pool explicitly, either by calling ``close()`` or by using appropriate context managers to manage their lifecycle.
2025-10-25 05:34:02,945 - sqlalchemy.pool.impl.AsyncAdaptedQueuePool - ERROR [base.py:1032] - The garbage collector is trying to clean up non-checked-in connection <AdaptedConnection <asyncpg.connection.Connection object at 0xffffab5e1d60>>, which will be terminated.  Please ensure that SQLAlchemy pooled connections are returned to the pool explicitly, either by calling ``close()`` or by using appropriate context managers to manage their lifecycle.
2025-10-25 05:34:02,946 - sqlalchemy.pool.impl.AsyncAdaptedQueuePool - ERROR [base.py:1032] - The garbage collector is trying to clean up non-checked-in connection <AdaptedConnection <asyncpg.connection.Connection object at 0xffffab5e2030>>, which will be terminated.  Please ensure that SQLAlchemy pooled connections are returned to the pool explicitly, either by calling ``close()`` or by using appropriate context managers to manage their lifecycle.
2025-10-25 05:34:02,959 - routers.api_v1.accommodation - ERROR [accommodation.py:57] - Ошибка: 'schemas.accommodation.AccommodationResponse object' has no attribute 'city'
2025-10-25 05:35:30,215 - sqlalchemy.pool.impl.AsyncAdaptedQueuePool - ERROR [base.py:378] - Exception terminating connection <AdaptedConnection <asyncpg.connection.Connection object at 0xffffab5e3110>>
Traceback (most recent call last):
  File "/usr/local/lib/python3.13/site-packages/sqlalchemy/pool/base.py", line 374, in _close_connection
    self._dialect.do_terminate(connection)
    ~~~~~~~~~~~~~~~~~~~~~~~~~~^^^^^^^^^^^^
  File "/usr/local/lib/python3.13/site-packages/sqlalchemy/dialects/postgresql/asyncpg.py", line 1130, in do_terminate
    dbapi_connection.terminate()
    ~~~~~~~~~~~~~~~~~~~~~~~~~~^^
  File "/usr/local/lib/python3.13/site-packages/sqlalchemy/dialects/postgresql/asyncpg.py", line 922, in terminate
    self._connection.terminate()
    ~~~~~~~~~~~~~~~~~~~~~~~~~~^^
  File "/usr/local/lib/python3.13/site-packages/asyncpg/connection.py", line 1515, in terminate
    self._abort()
    ~~~~~~~~~~~^^
  File "/usr/local/lib/python3.13/site-packages/asyncpg/connection.py", line 1567, in _abort
    self._protocol.abort()
    ~~~~~~~~~~~~~~~~~~~~^^
  File "asyncpg/protocol/protocol.pyx", line 608, in asyncpg.protocol.protocol.BaseProtocol.abort
  File "/usr/local/lib/python3.13/asyncio/selector_events.py", line 826, in abort
    self._force_close(None)
    ~~~~~~~~~~~~~~~~~^^^^^^
  File "/usr/local/lib/python3.13/asyncio/selector_events.py", line 898, in _force_close
    self._loop.call_soon(self._call_connection_lost, exc)
    ~~~~~~~~~~~~~~~~~~~~^^^^^^^^^^^^^^^^^^^^^^^^^^^^^^^^^
  File "/usr/local/lib/python3.13/asyncio/base_events.py", line 833, in call_soon
    self._check_closed()
    ~~~~~~~~~~~~~~~~~~^^
  File "/usr/local/lib/python3.13/asyncio/base_events.py", line 556, in _check_closed
    raise RuntimeError('Event loop is closed')
RuntimeError: Event loop is closed
2025-10-25 05:35:30,225 - sqlalchemy.pool.impl.AsyncAdaptedQueuePool - ERROR [base.py:1032] - The garbage collector is trying to clean up non-checked-in connection <AdaptedConnection <asyncpg.connection.Connection object at 0xffffab5e3110>>, which will be terminated.  Please ensure that SQLAlchemy pooled connections are returned to the pool explicitly, either by calling ``close()`` or by using appropriate context managers to manage their lifecycle.
2025-10-25 05:35:30,226 - sqlalchemy.pool.impl.AsyncAdaptedQueuePool - ERROR [base.py:378] - Exception terminating connection <AdaptedConnection <asyncpg.connection.Connection object at 0xffffab959040>>
Traceback (most recent call last):
  File "/usr/local/lib/python3.13/site-packages/sqlalchemy/pool/base.py", line 374, in _close_connection
    self._dialect.do_terminate(connection)
    ~~~~~~~~~~~~~~~~~~~~~~~~~~^^^^^^^^^^^^
  File "/usr/local/lib/python3.13/site-packages/sqlalchemy/dialects/postgresql/asyncpg.py", line 1130, in do_terminate
    dbapi_connection.terminate()
    ~~~~~~~~~~~~~~~~~~~~~~~~~~^^
  File "/usr/local/lib/python3.13/site-packages/sqlalchemy/dialects/postgresql/asyncpg.py", line 922, in terminate
    self._connection.terminate()
    ~~~~~~~~~~~~~~~~~~~~~~~~~~^^
  File "/usr/local/lib/python3.13/site-packages/asyncpg/connection.py", line 1515, in terminate
    self._abort()
    ~~~~~~~~~~~^^
  File "/usr/local/lib/python3.13/site-packages/asyncpg/connection.py", line 1567, in _abort
    self._protocol.abort()
    ~~~~~~~~~~~~~~~~~~~~^^
  File "asyncpg/protocol/protocol.pyx", line 608, in asyncpg.protocol.protocol.BaseProtocol.abort
  File "/usr/local/lib/python3.13/asyncio/selector_events.py", line 826, in abort
    self._force_close(None)
    ~~~~~~~~~~~~~~~~~^^^^^^
  File "/usr/local/lib/python3.13/asyncio/selector_events.py", line 898, in _force_close
    self._loop.call_soon(self._call_connection_lost, exc)
    ~~~~~~~~~~~~~~~~~~~~^^^^^^^^^^^^^^^^^^^^^^^^^^^^^^^^^
  File "/usr/local/lib/python3.13/asyncio/base_events.py", line 833, in call_soon
    self._check_closed()
    ~~~~~~~~~~~~~~~~~~^^
  File "/usr/local/lib/python3.13/asyncio/base_events.py", line 556, in _check_closed
    raise RuntimeError('Event loop is closed')
RuntimeError: Event loop is closed
2025-10-25 05:35:30,226 - sqlalchemy.pool.impl.AsyncAdaptedQueuePool - ERROR [base.py:1032] - The garbage collector is trying to clean up non-checked-in connection <AdaptedConnection <asyncpg.connection.Connection object at 0xffffab959040>>, which will be terminated.  Please ensure that SQLAlchemy pooled connections are returned to the pool explicitly, either by calling ``close()`` or by using appropriate context managers to manage their lifecycle.
2025-10-25 05:38:54,448 - controllers.api_v2.user_controller - ERROR [user_controller.py:148] - Ошибка регистрации пользователя: schemas.user.UserCreate() got multiple values for keyword argument 'is_admin'
Traceback (most recent call last):
  File "/app/src/controllers/api_v2/user_controller.py", line 138, in registrate
    user_data = UserCreate(**data, is_admin=False)
TypeError: schemas.user.UserCreate() got multiple values for keyword argument 'is_admin'
2025-10-25 05:38:54,451 - routers.api_v1.user - ERROR [user.py:115] - Ошибка при регистрации пользователя: 400: schemas.user.UserCreate() got multiple values for keyword argument 'is_admin'
2025-10-25 05:39:01,863 - controllers.api_v2.user_controller - ERROR [user_controller.py:148] - Ошибка регистрации пользователя: schemas.user.UserCreate() got multiple values for keyword argument 'is_admin'
Traceback (most recent call last):
  File "/app/src/controllers/api_v2/user_controller.py", line 138, in registrate
    user_data = UserCreate(**data, is_admin=False)
TypeError: schemas.user.UserCreate() got multiple values for keyword argument 'is_admin'
2025-10-25 05:39:01,865 - routers.api_v1.user - ERROR [user.py:115] - Ошибка при регистрации пользователя: 400: schemas.user.UserCreate() got multiple values for keyword argument 'is_admin'
2025-10-25 05:40:44,102 - controllers.api_v2.user_controller - ERROR [user_controller.py:148] - Ошибка регистрации пользователя: schemas.user.UserCreate() got multiple values for keyword argument 'is_admin'
Traceback (most recent call last):
  File "/app/src/controllers/api_v2/user_controller.py", line 138, in registrate
    user_data = UserCreate(**data, is_admin=False)
TypeError: schemas.user.UserCreate() got multiple values for keyword argument 'is_admin'
2025-10-25 05:40:44,105 - routers.api_v1.user - ERROR [user.py:115] - Ошибка при регистрации пользователя: 400: schemas.user.UserCreate() got multiple values for keyword argument 'is_admin'
2025-10-25 05:40:50,138 - controllers.api_v2.user_controller - ERROR [user_controller.py:148] - Ошибка регистрации пользователя: schemas.user.UserCreate() got multiple values for keyword argument 'is_admin'
Traceback (most recent call last):
  File "/app/src/controllers/api_v2/user_controller.py", line 138, in registrate
    user_data = UserCreate(**data, is_admin=False)
TypeError: schemas.user.UserCreate() got multiple values for keyword argument 'is_admin'
2025-10-25 05:40:50,141 - routers.api_v1.user - ERROR [user.py:115] - Ошибка при регистрации пользователя: 400: schemas.user.UserCreate() got multiple values for keyword argument 'is_admin'
2025-10-25 05:40:54,842 - controllers.api_v2.user_controller - ERROR [user_controller.py:148] - Ошибка регистрации пользователя: schemas.user.UserCreate() got multiple values for keyword argument 'is_admin'
Traceback (most recent call last):
  File "/app/src/controllers/api_v2/user_controller.py", line 138, in registrate
    user_data = UserCreate(**data, is_admin=False)
TypeError: schemas.user.UserCreate() got multiple values for keyword argument 'is_admin'
2025-10-25 05:40:54,845 - routers.api_v1.user - ERROR [user.py:115] - Ошибка при регистрации пользователя: 400: schemas.user.UserCreate() got multiple values for keyword argument 'is_admin'
2025-10-25 05:45:24,430 - src.main - ERROR [main.py:113] - Ошибка при обработке запроса: 1 validation errors:
  {'type': 'dict_type', 'loc': ('response',), 'msg': 'Input should be a valid dictionary', 'input': AccommodationResponse(accommodation_id=1, name='Мир', city_id=1, address='Улица Толстого, 134', price=7340.0, type='Хостел', rating=4, check_in=datetime.datetime(2025, 9, 2, 12, 30), check_out=datetime.datetime(2025, 9, 5, 18, 0))}
Traceback (most recent call last):
  File "/usr/local/lib/python3.13/site-packages/starlette/middleware/errors.py", line 165, in __call__
    await self.app(scope, receive, _send)
  File "/usr/local/lib/python3.13/site-packages/starlette/middleware/exceptions.py", line 62, in __call__
    await wrap_app_handling_exceptions(self.app, conn)(scope, receive, send)
  File "/usr/local/lib/python3.13/site-packages/starlette/_exception_handler.py", line 53, in wrapped_app
    raise exc
  File "/usr/local/lib/python3.13/site-packages/starlette/_exception_handler.py", line 42, in wrapped_app
    await app(scope, receive, sender)
  File "/usr/local/lib/python3.13/site-packages/starlette/routing.py", line 714, in __call__
    await self.middleware_stack(scope, receive, send)
  File "/usr/local/lib/python3.13/site-packages/starlette/routing.py", line 734, in app
    await route.handle(scope, receive, send)
  File "/usr/local/lib/python3.13/site-packages/starlette/routing.py", line 288, in handle
    await self.app(scope, receive, send)
  File "/usr/local/lib/python3.13/site-packages/starlette/routing.py", line 76, in app
    await wrap_app_handling_exceptions(app, request)(scope, receive, send)
  File "/usr/local/lib/python3.13/site-packages/starlette/_exception_handler.py", line 53, in wrapped_app
    raise exc
  File "/usr/local/lib/python3.13/site-packages/starlette/_exception_handler.py", line 42, in wrapped_app
    await app(scope, receive, sender)
  File "/usr/local/lib/python3.13/site-packages/starlette/routing.py", line 73, in app
    response = await f(request)
               ^^^^^^^^^^^^^^^^
  File "/usr/local/lib/python3.13/site-packages/fastapi/routing.py", line 327, in app
    content = await serialize_response(
              ^^^^^^^^^^^^^^^^^^^^^^^^^
    ...<9 lines>...
    )
    ^
  File "/usr/local/lib/python3.13/site-packages/fastapi/routing.py", line 176, in serialize_response
    raise ResponseValidationError(
        errors=_normalize_errors(errors), body=response_content
    )
fastapi.exceptions.ResponseValidationError: 1 validation errors:
  {'type': 'dict_type', 'loc': ('response',), 'msg': 'Input should be a valid dictionary', 'input': AccommodationResponse(accommodation_id=1, name='Мир', city_id=1, address='Улица Толстого, 134', price=7340.0, type='Хостел', rating=4, check_in=datetime.datetime(2025, 9, 2, 12, 30), check_out=datetime.datetime(2025, 9, 5, 18, 0))}

2025-10-25 05:45:58,154 - sqlalchemy.pool.impl.AsyncAdaptedQueuePool - ERROR [base.py:378] - Exception terminating connection <AdaptedConnection <asyncpg.connection.Connection object at 0xffff97facc80>>
Traceback (most recent call last):
  File "/usr/local/lib/python3.13/site-packages/sqlalchemy/pool/base.py", line 374, in _close_connection
    self._dialect.do_terminate(connection)
    ~~~~~~~~~~~~~~~~~~~~~~~~~~^^^^^^^^^^^^
  File "/usr/local/lib/python3.13/site-packages/sqlalchemy/dialects/postgresql/asyncpg.py", line 1130, in do_terminate
    dbapi_connection.terminate()
    ~~~~~~~~~~~~~~~~~~~~~~~~~~^^
  File "/usr/local/lib/python3.13/site-packages/sqlalchemy/dialects/postgresql/asyncpg.py", line 922, in terminate
    self._connection.terminate()
    ~~~~~~~~~~~~~~~~~~~~~~~~~~^^
  File "/usr/local/lib/python3.13/site-packages/asyncpg/connection.py", line 1515, in terminate
    self._abort()
    ~~~~~~~~~~~^^
  File "/usr/local/lib/python3.13/site-packages/asyncpg/connection.py", line 1567, in _abort
    self._protocol.abort()
    ~~~~~~~~~~~~~~~~~~~~^^
  File "asyncpg/protocol/protocol.pyx", line 608, in asyncpg.protocol.protocol.BaseProtocol.abort
  File "/usr/local/lib/python3.13/asyncio/selector_events.py", line 826, in abort
    self._force_close(None)
    ~~~~~~~~~~~~~~~~~^^^^^^
  File "/usr/local/lib/python3.13/asyncio/selector_events.py", line 898, in _force_close
    self._loop.call_soon(self._call_connection_lost, exc)
    ~~~~~~~~~~~~~~~~~~~~^^^^^^^^^^^^^^^^^^^^^^^^^^^^^^^^^
  File "/usr/local/lib/python3.13/asyncio/base_events.py", line 833, in call_soon
    self._check_closed()
    ~~~~~~~~~~~~~~~~~~^^
  File "/usr/local/lib/python3.13/asyncio/base_events.py", line 556, in _check_closed
    raise RuntimeError('Event loop is closed')
RuntimeError: Event loop is closed
2025-10-25 05:45:58,161 - sqlalchemy.pool.impl.AsyncAdaptedQueuePool - ERROR [base.py:1032] - The garbage collector is trying to clean up non-checked-in connection <AdaptedConnection <asyncpg.connection.Connection object at 0xffff97facc80>>, which will be terminated.  Please ensure that SQLAlchemy pooled connections are returned to the pool explicitly, either by calling ``close()`` or by using appropriate context managers to manage their lifecycle.
2025-10-25 05:49:40,578 - controllers.api_v2.user_controller - ERROR [user_controller.py:164] - Ошибка авторизации пользователя: 'Request' object has no attribute 'login'
Traceback (most recent call last):
  File "/app/src/controllers/api_v2/user_controller.py", line 153, in login
    user = await self.auth_service.authenticate(credentials.login, credentials.password)
                                                ^^^^^^^^^^^^^^^^^
AttributeError: 'Request' object has no attribute 'login'
2025-10-25 05:49:40,581 - routers.api_v1.user - ERROR [user.py:129] - Ошибка при входе пользователя: 401: Invalid login or password
2025-10-25 05:49:57,340 - controllers.api_v2.user_controller - ERROR [user_controller.py:164] - Ошибка авторизации пользователя: 'Request' object has no attribute 'login'
Traceback (most recent call last):
  File "/app/src/controllers/api_v2/user_controller.py", line 153, in login
    user = await self.auth_service.authenticate(credentials.login, credentials.password)
                                                ^^^^^^^^^^^^^^^^^
AttributeError: 'Request' object has no attribute 'login'
2025-10-25 05:49:57,345 - routers.api_v1.user - ERROR [user.py:129] - Ошибка при входе пользователя: 401: Invalid login or password
2025-10-25 05:50:26,897 - controllers.api_v2.user_controller - ERROR [user_controller.py:164] - Ошибка авторизации пользователя: 'Request' object has no attribute 'login'
Traceback (most recent call last):
  File "/app/src/controllers/api_v2/user_controller.py", line 153, in login
    user = await self.auth_service.authenticate(credentials.login, credentials.password)
                                                ^^^^^^^^^^^^^^^^^
AttributeError: 'Request' object has no attribute 'login'
2025-10-25 05:50:26,902 - routers.api_v1.user - ERROR [user.py:129] - Ошибка при входе пользователя: 401: Invalid login or password
2025-10-25 05:52:40,249 - controllers.api_v2.user_controller - ERROR [user_controller.py:164] - Ошибка авторизации пользователя: 'Request' object has no attribute 'login'
Traceback (most recent call last):
  File "/app/src/controllers/api_v2/user_controller.py", line 153, in login
    user = await self.auth_service.authenticate(credentials.login, credentials.password)
                                                ^^^^^^^^^^^^^^^^^
AttributeError: 'Request' object has no attribute 'login'
2025-10-25 05:52:40,252 - routers.api_v1.user - ERROR [user.py:129] - Ошибка при входе пользователя: 401: Invalid login or password
2025-10-25 06:15:04,021 - src.main - ERROR [main.py:118] - Ошибка при обработке запроса: TravelController.__init__() takes 5 positional arguments but 6 were given
Traceback (most recent call last):
  File "/usr/local/lib/python3.13/site-packages/starlette/middleware/errors.py", line 165, in __call__
    await self.app(scope, receive, _send)
  File "/usr/local/lib/python3.13/site-packages/starlette/middleware/exceptions.py", line 62, in __call__
    await wrap_app_handling_exceptions(self.app, conn)(scope, receive, send)
  File "/usr/local/lib/python3.13/site-packages/starlette/_exception_handler.py", line 53, in wrapped_app
    raise exc
  File "/usr/local/lib/python3.13/site-packages/starlette/_exception_handler.py", line 42, in wrapped_app
    await app(scope, receive, sender)
  File "/usr/local/lib/python3.13/site-packages/starlette/routing.py", line 714, in __call__
    await self.middleware_stack(scope, receive, send)
  File "/usr/local/lib/python3.13/site-packages/starlette/routing.py", line 734, in app
    await route.handle(scope, receive, send)
  File "/usr/local/lib/python3.13/site-packages/starlette/routing.py", line 288, in handle
    await self.app(scope, receive, send)
  File "/usr/local/lib/python3.13/site-packages/starlette/routing.py", line 76, in app
    await wrap_app_handling_exceptions(app, request)(scope, receive, send)
  File "/usr/local/lib/python3.13/site-packages/starlette/_exception_handler.py", line 53, in wrapped_app
    raise exc
  File "/usr/local/lib/python3.13/site-packages/starlette/_exception_handler.py", line 42, in wrapped_app
    await app(scope, receive, sender)
  File "/usr/local/lib/python3.13/site-packages/starlette/routing.py", line 73, in app
    response = await f(request)
               ^^^^^^^^^^^^^^^^
  File "/usr/local/lib/python3.13/site-packages/fastapi/routing.py", line 291, in app
    solved_result = await solve_dependencies(
                    ^^^^^^^^^^^^^^^^^^^^^^^^^
    ...<6 lines>...
    )
    ^
  File "/usr/local/lib/python3.13/site-packages/fastapi/dependencies/utils.py", line 638, in solve_dependencies
    solved = await call(**solved_result.values)
             ^^^^^^^^^^^^^^^^^^^^^^^^^^^^^^^^^^
  File "/app/src/service_locator.py", line 358, in get_service_locator_v1
    travel_contr = TravelController1(travel_serv, user_serv, ent_serv, acc_serv, city_serv)
TypeError: TravelController.__init__() takes 5 positional arguments but 6 were given
2025-10-25 06:15:11,173 - src.main - ERROR [main.py:118] - Ошибка при обработке запроса: TravelController.__init__() takes 5 positional arguments but 6 were given
Traceback (most recent call last):
  File "/usr/local/lib/python3.13/site-packages/starlette/middleware/errors.py", line 165, in __call__
    await self.app(scope, receive, _send)
  File "/usr/local/lib/python3.13/site-packages/starlette/middleware/exceptions.py", line 62, in __call__
    await wrap_app_handling_exceptions(self.app, conn)(scope, receive, send)
  File "/usr/local/lib/python3.13/site-packages/starlette/_exception_handler.py", line 53, in wrapped_app
    raise exc
  File "/usr/local/lib/python3.13/site-packages/starlette/_exception_handler.py", line 42, in wrapped_app
    await app(scope, receive, sender)
  File "/usr/local/lib/python3.13/site-packages/starlette/routing.py", line 714, in __call__
    await self.middleware_stack(scope, receive, send)
  File "/usr/local/lib/python3.13/site-packages/starlette/routing.py", line 734, in app
    await route.handle(scope, receive, send)
  File "/usr/local/lib/python3.13/site-packages/starlette/routing.py", line 288, in handle
    await self.app(scope, receive, send)
  File "/usr/local/lib/python3.13/site-packages/starlette/routing.py", line 76, in app
    await wrap_app_handling_exceptions(app, request)(scope, receive, send)
  File "/usr/local/lib/python3.13/site-packages/starlette/_exception_handler.py", line 53, in wrapped_app
    raise exc
  File "/usr/local/lib/python3.13/site-packages/starlette/_exception_handler.py", line 42, in wrapped_app
    await app(scope, receive, sender)
  File "/usr/local/lib/python3.13/site-packages/starlette/routing.py", line 73, in app
    response = await f(request)
               ^^^^^^^^^^^^^^^^
  File "/usr/local/lib/python3.13/site-packages/fastapi/routing.py", line 291, in app
    solved_result = await solve_dependencies(
                    ^^^^^^^^^^^^^^^^^^^^^^^^^
    ...<6 lines>...
    )
    ^
  File "/usr/local/lib/python3.13/site-packages/fastapi/dependencies/utils.py", line 638, in solve_dependencies
    solved = await call(**solved_result.values)
             ^^^^^^^^^^^^^^^^^^^^^^^^^^^^^^^^^^
  File "/app/src/service_locator.py", line 358, in get_service_locator_v1
    travel_contr = TravelController1(travel_serv, user_serv, ent_serv, acc_serv, city_serv)
TypeError: TravelController.__init__() takes 5 positional arguments but 6 were given
2025-10-25 06:15:20,863 - src.main - ERROR [main.py:118] - Ошибка при обработке запроса: TravelController.__init__() takes 5 positional arguments but 6 were given
Traceback (most recent call last):
  File "/usr/local/lib/python3.13/site-packages/starlette/middleware/errors.py", line 165, in __call__
    await self.app(scope, receive, _send)
  File "/usr/local/lib/python3.13/site-packages/starlette/middleware/exceptions.py", line 62, in __call__
    await wrap_app_handling_exceptions(self.app, conn)(scope, receive, send)
  File "/usr/local/lib/python3.13/site-packages/starlette/_exception_handler.py", line 53, in wrapped_app
    raise exc
  File "/usr/local/lib/python3.13/site-packages/starlette/_exception_handler.py", line 42, in wrapped_app
    await app(scope, receive, sender)
  File "/usr/local/lib/python3.13/site-packages/starlette/routing.py", line 714, in __call__
    await self.middleware_stack(scope, receive, send)
  File "/usr/local/lib/python3.13/site-packages/starlette/routing.py", line 734, in app
    await route.handle(scope, receive, send)
  File "/usr/local/lib/python3.13/site-packages/starlette/routing.py", line 288, in handle
    await self.app(scope, receive, send)
  File "/usr/local/lib/python3.13/site-packages/starlette/routing.py", line 76, in app
    await wrap_app_handling_exceptions(app, request)(scope, receive, send)
  File "/usr/local/lib/python3.13/site-packages/starlette/_exception_handler.py", line 53, in wrapped_app
    raise exc
  File "/usr/local/lib/python3.13/site-packages/starlette/_exception_handler.py", line 42, in wrapped_app
    await app(scope, receive, sender)
  File "/usr/local/lib/python3.13/site-packages/starlette/routing.py", line 73, in app
    response = await f(request)
               ^^^^^^^^^^^^^^^^
  File "/usr/local/lib/python3.13/site-packages/fastapi/routing.py", line 291, in app
    solved_result = await solve_dependencies(
                    ^^^^^^^^^^^^^^^^^^^^^^^^^
    ...<6 lines>...
    )
    ^
  File "/usr/local/lib/python3.13/site-packages/fastapi/dependencies/utils.py", line 638, in solve_dependencies
    solved = await call(**solved_result.values)
             ^^^^^^^^^^^^^^^^^^^^^^^^^^^^^^^^^^
  File "/app/src/service_locator.py", line 358, in get_service_locator_v1
    travel_contr = TravelController1(travel_serv, user_serv, ent_serv, acc_serv, city_serv)
TypeError: TravelController.__init__() takes 5 positional arguments but 6 were given
2025-10-25 06:19:33,766 - src.main - ERROR [main.py:118] - Ошибка при обработке запроса: name 'Controllers' is not defined
Traceback (most recent call last):
  File "/usr/local/lib/python3.13/site-packages/starlette/middleware/errors.py", line 165, in __call__
    await self.app(scope, receive, _send)
  File "/usr/local/lib/python3.13/site-packages/starlette/middleware/exceptions.py", line 62, in __call__
    await wrap_app_handling_exceptions(self.app, conn)(scope, receive, send)
  File "/usr/local/lib/python3.13/site-packages/starlette/_exception_handler.py", line 53, in wrapped_app
    raise exc
  File "/usr/local/lib/python3.13/site-packages/starlette/_exception_handler.py", line 42, in wrapped_app
    await app(scope, receive, sender)
  File "/usr/local/lib/python3.13/site-packages/starlette/routing.py", line 714, in __call__
    await self.middleware_stack(scope, receive, send)
  File "/usr/local/lib/python3.13/site-packages/starlette/routing.py", line 734, in app
    await route.handle(scope, receive, send)
  File "/usr/local/lib/python3.13/site-packages/starlette/routing.py", line 288, in handle
    await self.app(scope, receive, send)
  File "/usr/local/lib/python3.13/site-packages/starlette/routing.py", line 76, in app
    await wrap_app_handling_exceptions(app, request)(scope, receive, send)
  File "/usr/local/lib/python3.13/site-packages/starlette/_exception_handler.py", line 53, in wrapped_app
    raise exc
  File "/usr/local/lib/python3.13/site-packages/starlette/_exception_handler.py", line 42, in wrapped_app
    await app(scope, receive, sender)
  File "/usr/local/lib/python3.13/site-packages/starlette/routing.py", line 73, in app
    response = await f(request)
               ^^^^^^^^^^^^^^^^
  File "/usr/local/lib/python3.13/site-packages/fastapi/routing.py", line 291, in app
    solved_result = await solve_dependencies(
                    ^^^^^^^^^^^^^^^^^^^^^^^^^
    ...<6 lines>...
    )
    ^
  File "/usr/local/lib/python3.13/site-packages/fastapi/dependencies/utils.py", line 638, in solve_dependencies
    solved = await call(**solved_result.values)
             ^^^^^^^^^^^^^^^^^^^^^^^^^^^^^^^^^^
  File "/app/src/service_locator.py", line 362, in get_service_locator_v1
    controllers = Controllers(acc_contr, route_contr, ent_contr, travel_contr, user_contr,
                  ^^^^^^^^^^^
NameError: name 'Controllers' is not defined. Did you mean: 'ControllersV1'?
2025-10-25 06:30:00,493 - sqlalchemy.pool.impl.AsyncAdaptedQueuePool - ERROR [base.py:378] - Exception terminating connection <AdaptedConnection <asyncpg.connection.Connection object at 0xffff84bf1040>>
Traceback (most recent call last):
  File "/usr/local/lib/python3.13/site-packages/sqlalchemy/pool/base.py", line 374, in _close_connection
    self._dialect.do_terminate(connection)
    ~~~~~~~~~~~~~~~~~~~~~~~~~~^^^^^^^^^^^^
  File "/usr/local/lib/python3.13/site-packages/sqlalchemy/dialects/postgresql/asyncpg.py", line 1130, in do_terminate
    dbapi_connection.terminate()
    ~~~~~~~~~~~~~~~~~~~~~~~~~~^^
  File "/usr/local/lib/python3.13/site-packages/sqlalchemy/dialects/postgresql/asyncpg.py", line 922, in terminate
    self._connection.terminate()
    ~~~~~~~~~~~~~~~~~~~~~~~~~~^^
  File "/usr/local/lib/python3.13/site-packages/asyncpg/connection.py", line 1515, in terminate
    self._abort()
    ~~~~~~~~~~~^^
  File "/usr/local/lib/python3.13/site-packages/asyncpg/connection.py", line 1567, in _abort
    self._protocol.abort()
    ~~~~~~~~~~~~~~~~~~~~^^
  File "asyncpg/protocol/protocol.pyx", line 608, in asyncpg.protocol.protocol.BaseProtocol.abort
  File "/usr/local/lib/python3.13/asyncio/selector_events.py", line 826, in abort
    self._force_close(None)
    ~~~~~~~~~~~~~~~~~^^^^^^
  File "/usr/local/lib/python3.13/asyncio/selector_events.py", line 898, in _force_close
    self._loop.call_soon(self._call_connection_lost, exc)
    ~~~~~~~~~~~~~~~~~~~~^^^^^^^^^^^^^^^^^^^^^^^^^^^^^^^^^
  File "/usr/local/lib/python3.13/asyncio/base_events.py", line 833, in call_soon
    self._check_closed()
    ~~~~~~~~~~~~~~~~~~^^
  File "/usr/local/lib/python3.13/asyncio/base_events.py", line 556, in _check_closed
    raise RuntimeError('Event loop is closed')
RuntimeError: Event loop is closed
2025-10-25 06:30:00,511 - sqlalchemy.pool.impl.AsyncAdaptedQueuePool - ERROR [base.py:1032] - The garbage collector is trying to clean up non-checked-in connection <AdaptedConnection <asyncpg.connection.Connection object at 0xffff84bf1040>>, which will be terminated.  Please ensure that SQLAlchemy pooled connections are returned to the pool explicitly, either by calling ``close()`` or by using appropriate context managers to manage their lifecycle.
2025-10-25 06:30:48,836 - sqlalchemy.pool.impl.AsyncAdaptedQueuePool - ERROR [base.py:378] - Exception terminating connection <AdaptedConnection <asyncpg.connection.Connection object at 0xffffa86e4e60>>
Traceback (most recent call last):
  File "/usr/local/lib/python3.13/site-packages/sqlalchemy/pool/base.py", line 374, in _close_connection
    self._dialect.do_terminate(connection)
    ~~~~~~~~~~~~~~~~~~~~~~~~~~^^^^^^^^^^^^
  File "/usr/local/lib/python3.13/site-packages/sqlalchemy/dialects/postgresql/asyncpg.py", line 1130, in do_terminate
    dbapi_connection.terminate()
    ~~~~~~~~~~~~~~~~~~~~~~~~~~^^
  File "/usr/local/lib/python3.13/site-packages/sqlalchemy/dialects/postgresql/asyncpg.py", line 922, in terminate
    self._connection.terminate()
    ~~~~~~~~~~~~~~~~~~~~~~~~~~^^
  File "/usr/local/lib/python3.13/site-packages/asyncpg/connection.py", line 1515, in terminate
    self._abort()
    ~~~~~~~~~~~^^
  File "/usr/local/lib/python3.13/site-packages/asyncpg/connection.py", line 1567, in _abort
    self._protocol.abort()
    ~~~~~~~~~~~~~~~~~~~~^^
  File "asyncpg/protocol/protocol.pyx", line 608, in asyncpg.protocol.protocol.BaseProtocol.abort
  File "/usr/local/lib/python3.13/asyncio/selector_events.py", line 826, in abort
    self._force_close(None)
    ~~~~~~~~~~~~~~~~~^^^^^^
  File "/usr/local/lib/python3.13/asyncio/selector_events.py", line 898, in _force_close
    self._loop.call_soon(self._call_connection_lost, exc)
    ~~~~~~~~~~~~~~~~~~~~^^^^^^^^^^^^^^^^^^^^^^^^^^^^^^^^^
  File "/usr/local/lib/python3.13/asyncio/base_events.py", line 833, in call_soon
    self._check_closed()
    ~~~~~~~~~~~~~~~~~~^^
  File "/usr/local/lib/python3.13/asyncio/base_events.py", line 556, in _check_closed
    raise RuntimeError('Event loop is closed')
RuntimeError: Event loop is closed
2025-10-25 06:30:48,841 - sqlalchemy.pool.impl.AsyncAdaptedQueuePool - ERROR [base.py:1032] - The garbage collector is trying to clean up non-checked-in connection <AdaptedConnection <asyncpg.connection.Connection object at 0xffffa86e4e60>>, which will be terminated.  Please ensure that SQLAlchemy pooled connections are returned to the pool explicitly, either by calling ``close()`` or by using appropriate context managers to manage their lifecycle.
2025-10-25 06:31:18,830 - sqlalchemy.pool.impl.AsyncAdaptedQueuePool - ERROR [base.py:378] - Exception terminating connection <AdaptedConnection <asyncpg.connection.Connection object at 0xffffa4701220>>
Traceback (most recent call last):
  File "/usr/local/lib/python3.13/site-packages/sqlalchemy/pool/base.py", line 374, in _close_connection
    self._dialect.do_terminate(connection)
    ~~~~~~~~~~~~~~~~~~~~~~~~~~^^^^^^^^^^^^
  File "/usr/local/lib/python3.13/site-packages/sqlalchemy/dialects/postgresql/asyncpg.py", line 1130, in do_terminate
    dbapi_connection.terminate()
    ~~~~~~~~~~~~~~~~~~~~~~~~~~^^
  File "/usr/local/lib/python3.13/site-packages/sqlalchemy/dialects/postgresql/asyncpg.py", line 922, in terminate
    self._connection.terminate()
    ~~~~~~~~~~~~~~~~~~~~~~~~~~^^
  File "/usr/local/lib/python3.13/site-packages/asyncpg/connection.py", line 1515, in terminate
    self._abort()
    ~~~~~~~~~~~^^
  File "/usr/local/lib/python3.13/site-packages/asyncpg/connection.py", line 1567, in _abort
    self._protocol.abort()
    ~~~~~~~~~~~~~~~~~~~~^^
  File "asyncpg/protocol/protocol.pyx", line 608, in asyncpg.protocol.protocol.BaseProtocol.abort
  File "/usr/local/lib/python3.13/asyncio/selector_events.py", line 826, in abort
    self._force_close(None)
    ~~~~~~~~~~~~~~~~~^^^^^^
  File "/usr/local/lib/python3.13/asyncio/selector_events.py", line 898, in _force_close
    self._loop.call_soon(self._call_connection_lost, exc)
    ~~~~~~~~~~~~~~~~~~~~^^^^^^^^^^^^^^^^^^^^^^^^^^^^^^^^^
  File "/usr/local/lib/python3.13/asyncio/base_events.py", line 833, in call_soon
    self._check_closed()
    ~~~~~~~~~~~~~~~~~~^^
  File "/usr/local/lib/python3.13/asyncio/base_events.py", line 556, in _check_closed
    raise RuntimeError('Event loop is closed')
RuntimeError: Event loop is closed
2025-10-25 06:31:18,835 - sqlalchemy.pool.impl.AsyncAdaptedQueuePool - ERROR [base.py:1032] - The garbage collector is trying to clean up non-checked-in connection <AdaptedConnection <asyncpg.connection.Connection object at 0xffffa4701220>>, which will be terminated.  Please ensure that SQLAlchemy pooled connections are returned to the pool explicitly, either by calling ``close()`` or by using appropriate context managers to manage their lifecycle.
2025-10-25 06:32:23,641 - sqlalchemy.pool.impl.AsyncAdaptedQueuePool - ERROR [base.py:378] - Exception terminating connection <AdaptedConnection <asyncpg.connection.Connection object at 0xffff81cefb60>>
Traceback (most recent call last):
  File "/usr/local/lib/python3.13/site-packages/sqlalchemy/pool/base.py", line 374, in _close_connection
    self._dialect.do_terminate(connection)
    ~~~~~~~~~~~~~~~~~~~~~~~~~~^^^^^^^^^^^^
  File "/usr/local/lib/python3.13/site-packages/sqlalchemy/dialects/postgresql/asyncpg.py", line 1130, in do_terminate
    dbapi_connection.terminate()
    ~~~~~~~~~~~~~~~~~~~~~~~~~~^^
  File "/usr/local/lib/python3.13/site-packages/sqlalchemy/dialects/postgresql/asyncpg.py", line 922, in terminate
    self._connection.terminate()
    ~~~~~~~~~~~~~~~~~~~~~~~~~~^^
  File "/usr/local/lib/python3.13/site-packages/asyncpg/connection.py", line 1515, in terminate
    self._abort()
    ~~~~~~~~~~~^^
  File "/usr/local/lib/python3.13/site-packages/asyncpg/connection.py", line 1567, in _abort
    self._protocol.abort()
    ~~~~~~~~~~~~~~~~~~~~^^
  File "asyncpg/protocol/protocol.pyx", line 608, in asyncpg.protocol.protocol.BaseProtocol.abort
  File "/usr/local/lib/python3.13/asyncio/selector_events.py", line 826, in abort
    self._force_close(None)
    ~~~~~~~~~~~~~~~~~^^^^^^
  File "/usr/local/lib/python3.13/asyncio/selector_events.py", line 898, in _force_close
    self._loop.call_soon(self._call_connection_lost, exc)
    ~~~~~~~~~~~~~~~~~~~~^^^^^^^^^^^^^^^^^^^^^^^^^^^^^^^^^
  File "/usr/local/lib/python3.13/asyncio/base_events.py", line 833, in call_soon
    self._check_closed()
    ~~~~~~~~~~~~~~~~~~^^
  File "/usr/local/lib/python3.13/asyncio/base_events.py", line 556, in _check_closed
    raise RuntimeError('Event loop is closed')
RuntimeError: Event loop is closed
2025-10-25 06:32:23,646 - sqlalchemy.pool.impl.AsyncAdaptedQueuePool - ERROR [base.py:1032] - The garbage collector is trying to clean up non-checked-in connection <AdaptedConnection <asyncpg.connection.Connection object at 0xffff81cefb60>>, which will be terminated.  Please ensure that SQLAlchemy pooled connections are returned to the pool explicitly, either by calling ``close()`` or by using appropriate context managers to manage their lifecycle.
2025-10-25 06:32:23,647 - sqlalchemy.pool.impl.AsyncAdaptedQueuePool - ERROR [base.py:378] - Exception terminating connection <AdaptedConnection <asyncpg.connection.Connection object at 0xffff81cece60>>
Traceback (most recent call last):
  File "/usr/local/lib/python3.13/site-packages/sqlalchemy/pool/base.py", line 374, in _close_connection
    self._dialect.do_terminate(connection)
    ~~~~~~~~~~~~~~~~~~~~~~~~~~^^^^^^^^^^^^
  File "/usr/local/lib/python3.13/site-packages/sqlalchemy/dialects/postgresql/asyncpg.py", line 1130, in do_terminate
    dbapi_connection.terminate()
    ~~~~~~~~~~~~~~~~~~~~~~~~~~^^
  File "/usr/local/lib/python3.13/site-packages/sqlalchemy/dialects/postgresql/asyncpg.py", line 922, in terminate
    self._connection.terminate()
    ~~~~~~~~~~~~~~~~~~~~~~~~~~^^
  File "/usr/local/lib/python3.13/site-packages/asyncpg/connection.py", line 1515, in terminate
    self._abort()
    ~~~~~~~~~~~^^
  File "/usr/local/lib/python3.13/site-packages/asyncpg/connection.py", line 1567, in _abort
    self._protocol.abort()
    ~~~~~~~~~~~~~~~~~~~~^^
  File "asyncpg/protocol/protocol.pyx", line 608, in asyncpg.protocol.protocol.BaseProtocol.abort
  File "/usr/local/lib/python3.13/asyncio/selector_events.py", line 826, in abort
    self._force_close(None)
    ~~~~~~~~~~~~~~~~~^^^^^^
  File "/usr/local/lib/python3.13/asyncio/selector_events.py", line 898, in _force_close
    self._loop.call_soon(self._call_connection_lost, exc)
    ~~~~~~~~~~~~~~~~~~~~^^^^^^^^^^^^^^^^^^^^^^^^^^^^^^^^^
  File "/usr/local/lib/python3.13/asyncio/base_events.py", line 833, in call_soon
    self._check_closed()
    ~~~~~~~~~~~~~~~~~~^^
  File "/usr/local/lib/python3.13/asyncio/base_events.py", line 556, in _check_closed
    raise RuntimeError('Event loop is closed')
RuntimeError: Event loop is closed
2025-10-25 06:32:23,648 - sqlalchemy.pool.impl.AsyncAdaptedQueuePool - ERROR [base.py:1032] - The garbage collector is trying to clean up non-checked-in connection <AdaptedConnection <asyncpg.connection.Connection object at 0xffff81cece60>>, which will be terminated.  Please ensure that SQLAlchemy pooled connections are returned to the pool explicitly, either by calling ``close()`` or by using appropriate context managers to manage their lifecycle.
2025-10-25 06:34:47,716 - routers.api_v1.accommodation - ERROR [accommodation.py:57] - Ошибка: 'str object' has no attribute 'strftime'
2025-10-25 06:37:52,457 - sqlalchemy.pool.impl.AsyncAdaptedQueuePool - ERROR [base.py:378] - Exception terminating connection <AdaptedConnection <asyncpg.connection.Connection object at 0xffffb88efe30>>
Traceback (most recent call last):
  File "/usr/local/lib/python3.13/site-packages/sqlalchemy/pool/base.py", line 374, in _close_connection
    self._dialect.do_terminate(connection)
    ~~~~~~~~~~~~~~~~~~~~~~~~~~^^^^^^^^^^^^
  File "/usr/local/lib/python3.13/site-packages/sqlalchemy/dialects/postgresql/asyncpg.py", line 1130, in do_terminate
    dbapi_connection.terminate()
    ~~~~~~~~~~~~~~~~~~~~~~~~~~^^
  File "/usr/local/lib/python3.13/site-packages/sqlalchemy/dialects/postgresql/asyncpg.py", line 922, in terminate
    self._connection.terminate()
    ~~~~~~~~~~~~~~~~~~~~~~~~~~^^
  File "/usr/local/lib/python3.13/site-packages/asyncpg/connection.py", line 1515, in terminate
    self._abort()
    ~~~~~~~~~~~^^
  File "/usr/local/lib/python3.13/site-packages/asyncpg/connection.py", line 1567, in _abort
    self._protocol.abort()
    ~~~~~~~~~~~~~~~~~~~~^^
  File "asyncpg/protocol/protocol.pyx", line 608, in asyncpg.protocol.protocol.BaseProtocol.abort
  File "/usr/local/lib/python3.13/asyncio/selector_events.py", line 826, in abort
    self._force_close(None)
    ~~~~~~~~~~~~~~~~~^^^^^^
  File "/usr/local/lib/python3.13/asyncio/selector_events.py", line 898, in _force_close
    self._loop.call_soon(self._call_connection_lost, exc)
    ~~~~~~~~~~~~~~~~~~~~^^^^^^^^^^^^^^^^^^^^^^^^^^^^^^^^^
  File "/usr/local/lib/python3.13/asyncio/base_events.py", line 833, in call_soon
    self._check_closed()
    ~~~~~~~~~~~~~~~~~~^^
  File "/usr/local/lib/python3.13/asyncio/base_events.py", line 556, in _check_closed
    raise RuntimeError('Event loop is closed')
RuntimeError: Event loop is closed
2025-10-25 06:37:52,468 - sqlalchemy.pool.impl.AsyncAdaptedQueuePool - ERROR [base.py:1032] - The garbage collector is trying to clean up non-checked-in connection <AdaptedConnection <asyncpg.connection.Connection object at 0xffffb88efe30>>, which will be terminated.  Please ensure that SQLAlchemy pooled connections are returned to the pool explicitly, either by calling ``close()`` or by using appropriate context managers to manage their lifecycle.
2025-10-25 06:37:52,468 - sqlalchemy.pool.impl.AsyncAdaptedQueuePool - ERROR [base.py:378] - Exception terminating connection <AdaptedConnection <asyncpg.connection.Connection object at 0xffffb7c10140>>
Traceback (most recent call last):
  File "/usr/local/lib/python3.13/site-packages/sqlalchemy/pool/base.py", line 374, in _close_connection
    self._dialect.do_terminate(connection)
    ~~~~~~~~~~~~~~~~~~~~~~~~~~^^^^^^^^^^^^
  File "/usr/local/lib/python3.13/site-packages/sqlalchemy/dialects/postgresql/asyncpg.py", line 1130, in do_terminate
    dbapi_connection.terminate()
    ~~~~~~~~~~~~~~~~~~~~~~~~~~^^
  File "/usr/local/lib/python3.13/site-packages/sqlalchemy/dialects/postgresql/asyncpg.py", line 922, in terminate
    self._connection.terminate()
    ~~~~~~~~~~~~~~~~~~~~~~~~~~^^
  File "/usr/local/lib/python3.13/site-packages/asyncpg/connection.py", line 1515, in terminate
    self._abort()
    ~~~~~~~~~~~^^
  File "/usr/local/lib/python3.13/site-packages/asyncpg/connection.py", line 1567, in _abort
    self._protocol.abort()
    ~~~~~~~~~~~~~~~~~~~~^^
  File "asyncpg/protocol/protocol.pyx", line 608, in asyncpg.protocol.protocol.BaseProtocol.abort
  File "/usr/local/lib/python3.13/asyncio/selector_events.py", line 826, in abort
    self._force_close(None)
    ~~~~~~~~~~~~~~~~~^^^^^^
  File "/usr/local/lib/python3.13/asyncio/selector_events.py", line 898, in _force_close
    self._loop.call_soon(self._call_connection_lost, exc)
    ~~~~~~~~~~~~~~~~~~~~^^^^^^^^^^^^^^^^^^^^^^^^^^^^^^^^^
  File "/usr/local/lib/python3.13/asyncio/base_events.py", line 833, in call_soon
    self._check_closed()
    ~~~~~~~~~~~~~~~~~~^^
  File "/usr/local/lib/python3.13/asyncio/base_events.py", line 556, in _check_closed
    raise RuntimeError('Event loop is closed')
RuntimeError: Event loop is closed
2025-10-25 06:37:52,470 - sqlalchemy.pool.impl.AsyncAdaptedQueuePool - ERROR [base.py:1032] - The garbage collector is trying to clean up non-checked-in connection <AdaptedConnection <asyncpg.connection.Connection object at 0xffffb7c10140>>, which will be terminated.  Please ensure that SQLAlchemy pooled connections are returned to the pool explicitly, either by calling ``close()`` or by using appropriate context managers to manage their lifecycle.
2025-10-25 06:37:52,470 - sqlalchemy.pool.impl.AsyncAdaptedQueuePool - ERROR [base.py:378] - Exception terminating connection <AdaptedConnection <asyncpg.connection.Connection object at 0xffffb88ed040>>
Traceback (most recent call last):
  File "/usr/local/lib/python3.13/site-packages/sqlalchemy/pool/base.py", line 374, in _close_connection
    self._dialect.do_terminate(connection)
    ~~~~~~~~~~~~~~~~~~~~~~~~~~^^^^^^^^^^^^
  File "/usr/local/lib/python3.13/site-packages/sqlalchemy/dialects/postgresql/asyncpg.py", line 1130, in do_terminate
    dbapi_connection.terminate()
    ~~~~~~~~~~~~~~~~~~~~~~~~~~^^
  File "/usr/local/lib/python3.13/site-packages/sqlalchemy/dialects/postgresql/asyncpg.py", line 922, in terminate
    self._connection.terminate()
    ~~~~~~~~~~~~~~~~~~~~~~~~~~^^
  File "/usr/local/lib/python3.13/site-packages/asyncpg/connection.py", line 1515, in terminate
    self._abort()
    ~~~~~~~~~~~^^
  File "/usr/local/lib/python3.13/site-packages/asyncpg/connection.py", line 1567, in _abort
    self._protocol.abort()
    ~~~~~~~~~~~~~~~~~~~~^^
  File "asyncpg/protocol/protocol.pyx", line 608, in asyncpg.protocol.protocol.BaseProtocol.abort
  File "/usr/local/lib/python3.13/asyncio/selector_events.py", line 826, in abort
    self._force_close(None)
    ~~~~~~~~~~~~~~~~~^^^^^^
  File "/usr/local/lib/python3.13/asyncio/selector_events.py", line 898, in _force_close
    self._loop.call_soon(self._call_connection_lost, exc)
    ~~~~~~~~~~~~~~~~~~~~^^^^^^^^^^^^^^^^^^^^^^^^^^^^^^^^^
  File "/usr/local/lib/python3.13/asyncio/base_events.py", line 833, in call_soon
    self._check_closed()
    ~~~~~~~~~~~~~~~~~~^^
  File "/usr/local/lib/python3.13/asyncio/base_events.py", line 556, in _check_closed
    raise RuntimeError('Event loop is closed')
RuntimeError: Event loop is closed
2025-10-25 06:37:52,471 - sqlalchemy.pool.impl.AsyncAdaptedQueuePool - ERROR [base.py:1032] - The garbage collector is trying to clean up non-checked-in connection <AdaptedConnection <asyncpg.connection.Connection object at 0xffffb88ed040>>, which will be terminated.  Please ensure that SQLAlchemy pooled connections are returned to the pool explicitly, either by calling ``close()`` or by using appropriate context managers to manage their lifecycle.
2025-10-25 06:38:05,382 - sqlalchemy.pool.impl.AsyncAdaptedQueuePool - ERROR [base.py:1032] - The garbage collector is trying to clean up non-checked-in connection <AdaptedConnection <asyncpg.connection.Connection object at 0xffff9a5eb980>>, which will be terminated.  Please ensure that SQLAlchemy pooled connections are returned to the pool explicitly, either by calling ``close()`` or by using appropriate context managers to manage their lifecycle.
2025-10-25 06:43:38,339 - sqlalchemy.pool.impl.AsyncAdaptedQueuePool - ERROR [base.py:378] - Exception terminating connection <AdaptedConnection <asyncpg.connection.Connection object at 0xffff9a625220>>
Traceback (most recent call last):
  File "/usr/local/lib/python3.13/site-packages/sqlalchemy/pool/base.py", line 374, in _close_connection
    self._dialect.do_terminate(connection)
    ~~~~~~~~~~~~~~~~~~~~~~~~~~^^^^^^^^^^^^
  File "/usr/local/lib/python3.13/site-packages/sqlalchemy/dialects/postgresql/asyncpg.py", line 1130, in do_terminate
    dbapi_connection.terminate()
    ~~~~~~~~~~~~~~~~~~~~~~~~~~^^
  File "/usr/local/lib/python3.13/site-packages/sqlalchemy/dialects/postgresql/asyncpg.py", line 922, in terminate
    self._connection.terminate()
    ~~~~~~~~~~~~~~~~~~~~~~~~~~^^
  File "/usr/local/lib/python3.13/site-packages/asyncpg/connection.py", line 1515, in terminate
    self._abort()
    ~~~~~~~~~~~^^
  File "/usr/local/lib/python3.13/site-packages/asyncpg/connection.py", line 1567, in _abort
    self._protocol.abort()
    ~~~~~~~~~~~~~~~~~~~~^^
  File "asyncpg/protocol/protocol.pyx", line 608, in asyncpg.protocol.protocol.BaseProtocol.abort
  File "/usr/local/lib/python3.13/asyncio/selector_events.py", line 826, in abort
    self._force_close(None)
    ~~~~~~~~~~~~~~~~~^^^^^^
  File "/usr/local/lib/python3.13/asyncio/selector_events.py", line 898, in _force_close
    self._loop.call_soon(self._call_connection_lost, exc)
    ~~~~~~~~~~~~~~~~~~~~^^^^^^^^^^^^^^^^^^^^^^^^^^^^^^^^^
  File "/usr/local/lib/python3.13/asyncio/base_events.py", line 833, in call_soon
    self._check_closed()
    ~~~~~~~~~~~~~~~~~~^^
  File "/usr/local/lib/python3.13/asyncio/base_events.py", line 556, in _check_closed
    raise RuntimeError('Event loop is closed')
RuntimeError: Event loop is closed
2025-10-25 06:43:38,347 - sqlalchemy.pool.impl.AsyncAdaptedQueuePool - ERROR [base.py:1032] - The garbage collector is trying to clean up non-checked-in connection <AdaptedConnection <asyncpg.connection.Connection object at 0xffff9a625220>>, which will be terminated.  Please ensure that SQLAlchemy pooled connections are returned to the pool explicitly, either by calling ``close()`` or by using appropriate context managers to manage their lifecycle.
2025-10-25 06:43:38,347 - sqlalchemy.pool.impl.AsyncAdaptedQueuePool - ERROR [base.py:378] - Exception terminating connection <AdaptedConnection <asyncpg.connection.Connection object at 0xffff9a5e9220>>
Traceback (most recent call last):
  File "/usr/local/lib/python3.13/site-packages/sqlalchemy/pool/base.py", line 374, in _close_connection
    self._dialect.do_terminate(connection)
    ~~~~~~~~~~~~~~~~~~~~~~~~~~^^^^^^^^^^^^
  File "/usr/local/lib/python3.13/site-packages/sqlalchemy/dialects/postgresql/asyncpg.py", line 1130, in do_terminate
    dbapi_connection.terminate()
    ~~~~~~~~~~~~~~~~~~~~~~~~~~^^
  File "/usr/local/lib/python3.13/site-packages/sqlalchemy/dialects/postgresql/asyncpg.py", line 922, in terminate
    self._connection.terminate()
    ~~~~~~~~~~~~~~~~~~~~~~~~~~^^
  File "/usr/local/lib/python3.13/site-packages/asyncpg/connection.py", line 1515, in terminate
    self._abort()
    ~~~~~~~~~~~^^
  File "/usr/local/lib/python3.13/site-packages/asyncpg/connection.py", line 1567, in _abort
    self._protocol.abort()
    ~~~~~~~~~~~~~~~~~~~~^^
  File "asyncpg/protocol/protocol.pyx", line 608, in asyncpg.protocol.protocol.BaseProtocol.abort
  File "/usr/local/lib/python3.13/asyncio/selector_events.py", line 826, in abort
    self._force_close(None)
    ~~~~~~~~~~~~~~~~~^^^^^^
  File "/usr/local/lib/python3.13/asyncio/selector_events.py", line 898, in _force_close
    self._loop.call_soon(self._call_connection_lost, exc)
    ~~~~~~~~~~~~~~~~~~~~^^^^^^^^^^^^^^^^^^^^^^^^^^^^^^^^^
  File "/usr/local/lib/python3.13/asyncio/base_events.py", line 833, in call_soon
    self._check_closed()
    ~~~~~~~~~~~~~~~~~~^^
  File "/usr/local/lib/python3.13/asyncio/base_events.py", line 556, in _check_closed
    raise RuntimeError('Event loop is closed')
RuntimeError: Event loop is closed
2025-10-25 06:43:38,348 - sqlalchemy.pool.impl.AsyncAdaptedQueuePool - ERROR [base.py:1032] - The garbage collector is trying to clean up non-checked-in connection <AdaptedConnection <asyncpg.connection.Connection object at 0xffff9a5e9220>>, which will be terminated.  Please ensure that SQLAlchemy pooled connections are returned to the pool explicitly, either by calling ``close()`` or by using appropriate context managers to manage their lifecycle.
2025-10-25 06:43:38,349 - sqlalchemy.pool.impl.AsyncAdaptedQueuePool - ERROR [base.py:378] - Exception terminating connection <AdaptedConnection <asyncpg.connection.Connection object at 0xffff9a5eb5c0>>
Traceback (most recent call last):
  File "/usr/local/lib/python3.13/site-packages/sqlalchemy/pool/base.py", line 374, in _close_connection
    self._dialect.do_terminate(connection)
    ~~~~~~~~~~~~~~~~~~~~~~~~~~^^^^^^^^^^^^
  File "/usr/local/lib/python3.13/site-packages/sqlalchemy/dialects/postgresql/asyncpg.py", line 1130, in do_terminate
    dbapi_connection.terminate()
    ~~~~~~~~~~~~~~~~~~~~~~~~~~^^
  File "/usr/local/lib/python3.13/site-packages/sqlalchemy/dialects/postgresql/asyncpg.py", line 922, in terminate
    self._connection.terminate()
    ~~~~~~~~~~~~~~~~~~~~~~~~~~^^
  File "/usr/local/lib/python3.13/site-packages/asyncpg/connection.py", line 1515, in terminate
    self._abort()
    ~~~~~~~~~~~^^
  File "/usr/local/lib/python3.13/site-packages/asyncpg/connection.py", line 1567, in _abort
    self._protocol.abort()
    ~~~~~~~~~~~~~~~~~~~~^^
  File "asyncpg/protocol/protocol.pyx", line 608, in asyncpg.protocol.protocol.BaseProtocol.abort
  File "/usr/local/lib/python3.13/asyncio/selector_events.py", line 826, in abort
    self._force_close(None)
    ~~~~~~~~~~~~~~~~~^^^^^^
  File "/usr/local/lib/python3.13/asyncio/selector_events.py", line 898, in _force_close
    self._loop.call_soon(self._call_connection_lost, exc)
    ~~~~~~~~~~~~~~~~~~~~^^^^^^^^^^^^^^^^^^^^^^^^^^^^^^^^^
  File "/usr/local/lib/python3.13/asyncio/base_events.py", line 833, in call_soon
    self._check_closed()
    ~~~~~~~~~~~~~~~~~~^^
  File "/usr/local/lib/python3.13/asyncio/base_events.py", line 556, in _check_closed
    raise RuntimeError('Event loop is closed')
RuntimeError: Event loop is closed
2025-10-25 06:43:38,350 - sqlalchemy.pool.impl.AsyncAdaptedQueuePool - ERROR [base.py:1032] - The garbage collector is trying to clean up non-checked-in connection <AdaptedConnection <asyncpg.connection.Connection object at 0xffff9a5eb5c0>>, which will be terminated.  Please ensure that SQLAlchemy pooled connections are returned to the pool explicitly, either by calling ``close()`` or by using appropriate context managers to manage their lifecycle.
2025-10-25 06:43:38,350 - sqlalchemy.pool.impl.AsyncAdaptedQueuePool - ERROR [base.py:378] - Exception terminating connection <AdaptedConnection <asyncpg.connection.Connection object at 0xffff9a624140>>
Traceback (most recent call last):
  File "/usr/local/lib/python3.13/site-packages/sqlalchemy/pool/base.py", line 374, in _close_connection
    self._dialect.do_terminate(connection)
    ~~~~~~~~~~~~~~~~~~~~~~~~~~^^^^^^^^^^^^
  File "/usr/local/lib/python3.13/site-packages/sqlalchemy/dialects/postgresql/asyncpg.py", line 1130, in do_terminate
    dbapi_connection.terminate()
    ~~~~~~~~~~~~~~~~~~~~~~~~~~^^
  File "/usr/local/lib/python3.13/site-packages/sqlalchemy/dialects/postgresql/asyncpg.py", line 922, in terminate
    self._connection.terminate()
    ~~~~~~~~~~~~~~~~~~~~~~~~~~^^
  File "/usr/local/lib/python3.13/site-packages/asyncpg/connection.py", line 1515, in terminate
    self._abort()
    ~~~~~~~~~~~^^
  File "/usr/local/lib/python3.13/site-packages/asyncpg/connection.py", line 1567, in _abort
    self._protocol.abort()
    ~~~~~~~~~~~~~~~~~~~~^^
  File "asyncpg/protocol/protocol.pyx", line 608, in asyncpg.protocol.protocol.BaseProtocol.abort
  File "/usr/local/lib/python3.13/asyncio/selector_events.py", line 826, in abort
    self._force_close(None)
    ~~~~~~~~~~~~~~~~~^^^^^^
  File "/usr/local/lib/python3.13/asyncio/selector_events.py", line 898, in _force_close
    self._loop.call_soon(self._call_connection_lost, exc)
    ~~~~~~~~~~~~~~~~~~~~^^^^^^^^^^^^^^^^^^^^^^^^^^^^^^^^^
  File "/usr/local/lib/python3.13/asyncio/base_events.py", line 833, in call_soon
    self._check_closed()
    ~~~~~~~~~~~~~~~~~~^^
  File "/usr/local/lib/python3.13/asyncio/base_events.py", line 556, in _check_closed
    raise RuntimeError('Event loop is closed')
RuntimeError: Event loop is closed
2025-10-25 06:43:38,351 - sqlalchemy.pool.impl.AsyncAdaptedQueuePool - ERROR [base.py:1032] - The garbage collector is trying to clean up non-checked-in connection <AdaptedConnection <asyncpg.connection.Connection object at 0xffff9a624140>>, which will be terminated.  Please ensure that SQLAlchemy pooled connections are returned to the pool explicitly, either by calling ``close()`` or by using appropriate context managers to manage their lifecycle.
2025-10-25 06:43:38,351 - sqlalchemy.pool.impl.AsyncAdaptedQueuePool - ERROR [base.py:378] - Exception terminating connection <AdaptedConnection <asyncpg.connection.Connection object at 0xffff9a6246e0>>
Traceback (most recent call last):
  File "/usr/local/lib/python3.13/site-packages/sqlalchemy/pool/base.py", line 374, in _close_connection
    self._dialect.do_terminate(connection)
    ~~~~~~~~~~~~~~~~~~~~~~~~~~^^^^^^^^^^^^
  File "/usr/local/lib/python3.13/site-packages/sqlalchemy/dialects/postgresql/asyncpg.py", line 1130, in do_terminate
    dbapi_connection.terminate()
    ~~~~~~~~~~~~~~~~~~~~~~~~~~^^
  File "/usr/local/lib/python3.13/site-packages/sqlalchemy/dialects/postgresql/asyncpg.py", line 922, in terminate
    self._connection.terminate()
    ~~~~~~~~~~~~~~~~~~~~~~~~~~^^
  File "/usr/local/lib/python3.13/site-packages/asyncpg/connection.py", line 1515, in terminate
    self._abort()
    ~~~~~~~~~~~^^
  File "/usr/local/lib/python3.13/site-packages/asyncpg/connection.py", line 1567, in _abort
    self._protocol.abort()
    ~~~~~~~~~~~~~~~~~~~~^^
  File "asyncpg/protocol/protocol.pyx", line 608, in asyncpg.protocol.protocol.BaseProtocol.abort
  File "/usr/local/lib/python3.13/asyncio/selector_events.py", line 826, in abort
    self._force_close(None)
    ~~~~~~~~~~~~~~~~~^^^^^^
  File "/usr/local/lib/python3.13/asyncio/selector_events.py", line 898, in _force_close
    self._loop.call_soon(self._call_connection_lost, exc)
    ~~~~~~~~~~~~~~~~~~~~^^^^^^^^^^^^^^^^^^^^^^^^^^^^^^^^^
  File "/usr/local/lib/python3.13/asyncio/base_events.py", line 833, in call_soon
    self._check_closed()
    ~~~~~~~~~~~~~~~~~~^^
  File "/usr/local/lib/python3.13/asyncio/base_events.py", line 556, in _check_closed
    raise RuntimeError('Event loop is closed')
RuntimeError: Event loop is closed
2025-10-25 06:43:38,353 - sqlalchemy.pool.impl.AsyncAdaptedQueuePool - ERROR [base.py:1032] - The garbage collector is trying to clean up non-checked-in connection <AdaptedConnection <asyncpg.connection.Connection object at 0xffff9a6246e0>>, which will be terminated.  Please ensure that SQLAlchemy pooled connections are returned to the pool explicitly, either by calling ``close()`` or by using appropriate context managers to manage their lifecycle.
2025-10-25 06:43:38,353 - sqlalchemy.pool.impl.AsyncAdaptedQueuePool - ERROR [base.py:378] - Exception terminating connection <AdaptedConnection <asyncpg.connection.Connection object at 0xffff9a7165d0>>
Traceback (most recent call last):
  File "/usr/local/lib/python3.13/site-packages/sqlalchemy/pool/base.py", line 374, in _close_connection
    self._dialect.do_terminate(connection)
    ~~~~~~~~~~~~~~~~~~~~~~~~~~^^^^^^^^^^^^
  File "/usr/local/lib/python3.13/site-packages/sqlalchemy/dialects/postgresql/asyncpg.py", line 1130, in do_terminate
    dbapi_connection.terminate()
    ~~~~~~~~~~~~~~~~~~~~~~~~~~^^
  File "/usr/local/lib/python3.13/site-packages/sqlalchemy/dialects/postgresql/asyncpg.py", line 922, in terminate
    self._connection.terminate()
    ~~~~~~~~~~~~~~~~~~~~~~~~~~^^
  File "/usr/local/lib/python3.13/site-packages/asyncpg/connection.py", line 1515, in terminate
    self._abort()
    ~~~~~~~~~~~^^
  File "/usr/local/lib/python3.13/site-packages/asyncpg/connection.py", line 1567, in _abort
    self._protocol.abort()
    ~~~~~~~~~~~~~~~~~~~~^^
  File "asyncpg/protocol/protocol.pyx", line 608, in asyncpg.protocol.protocol.BaseProtocol.abort
  File "/usr/local/lib/python3.13/asyncio/selector_events.py", line 826, in abort
    self._force_close(None)
    ~~~~~~~~~~~~~~~~~^^^^^^
  File "/usr/local/lib/python3.13/asyncio/selector_events.py", line 898, in _force_close
    self._loop.call_soon(self._call_connection_lost, exc)
    ~~~~~~~~~~~~~~~~~~~~^^^^^^^^^^^^^^^^^^^^^^^^^^^^^^^^^
  File "/usr/local/lib/python3.13/asyncio/base_events.py", line 833, in call_soon
    self._check_closed()
    ~~~~~~~~~~~~~~~~~~^^
  File "/usr/local/lib/python3.13/asyncio/base_events.py", line 556, in _check_closed
    raise RuntimeError('Event loop is closed')
RuntimeError: Event loop is closed
2025-10-25 06:43:38,354 - sqlalchemy.pool.impl.AsyncAdaptedQueuePool - ERROR [base.py:1032] - The garbage collector is trying to clean up non-checked-in connection <AdaptedConnection <asyncpg.connection.Connection object at 0xffff9a7165d0>>, which will be terminated.  Please ensure that SQLAlchemy pooled connections are returned to the pool explicitly, either by calling ``close()`` or by using appropriate context managers to manage their lifecycle.
2025-10-25 07:58:44,029 - sqlalchemy.pool.impl.AsyncAdaptedQueuePool - ERROR [base.py:378] - Exception terminating connection <AdaptedConnection <asyncpg.connection.Connection object at 0xffff97b933e0>>
Traceback (most recent call last):
  File "/usr/local/lib/python3.13/site-packages/sqlalchemy/pool/base.py", line 374, in _close_connection
    self._dialect.do_terminate(connection)
    ~~~~~~~~~~~~~~~~~~~~~~~~~~^^^^^^^^^^^^
  File "/usr/local/lib/python3.13/site-packages/sqlalchemy/dialects/postgresql/asyncpg.py", line 1130, in do_terminate
    dbapi_connection.terminate()
    ~~~~~~~~~~~~~~~~~~~~~~~~~~^^
  File "/usr/local/lib/python3.13/site-packages/sqlalchemy/dialects/postgresql/asyncpg.py", line 922, in terminate
    self._connection.terminate()
    ~~~~~~~~~~~~~~~~~~~~~~~~~~^^
  File "/usr/local/lib/python3.13/site-packages/asyncpg/connection.py", line 1515, in terminate
    self._abort()
    ~~~~~~~~~~~^^
  File "/usr/local/lib/python3.13/site-packages/asyncpg/connection.py", line 1567, in _abort
    self._protocol.abort()
    ~~~~~~~~~~~~~~~~~~~~^^
  File "asyncpg/protocol/protocol.pyx", line 608, in asyncpg.protocol.protocol.BaseProtocol.abort
  File "/usr/local/lib/python3.13/asyncio/selector_events.py", line 826, in abort
    self._force_close(None)
    ~~~~~~~~~~~~~~~~~^^^^^^
  File "/usr/local/lib/python3.13/asyncio/selector_events.py", line 898, in _force_close
    self._loop.call_soon(self._call_connection_lost, exc)
    ~~~~~~~~~~~~~~~~~~~~^^^^^^^^^^^^^^^^^^^^^^^^^^^^^^^^^
  File "/usr/local/lib/python3.13/asyncio/base_events.py", line 833, in call_soon
    self._check_closed()
    ~~~~~~~~~~~~~~~~~~^^
  File "/usr/local/lib/python3.13/asyncio/base_events.py", line 556, in _check_closed
    raise RuntimeError('Event loop is closed')
RuntimeError: Event loop is closed
2025-10-25 07:58:44,038 - sqlalchemy.pool.impl.AsyncAdaptedQueuePool - ERROR [base.py:1032] - The garbage collector is trying to clean up non-checked-in connection <AdaptedConnection <asyncpg.connection.Connection object at 0xffff97b933e0>>, which will be terminated.  Please ensure that SQLAlchemy pooled connections are returned to the pool explicitly, either by calling ``close()`` or by using appropriate context managers to manage their lifecycle.
2025-10-25 07:58:44,039 - sqlalchemy.pool.impl.AsyncAdaptedQueuePool - ERROR [base.py:378] - Exception terminating connection <AdaptedConnection <asyncpg.connection.Connection object at 0xffff97b81c70>>
Traceback (most recent call last):
  File "/usr/local/lib/python3.13/site-packages/sqlalchemy/pool/base.py", line 374, in _close_connection
    self._dialect.do_terminate(connection)
    ~~~~~~~~~~~~~~~~~~~~~~~~~~^^^^^^^^^^^^
  File "/usr/local/lib/python3.13/site-packages/sqlalchemy/dialects/postgresql/asyncpg.py", line 1130, in do_terminate
    dbapi_connection.terminate()
    ~~~~~~~~~~~~~~~~~~~~~~~~~~^^
  File "/usr/local/lib/python3.13/site-packages/sqlalchemy/dialects/postgresql/asyncpg.py", line 922, in terminate
    self._connection.terminate()
    ~~~~~~~~~~~~~~~~~~~~~~~~~~^^
  File "/usr/local/lib/python3.13/site-packages/asyncpg/connection.py", line 1515, in terminate
    self._abort()
    ~~~~~~~~~~~^^
  File "/usr/local/lib/python3.13/site-packages/asyncpg/connection.py", line 1567, in _abort
    self._protocol.abort()
    ~~~~~~~~~~~~~~~~~~~~^^
  File "asyncpg/protocol/protocol.pyx", line 608, in asyncpg.protocol.protocol.BaseProtocol.abort
  File "/usr/local/lib/python3.13/asyncio/selector_events.py", line 826, in abort
    self._force_close(None)
    ~~~~~~~~~~~~~~~~~^^^^^^
  File "/usr/local/lib/python3.13/asyncio/selector_events.py", line 898, in _force_close
    self._loop.call_soon(self._call_connection_lost, exc)
    ~~~~~~~~~~~~~~~~~~~~^^^^^^^^^^^^^^^^^^^^^^^^^^^^^^^^^
  File "/usr/local/lib/python3.13/asyncio/base_events.py", line 833, in call_soon
    self._check_closed()
    ~~~~~~~~~~~~~~~~~~^^
  File "/usr/local/lib/python3.13/asyncio/base_events.py", line 556, in _check_closed
    raise RuntimeError('Event loop is closed')
RuntimeError: Event loop is closed
2025-10-25 07:58:44,040 - sqlalchemy.pool.impl.AsyncAdaptedQueuePool - ERROR [base.py:1032] - The garbage collector is trying to clean up non-checked-in connection <AdaptedConnection <asyncpg.connection.Connection object at 0xffff97b81c70>>, which will be terminated.  Please ensure that SQLAlchemy pooled connections are returned to the pool explicitly, either by calling ``close()`` or by using appropriate context managers to manage their lifecycle.
2025-10-25 08:05:27,635 - sqlalchemy.pool.impl.AsyncAdaptedQueuePool - ERROR [base.py:1032] - The garbage collector is trying to clean up non-checked-in connection <AdaptedConnection <asyncpg.connection.Connection object at 0xffff8f35da90>>, which will be terminated.  Please ensure that SQLAlchemy pooled connections are returned to the pool explicitly, either by calling ``close()`` or by using appropriate context managers to manage their lifecycle.
2025-10-25 08:05:27,639 - sqlalchemy.pool.impl.AsyncAdaptedQueuePool - ERROR [base.py:1032] - The garbage collector is trying to clean up non-checked-in connection <AdaptedConnection <asyncpg.connection.Connection object at 0xffff8f384320>>, which will be terminated.  Please ensure that SQLAlchemy pooled connections are returned to the pool explicitly, either by calling ``close()`` or by using appropriate context managers to manage their lifecycle.
2025-10-25 08:05:27,640 - sqlalchemy.pool.impl.AsyncAdaptedQueuePool - ERROR [base.py:1032] - The garbage collector is trying to clean up non-checked-in connection <AdaptedConnection <asyncpg.connection.Connection object at 0xffff8f3849b0>>, which will be terminated.  Please ensure that SQLAlchemy pooled connections are returned to the pool explicitly, either by calling ``close()`` or by using appropriate context managers to manage their lifecycle.
2025-10-25 08:14:27,396 - sqlalchemy.pool.impl.AsyncAdaptedQueuePool - ERROR [base.py:1032] - The garbage collector is trying to clean up non-checked-in connection <AdaptedConnection <asyncpg.connection.Connection object at 0xffff8f3848c0>>, which will be terminated.  Please ensure that SQLAlchemy pooled connections are returned to the pool explicitly, either by calling ``close()`` or by using appropriate context managers to manage their lifecycle.
2025-10-25 08:14:27,411 - sqlalchemy.pool.impl.AsyncAdaptedQueuePool - ERROR [base.py:1032] - The garbage collector is trying to clean up non-checked-in connection <AdaptedConnection <asyncpg.connection.Connection object at 0xffff8f385220>>, which will be terminated.  Please ensure that SQLAlchemy pooled connections are returned to the pool explicitly, either by calling ``close()`` or by using appropriate context managers to manage their lifecycle.
2025-10-25 08:14:27,413 - sqlalchemy.pool.impl.AsyncAdaptedQueuePool - ERROR [base.py:1032] - The garbage collector is trying to clean up non-checked-in connection <AdaptedConnection <asyncpg.connection.Connection object at 0xffff8f384b90>>, which will be terminated.  Please ensure that SQLAlchemy pooled connections are returned to the pool explicitly, either by calling ``close()`` or by using appropriate context managers to manage their lifecycle.
2025-10-25 08:14:27,414 - sqlalchemy.pool.impl.AsyncAdaptedQueuePool - ERROR [base.py:1032] - The garbage collector is trying to clean up non-checked-in connection <AdaptedConnection <asyncpg.connection.Connection object at 0xffff8f3856d0>>, which will be terminated.  Please ensure that SQLAlchemy pooled connections are returned to the pool explicitly, either by calling ``close()`` or by using appropriate context managers to manage their lifecycle.
2025-10-25 08:14:27,415 - sqlalchemy.pool.impl.AsyncAdaptedQueuePool - ERROR [base.py:1032] - The garbage collector is trying to clean up non-checked-in connection <AdaptedConnection <asyncpg.connection.Connection object at 0xffff8f385b80>>, which will be terminated.  Please ensure that SQLAlchemy pooled connections are returned to the pool explicitly, either by calling ``close()`` or by using appropriate context managers to manage their lifecycle.
2025-10-25 08:20:21,642 - sqlalchemy.pool.impl.AsyncAdaptedQueuePool - ERROR [base.py:378] - Exception terminating connection <AdaptedConnection <asyncpg.connection.Connection object at 0xffff8f386f30>>
Traceback (most recent call last):
  File "/usr/local/lib/python3.13/site-packages/sqlalchemy/pool/base.py", line 374, in _close_connection
    self._dialect.do_terminate(connection)
    ~~~~~~~~~~~~~~~~~~~~~~~~~~^^^^^^^^^^^^
  File "/usr/local/lib/python3.13/site-packages/sqlalchemy/dialects/postgresql/asyncpg.py", line 1130, in do_terminate
    dbapi_connection.terminate()
    ~~~~~~~~~~~~~~~~~~~~~~~~~~^^
  File "/usr/local/lib/python3.13/site-packages/sqlalchemy/dialects/postgresql/asyncpg.py", line 922, in terminate
    self._connection.terminate()
    ~~~~~~~~~~~~~~~~~~~~~~~~~~^^
  File "/usr/local/lib/python3.13/site-packages/asyncpg/connection.py", line 1515, in terminate
    self._abort()
    ~~~~~~~~~~~^^
  File "/usr/local/lib/python3.13/site-packages/asyncpg/connection.py", line 1567, in _abort
    self._protocol.abort()
    ~~~~~~~~~~~~~~~~~~~~^^
  File "asyncpg/protocol/protocol.pyx", line 608, in asyncpg.protocol.protocol.BaseProtocol.abort
  File "/usr/local/lib/python3.13/asyncio/selector_events.py", line 826, in abort
    self._force_close(None)
    ~~~~~~~~~~~~~~~~~^^^^^^
  File "/usr/local/lib/python3.13/asyncio/selector_events.py", line 898, in _force_close
    self._loop.call_soon(self._call_connection_lost, exc)
    ~~~~~~~~~~~~~~~~~~~~^^^^^^^^^^^^^^^^^^^^^^^^^^^^^^^^^
  File "/usr/local/lib/python3.13/asyncio/base_events.py", line 833, in call_soon
    self._check_closed()
    ~~~~~~~~~~~~~~~~~~^^
  File "/usr/local/lib/python3.13/asyncio/base_events.py", line 556, in _check_closed
    raise RuntimeError('Event loop is closed')
RuntimeError: Event loop is closed
2025-10-25 08:20:21,654 - sqlalchemy.pool.impl.AsyncAdaptedQueuePool - ERROR [base.py:1032] - The garbage collector is trying to clean up non-checked-in connection <AdaptedConnection <asyncpg.connection.Connection object at 0xffff8f386f30>>, which will be terminated.  Please ensure that SQLAlchemy pooled connections are returned to the pool explicitly, either by calling ``close()`` or by using appropriate context managers to manage their lifecycle.
2025-10-25 08:20:21,655 - sqlalchemy.pool.impl.AsyncAdaptedQueuePool - ERROR [base.py:378] - Exception terminating connection <AdaptedConnection <asyncpg.connection.Connection object at 0xffff8f3874d0>>
Traceback (most recent call last):
  File "/usr/local/lib/python3.13/site-packages/sqlalchemy/pool/base.py", line 374, in _close_connection
    self._dialect.do_terminate(connection)
    ~~~~~~~~~~~~~~~~~~~~~~~~~~^^^^^^^^^^^^
  File "/usr/local/lib/python3.13/site-packages/sqlalchemy/dialects/postgresql/asyncpg.py", line 1130, in do_terminate
    dbapi_connection.terminate()
    ~~~~~~~~~~~~~~~~~~~~~~~~~~^^
  File "/usr/local/lib/python3.13/site-packages/sqlalchemy/dialects/postgresql/asyncpg.py", line 922, in terminate
    self._connection.terminate()
    ~~~~~~~~~~~~~~~~~~~~~~~~~~^^
  File "/usr/local/lib/python3.13/site-packages/asyncpg/connection.py", line 1515, in terminate
    self._abort()
    ~~~~~~~~~~~^^
  File "/usr/local/lib/python3.13/site-packages/asyncpg/connection.py", line 1567, in _abort
    self._protocol.abort()
    ~~~~~~~~~~~~~~~~~~~~^^
  File "asyncpg/protocol/protocol.pyx", line 608, in asyncpg.protocol.protocol.BaseProtocol.abort
  File "/usr/local/lib/python3.13/asyncio/selector_events.py", line 826, in abort
    self._force_close(None)
    ~~~~~~~~~~~~~~~~~^^^^^^
  File "/usr/local/lib/python3.13/asyncio/selector_events.py", line 898, in _force_close
    self._loop.call_soon(self._call_connection_lost, exc)
    ~~~~~~~~~~~~~~~~~~~~^^^^^^^^^^^^^^^^^^^^^^^^^^^^^^^^^
  File "/usr/local/lib/python3.13/asyncio/base_events.py", line 833, in call_soon
    self._check_closed()
    ~~~~~~~~~~~~~~~~~~^^
  File "/usr/local/lib/python3.13/asyncio/base_events.py", line 556, in _check_closed
    raise RuntimeError('Event loop is closed')
RuntimeError: Event loop is closed
2025-10-25 08:20:21,661 - sqlalchemy.pool.impl.AsyncAdaptedQueuePool - ERROR [base.py:1032] - The garbage collector is trying to clean up non-checked-in connection <AdaptedConnection <asyncpg.connection.Connection object at 0xffff8f3874d0>>, which will be terminated.  Please ensure that SQLAlchemy pooled connections are returned to the pool explicitly, either by calling ``close()`` or by using appropriate context managers to manage their lifecycle.
2025-10-25 08:20:21,662 - sqlalchemy.pool.impl.AsyncAdaptedQueuePool - ERROR [base.py:378] - Exception terminating connection <AdaptedConnection <asyncpg.connection.Connection object at 0xffff8f3867b0>>
Traceback (most recent call last):
  File "/usr/local/lib/python3.13/site-packages/sqlalchemy/pool/base.py", line 374, in _close_connection
    self._dialect.do_terminate(connection)
    ~~~~~~~~~~~~~~~~~~~~~~~~~~^^^^^^^^^^^^
  File "/usr/local/lib/python3.13/site-packages/sqlalchemy/dialects/postgresql/asyncpg.py", line 1130, in do_terminate
    dbapi_connection.terminate()
    ~~~~~~~~~~~~~~~~~~~~~~~~~~^^
  File "/usr/local/lib/python3.13/site-packages/sqlalchemy/dialects/postgresql/asyncpg.py", line 922, in terminate
    self._connection.terminate()
    ~~~~~~~~~~~~~~~~~~~~~~~~~~^^
  File "/usr/local/lib/python3.13/site-packages/asyncpg/connection.py", line 1515, in terminate
    self._abort()
    ~~~~~~~~~~~^^
  File "/usr/local/lib/python3.13/site-packages/asyncpg/connection.py", line 1567, in _abort
    self._protocol.abort()
    ~~~~~~~~~~~~~~~~~~~~^^
  File "asyncpg/protocol/protocol.pyx", line 608, in asyncpg.protocol.protocol.BaseProtocol.abort
  File "/usr/local/lib/python3.13/asyncio/selector_events.py", line 826, in abort
    self._force_close(None)
    ~~~~~~~~~~~~~~~~~^^^^^^
  File "/usr/local/lib/python3.13/asyncio/selector_events.py", line 898, in _force_close
    self._loop.call_soon(self._call_connection_lost, exc)
    ~~~~~~~~~~~~~~~~~~~~^^^^^^^^^^^^^^^^^^^^^^^^^^^^^^^^^
  File "/usr/local/lib/python3.13/asyncio/base_events.py", line 833, in call_soon
    self._check_closed()
    ~~~~~~~~~~~~~~~~~~^^
  File "/usr/local/lib/python3.13/asyncio/base_events.py", line 556, in _check_closed
    raise RuntimeError('Event loop is closed')
RuntimeError: Event loop is closed
2025-10-25 08:20:21,664 - sqlalchemy.pool.impl.AsyncAdaptedQueuePool - ERROR [base.py:1032] - The garbage collector is trying to clean up non-checked-in connection <AdaptedConnection <asyncpg.connection.Connection object at 0xffff8f3867b0>>, which will be terminated.  Please ensure that SQLAlchemy pooled connections are returned to the pool explicitly, either by calling ``close()`` or by using appropriate context managers to manage their lifecycle.
2025-10-25 08:20:21,666 - sqlalchemy.pool.impl.AsyncAdaptedQueuePool - ERROR [base.py:378] - Exception terminating connection <AdaptedConnection <asyncpg.connection.Connection object at 0xffff8f3857c0>>
Traceback (most recent call last):
  File "/usr/local/lib/python3.13/site-packages/sqlalchemy/pool/base.py", line 374, in _close_connection
    self._dialect.do_terminate(connection)
    ~~~~~~~~~~~~~~~~~~~~~~~~~~^^^^^^^^^^^^
  File "/usr/local/lib/python3.13/site-packages/sqlalchemy/dialects/postgresql/asyncpg.py", line 1130, in do_terminate
    dbapi_connection.terminate()
    ~~~~~~~~~~~~~~~~~~~~~~~~~~^^
  File "/usr/local/lib/python3.13/site-packages/sqlalchemy/dialects/postgresql/asyncpg.py", line 922, in terminate
    self._connection.terminate()
    ~~~~~~~~~~~~~~~~~~~~~~~~~~^^
  File "/usr/local/lib/python3.13/site-packages/asyncpg/connection.py", line 1515, in terminate
    self._abort()
    ~~~~~~~~~~~^^
  File "/usr/local/lib/python3.13/site-packages/asyncpg/connection.py", line 1567, in _abort
    self._protocol.abort()
    ~~~~~~~~~~~~~~~~~~~~^^
  File "asyncpg/protocol/protocol.pyx", line 608, in asyncpg.protocol.protocol.BaseProtocol.abort
  File "/usr/local/lib/python3.13/asyncio/selector_events.py", line 826, in abort
    self._force_close(None)
    ~~~~~~~~~~~~~~~~~^^^^^^
  File "/usr/local/lib/python3.13/asyncio/selector_events.py", line 898, in _force_close
    self._loop.call_soon(self._call_connection_lost, exc)
    ~~~~~~~~~~~~~~~~~~~~^^^^^^^^^^^^^^^^^^^^^^^^^^^^^^^^^
  File "/usr/local/lib/python3.13/asyncio/base_events.py", line 833, in call_soon
    self._check_closed()
    ~~~~~~~~~~~~~~~~~~^^
  File "/usr/local/lib/python3.13/asyncio/base_events.py", line 556, in _check_closed
    raise RuntimeError('Event loop is closed')
RuntimeError: Event loop is closed
2025-10-25 08:20:21,668 - sqlalchemy.pool.impl.AsyncAdaptedQueuePool - ERROR [base.py:1032] - The garbage collector is trying to clean up non-checked-in connection <AdaptedConnection <asyncpg.connection.Connection object at 0xffff8f3857c0>>, which will be terminated.  Please ensure that SQLAlchemy pooled connections are returned to the pool explicitly, either by calling ``close()`` or by using appropriate context managers to manage their lifecycle.
2025-10-25 08:20:21,670 - sqlalchemy.pool.impl.AsyncAdaptedQueuePool - ERROR [base.py:378] - Exception terminating connection <AdaptedConnection <asyncpg.connection.Connection object at 0xffff8f386a80>>
Traceback (most recent call last):
  File "/usr/local/lib/python3.13/site-packages/sqlalchemy/pool/base.py", line 374, in _close_connection
    self._dialect.do_terminate(connection)
    ~~~~~~~~~~~~~~~~~~~~~~~~~~^^^^^^^^^^^^
  File "/usr/local/lib/python3.13/site-packages/sqlalchemy/dialects/postgresql/asyncpg.py", line 1130, in do_terminate
    dbapi_connection.terminate()
    ~~~~~~~~~~~~~~~~~~~~~~~~~~^^
  File "/usr/local/lib/python3.13/site-packages/sqlalchemy/dialects/postgresql/asyncpg.py", line 922, in terminate
    self._connection.terminate()
    ~~~~~~~~~~~~~~~~~~~~~~~~~~^^
  File "/usr/local/lib/python3.13/site-packages/asyncpg/connection.py", line 1515, in terminate
    self._abort()
    ~~~~~~~~~~~^^
  File "/usr/local/lib/python3.13/site-packages/asyncpg/connection.py", line 1567, in _abort
    self._protocol.abort()
    ~~~~~~~~~~~~~~~~~~~~^^
  File "asyncpg/protocol/protocol.pyx", line 608, in asyncpg.protocol.protocol.BaseProtocol.abort
  File "/usr/local/lib/python3.13/asyncio/selector_events.py", line 826, in abort
    self._force_close(None)
    ~~~~~~~~~~~~~~~~~^^^^^^
  File "/usr/local/lib/python3.13/asyncio/selector_events.py", line 898, in _force_close
    self._loop.call_soon(self._call_connection_lost, exc)
    ~~~~~~~~~~~~~~~~~~~~^^^^^^^^^^^^^^^^^^^^^^^^^^^^^^^^^
  File "/usr/local/lib/python3.13/asyncio/base_events.py", line 833, in call_soon
    self._check_closed()
    ~~~~~~~~~~~~~~~~~~^^
  File "/usr/local/lib/python3.13/asyncio/base_events.py", line 556, in _check_closed
    raise RuntimeError('Event loop is closed')
RuntimeError: Event loop is closed
2025-10-25 08:20:21,676 - sqlalchemy.pool.impl.AsyncAdaptedQueuePool - ERROR [base.py:1032] - The garbage collector is trying to clean up non-checked-in connection <AdaptedConnection <asyncpg.connection.Connection object at 0xffff8f386a80>>, which will be terminated.  Please ensure that SQLAlchemy pooled connections are returned to the pool explicitly, either by calling ``close()`` or by using appropriate context managers to manage their lifecycle.
2025-10-25 08:51:14,146 - sqlalchemy.pool.impl.AsyncAdaptedQueuePool - ERROR [base.py:1032] - The garbage collector is trying to clean up non-checked-in connection <AdaptedConnection <asyncpg.connection.Connection object at 0xffff93cc1c70>>, which will be terminated.  Please ensure that SQLAlchemy pooled connections are returned to the pool explicitly, either by calling ``close()`` or by using appropriate context managers to manage their lifecycle.
2025-10-25 08:51:14,156 - sqlalchemy.pool.impl.AsyncAdaptedQueuePool - ERROR [base.py:1032] - The garbage collector is trying to clean up non-checked-in connection <AdaptedConnection <asyncpg.connection.Connection object at 0xffff93ca46e0>>, which will be terminated.  Please ensure that SQLAlchemy pooled connections are returned to the pool explicitly, either by calling ``close()`` or by using appropriate context managers to manage their lifecycle.
2025-10-25 08:54:29,440 - sqlalchemy.pool.impl.AsyncAdaptedQueuePool - ERROR [base.py:1032] - The garbage collector is trying to clean up non-checked-in connection <AdaptedConnection <asyncpg.connection.Connection object at 0xffff93ca45f0>>, which will be terminated.  Please ensure that SQLAlchemy pooled connections are returned to the pool explicitly, either by calling ``close()`` or by using appropriate context managers to manage their lifecycle.
2025-10-25 08:54:29,455 - sqlalchemy.pool.impl.AsyncAdaptedQueuePool - ERROR [base.py:1032] - The garbage collector is trying to clean up non-checked-in connection <AdaptedConnection <asyncpg.connection.Connection object at 0xffff93ca4e60>>, which will be terminated.  Please ensure that SQLAlchemy pooled connections are returned to the pool explicitly, either by calling ``close()`` or by using appropriate context managers to manage their lifecycle.
2025-10-25 08:54:29,456 - sqlalchemy.pool.impl.AsyncAdaptedQueuePool - ERROR [base.py:1032] - The garbage collector is trying to clean up non-checked-in connection <AdaptedConnection <asyncpg.connection.Connection object at 0xffff93ca54f0>>, which will be terminated.  Please ensure that SQLAlchemy pooled connections are returned to the pool explicitly, either by calling ``close()`` or by using appropriate context managers to manage their lifecycle.
2025-10-25 08:54:29,457 - sqlalchemy.pool.impl.AsyncAdaptedQueuePool - ERROR [base.py:1032] - The garbage collector is trying to clean up non-checked-in connection <AdaptedConnection <asyncpg.connection.Connection object at 0xffff93ca5a90>>, which will be terminated.  Please ensure that SQLAlchemy pooled connections are returned to the pool explicitly, either by calling ``close()`` or by using appropriate context managers to manage their lifecycle.
2025-10-25 08:58:57,575 - sqlalchemy.pool.impl.AsyncAdaptedQueuePool - ERROR [base.py:1032] - The garbage collector is trying to clean up non-checked-in connection <AdaptedConnection <asyncpg.connection.Connection object at 0xffff93f8a030>>, which will be terminated.  Please ensure that SQLAlchemy pooled connections are returned to the pool explicitly, either by calling ``close()`` or by using appropriate context managers to manage their lifecycle.
2025-10-25 08:58:57,589 - sqlalchemy.pool.impl.AsyncAdaptedQueuePool - ERROR [base.py:1032] - The garbage collector is trying to clean up non-checked-in connection <AdaptedConnection <asyncpg.connection.Connection object at 0xffff93cc1a90>>, which will be terminated.  Please ensure that SQLAlchemy pooled connections are returned to the pool explicitly, either by calling ``close()`` or by using appropriate context managers to manage their lifecycle.
2025-10-25 09:00:58,076 - sqlalchemy.pool.impl.AsyncAdaptedQueuePool - ERROR [base.py:378] - Exception terminating connection <AdaptedConnection <asyncpg.connection.Connection object at 0xffff93ca48c0>>
Traceback (most recent call last):
  File "/usr/local/lib/python3.13/site-packages/sqlalchemy/pool/base.py", line 374, in _close_connection
    self._dialect.do_terminate(connection)
    ~~~~~~~~~~~~~~~~~~~~~~~~~~^^^^^^^^^^^^
  File "/usr/local/lib/python3.13/site-packages/sqlalchemy/dialects/postgresql/asyncpg.py", line 1130, in do_terminate
    dbapi_connection.terminate()
    ~~~~~~~~~~~~~~~~~~~~~~~~~~^^
  File "/usr/local/lib/python3.13/site-packages/sqlalchemy/dialects/postgresql/asyncpg.py", line 922, in terminate
    self._connection.terminate()
    ~~~~~~~~~~~~~~~~~~~~~~~~~~^^
  File "/usr/local/lib/python3.13/site-packages/asyncpg/connection.py", line 1515, in terminate
    self._abort()
    ~~~~~~~~~~~^^
  File "/usr/local/lib/python3.13/site-packages/asyncpg/connection.py", line 1567, in _abort
    self._protocol.abort()
    ~~~~~~~~~~~~~~~~~~~~^^
  File "asyncpg/protocol/protocol.pyx", line 608, in asyncpg.protocol.protocol.BaseProtocol.abort
  File "/usr/local/lib/python3.13/asyncio/selector_events.py", line 826, in abort
    self._force_close(None)
    ~~~~~~~~~~~~~~~~~^^^^^^
  File "/usr/local/lib/python3.13/asyncio/selector_events.py", line 898, in _force_close
    self._loop.call_soon(self._call_connection_lost, exc)
    ~~~~~~~~~~~~~~~~~~~~^^^^^^^^^^^^^^^^^^^^^^^^^^^^^^^^^
  File "/usr/local/lib/python3.13/asyncio/base_events.py", line 833, in call_soon
    self._check_closed()
    ~~~~~~~~~~~~~~~~~~^^
  File "/usr/local/lib/python3.13/asyncio/base_events.py", line 556, in _check_closed
    raise RuntimeError('Event loop is closed')
RuntimeError: Event loop is closed
2025-10-25 09:00:58,089 - sqlalchemy.pool.impl.AsyncAdaptedQueuePool - ERROR [base.py:1032] - The garbage collector is trying to clean up non-checked-in connection <AdaptedConnection <asyncpg.connection.Connection object at 0xffff93ca48c0>>, which will be terminated.  Please ensure that SQLAlchemy pooled connections are returned to the pool explicitly, either by calling ``close()`` or by using appropriate context managers to manage their lifecycle.
2025-10-25 09:09:12,744 - sqlalchemy.pool.impl.AsyncAdaptedQueuePool - ERROR [base.py:1032] - The garbage collector is trying to clean up non-checked-in connection <AdaptedConnection <asyncpg.connection.Connection object at 0xffffa9100230>>, which will be terminated.  Please ensure that SQLAlchemy pooled connections are returned to the pool explicitly, either by calling ``close()`` or by using appropriate context managers to manage their lifecycle.
2025-10-25 09:09:16,067 - sqlalchemy.pool.impl.AsyncAdaptedQueuePool - ERROR [base.py:1032] - The garbage collector is trying to clean up non-checked-in connection <AdaptedConnection <asyncpg.connection.Connection object at 0xffffa93fd8b0>>, which will be terminated.  Please ensure that SQLAlchemy pooled connections are returned to the pool explicitly, either by calling ``close()`` or by using appropriate context managers to manage their lifecycle.
2025-10-25 09:16:30,339 - sqlalchemy.pool.impl.AsyncAdaptedQueuePool - ERROR [base.py:1032] - The garbage collector is trying to clean up non-checked-in connection <AdaptedConnection <asyncpg.connection.Connection object at 0xffffa9198f50>>, which will be terminated.  Please ensure that SQLAlchemy pooled connections are returned to the pool explicitly, either by calling ``close()`` or by using appropriate context managers to manage their lifecycle.
2025-10-25 09:16:30,353 - sqlalchemy.pool.impl.AsyncAdaptedQueuePool - ERROR [base.py:1032] - The garbage collector is trying to clean up non-checked-in connection <AdaptedConnection <asyncpg.connection.Connection object at 0xffffa9199220>>, which will be terminated.  Please ensure that SQLAlchemy pooled connections are returned to the pool explicitly, either by calling ``close()`` or by using appropriate context managers to manage their lifecycle.
2025-10-25 09:16:30,354 - sqlalchemy.pool.impl.AsyncAdaptedQueuePool - ERROR [base.py:1032] - The garbage collector is trying to clean up non-checked-in connection <AdaptedConnection <asyncpg.connection.Connection object at 0xffffa9198050>>, which will be terminated.  Please ensure that SQLAlchemy pooled connections are returned to the pool explicitly, either by calling ``close()`` or by using appropriate context managers to manage their lifecycle.
2025-10-25 09:16:30,355 - sqlalchemy.pool.impl.AsyncAdaptedQueuePool - ERROR [base.py:1032] - The garbage collector is trying to clean up non-checked-in connection <AdaptedConnection <asyncpg.connection.Connection object at 0xffffa957de50>>, which will be terminated.  Please ensure that SQLAlchemy pooled connections are returned to the pool explicitly, either by calling ``close()`` or by using appropriate context managers to manage their lifecycle.
2025-10-25 09:16:30,356 - sqlalchemy.pool.impl.AsyncAdaptedQueuePool - ERROR [base.py:1032] - The garbage collector is trying to clean up non-checked-in connection <AdaptedConnection <asyncpg.connection.Connection object at 0xffffa957e300>>, which will be terminated.  Please ensure that SQLAlchemy pooled connections are returned to the pool explicitly, either by calling ``close()`` or by using appropriate context managers to manage their lifecycle.
2025-10-25 09:16:30,359 - sqlalchemy.pool.impl.AsyncAdaptedQueuePool - ERROR [base.py:1032] - The garbage collector is trying to clean up non-checked-in connection <AdaptedConnection <asyncpg.connection.Connection object at 0xffffa91d5040>>, which will be terminated.  Please ensure that SQLAlchemy pooled connections are returned to the pool explicitly, either by calling ``close()`` or by using appropriate context managers to manage their lifecycle.
2025-10-25 09:22:22,341 - sqlalchemy.pool.impl.AsyncAdaptedQueuePool - ERROR [base.py:1032] - The garbage collector is trying to clean up non-checked-in connection <AdaptedConnection <asyncpg.connection.Connection object at 0xffffa9199130>>, which will be terminated.  Please ensure that SQLAlchemy pooled connections are returned to the pool explicitly, either by calling ``close()`` or by using appropriate context managers to manage their lifecycle.
2025-10-25 09:22:22,352 - sqlalchemy.pool.impl.AsyncAdaptedQueuePool - ERROR [base.py:1032] - The garbage collector is trying to clean up non-checked-in connection <AdaptedConnection <asyncpg.connection.Connection object at 0xffffa91d6b70>>, which will be terminated.  Please ensure that SQLAlchemy pooled connections are returned to the pool explicitly, either by calling ``close()`` or by using appropriate context managers to manage their lifecycle.
2025-10-25 09:22:22,354 - sqlalchemy.pool.impl.AsyncAdaptedQueuePool - ERROR [base.py:1032] - The garbage collector is trying to clean up non-checked-in connection <AdaptedConnection <asyncpg.connection.Connection object at 0xffffa91d76b0>>, which will be terminated.  Please ensure that SQLAlchemy pooled connections are returned to the pool explicitly, either by calling ``close()`` or by using appropriate context managers to manage their lifecycle.
2025-10-25 09:22:22,355 - sqlalchemy.pool.impl.AsyncAdaptedQueuePool - ERROR [base.py:1032] - The garbage collector is trying to clean up non-checked-in connection <AdaptedConnection <asyncpg.connection.Connection object at 0xffffa91d6120>>, which will be terminated.  Please ensure that SQLAlchemy pooled connections are returned to the pool explicitly, either by calling ``close()`` or by using appropriate context managers to manage their lifecycle.
2025-10-25 09:22:22,355 - sqlalchemy.pool.impl.AsyncAdaptedQueuePool - ERROR [base.py:1032] - The garbage collector is trying to clean up non-checked-in connection <AdaptedConnection <asyncpg.connection.Connection object at 0xffffa91d73e0>>, which will be terminated.  Please ensure that SQLAlchemy pooled connections are returned to the pool explicitly, either by calling ``close()`` or by using appropriate context managers to manage their lifecycle.
2025-10-25 09:37:05,967 - sqlalchemy.pool.impl.AsyncAdaptedQueuePool - ERROR [base.py:1032] - The garbage collector is trying to clean up non-checked-in connection <AdaptedConnection <asyncpg.connection.Connection object at 0xffffa9198e60>>, which will be terminated.  Please ensure that SQLAlchemy pooled connections are returned to the pool explicitly, either by calling ``close()`` or by using appropriate context managers to manage their lifecycle.
2025-10-25 09:37:05,972 - sqlalchemy.pool.impl.AsyncAdaptedQueuePool - ERROR [base.py:1032] - The garbage collector is trying to clean up non-checked-in connection <AdaptedConnection <asyncpg.connection.Connection object at 0xffffa91d54f0>>, which will be terminated.  Please ensure that SQLAlchemy pooled connections are returned to the pool explicitly, either by calling ``close()`` or by using appropriate context managers to manage their lifecycle.
2025-10-25 09:37:05,973 - sqlalchemy.pool.impl.AsyncAdaptedQueuePool - ERROR [base.py:1032] - The garbage collector is trying to clean up non-checked-in connection <AdaptedConnection <asyncpg.connection.Connection object at 0xffffa91d6e40>>, which will be terminated.  Please ensure that SQLAlchemy pooled connections are returned to the pool explicitly, either by calling ``close()`` or by using appropriate context managers to manage their lifecycle.
2025-10-25 09:37:05,973 - sqlalchemy.pool.impl.AsyncAdaptedQueuePool - ERROR [base.py:1032] - The garbage collector is trying to clean up non-checked-in connection <AdaptedConnection <asyncpg.connection.Connection object at 0xffffa91d63f0>>, which will be terminated.  Please ensure that SQLAlchemy pooled connections are returned to the pool explicitly, either by calling ``close()`` or by using appropriate context managers to manage their lifecycle.
2025-10-25 09:37:05,974 - sqlalchemy.pool.impl.AsyncAdaptedQueuePool - ERROR [base.py:1032] - The garbage collector is trying to clean up non-checked-in connection <AdaptedConnection <asyncpg.connection.Connection object at 0xffffa91d5400>>, which will be terminated.  Please ensure that SQLAlchemy pooled connections are returned to the pool explicitly, either by calling ``close()`` or by using appropriate context managers to manage their lifecycle.
2025-10-25 09:45:39,898 - sqlalchemy.pool.impl.AsyncAdaptedQueuePool - ERROR [base.py:1032] - The garbage collector is trying to clean up non-checked-in connection <AdaptedConnection <asyncpg.connection.Connection object at 0xffffa91d6300>>, which will be terminated.  Please ensure that SQLAlchemy pooled connections are returned to the pool explicitly, either by calling ``close()`` or by using appropriate context managers to manage their lifecycle.
2025-10-25 09:45:39,905 - sqlalchemy.pool.impl.AsyncAdaptedQueuePool - ERROR [base.py:1032] - The garbage collector is trying to clean up non-checked-in connection <AdaptedConnection <asyncpg.connection.Connection object at 0xffffa91d7200>>, which will be terminated.  Please ensure that SQLAlchemy pooled connections are returned to the pool explicitly, either by calling ``close()`` or by using appropriate context managers to manage their lifecycle.
2025-10-25 09:45:39,906 - sqlalchemy.pool.impl.AsyncAdaptedQueuePool - ERROR [base.py:1032] - The garbage collector is trying to clean up non-checked-in connection <AdaptedConnection <asyncpg.connection.Connection object at 0xffffa91d7b60>>, which will be terminated.  Please ensure that SQLAlchemy pooled connections are returned to the pool explicitly, either by calling ``close()`` or by using appropriate context managers to manage their lifecycle.
2025-10-25 09:45:39,906 - sqlalchemy.pool.impl.AsyncAdaptedQueuePool - ERROR [base.py:1032] - The garbage collector is trying to clean up non-checked-in connection <AdaptedConnection <asyncpg.connection.Connection object at 0xffffa91d7f20>>, which will be terminated.  Please ensure that SQLAlchemy pooled connections are returned to the pool explicitly, either by calling ``close()`` or by using appropriate context managers to manage their lifecycle.
2025-10-25 09:45:39,907 - sqlalchemy.pool.impl.AsyncAdaptedQueuePool - ERROR [base.py:1032] - The garbage collector is trying to clean up non-checked-in connection <AdaptedConnection <asyncpg.connection.Connection object at 0xffffa87505f0>>, which will be terminated.  Please ensure that SQLAlchemy pooled connections are returned to the pool explicitly, either by calling ``close()`` or by using appropriate context managers to manage their lifecycle.
2025-10-25 09:45:39,908 - sqlalchemy.pool.impl.AsyncAdaptedQueuePool - ERROR [base.py:1032] - The garbage collector is trying to clean up non-checked-in connection <AdaptedConnection <asyncpg.connection.Connection object at 0xffffa87509b0>>, which will be terminated.  Please ensure that SQLAlchemy pooled connections are returned to the pool explicitly, either by calling ``close()`` or by using appropriate context managers to manage their lifecycle.
2025-10-25 09:53:21,020 - sqlalchemy.pool.impl.AsyncAdaptedQueuePool - ERROR [base.py:1032] - The garbage collector is trying to clean up non-checked-in connection <AdaptedConnection <asyncpg.connection.Connection object at 0xffffa91989b0>>, which will be terminated.  Please ensure that SQLAlchemy pooled connections are returned to the pool explicitly, either by calling ``close()`` or by using appropriate context managers to manage their lifecycle.
2025-10-25 09:53:21,026 - sqlalchemy.pool.impl.AsyncAdaptedQueuePool - ERROR [base.py:1032] - The garbage collector is trying to clean up non-checked-in connection <AdaptedConnection <asyncpg.connection.Connection object at 0xffffa8750230>>, which will be terminated.  Please ensure that SQLAlchemy pooled connections are returned to the pool explicitly, either by calling ``close()`` or by using appropriate context managers to manage their lifecycle.
2025-10-25 09:53:21,027 - sqlalchemy.pool.impl.AsyncAdaptedQueuePool - ERROR [base.py:1032] - The garbage collector is trying to clean up non-checked-in connection <AdaptedConnection <asyncpg.connection.Connection object at 0xffffa8750500>>, which will be terminated.  Please ensure that SQLAlchemy pooled connections are returned to the pool explicitly, either by calling ``close()`` or by using appropriate context managers to manage their lifecycle.
2025-10-25 09:53:21,027 - sqlalchemy.pool.impl.AsyncAdaptedQueuePool - ERROR [base.py:1032] - The garbage collector is trying to clean up non-checked-in connection <AdaptedConnection <asyncpg.connection.Connection object at 0xffffa8750b90>>, which will be terminated.  Please ensure that SQLAlchemy pooled connections are returned to the pool explicitly, either by calling ``close()`` or by using appropriate context managers to manage their lifecycle.
2025-10-25 09:53:21,028 - sqlalchemy.pool.impl.AsyncAdaptedQueuePool - ERROR [base.py:1032] - The garbage collector is trying to clean up non-checked-in connection <AdaptedConnection <asyncpg.connection.Connection object at 0xffffa87514f0>>, which will be terminated.  Please ensure that SQLAlchemy pooled connections are returned to the pool explicitly, either by calling ``close()`` or by using appropriate context managers to manage their lifecycle.
2025-10-25 10:01:07,058 - sqlalchemy.pool.impl.AsyncAdaptedQueuePool - ERROR [base.py:1032] - The garbage collector is trying to clean up non-checked-in connection <AdaptedConnection <asyncpg.connection.Connection object at 0xffffa91d7e30>>, which will be terminated.  Please ensure that SQLAlchemy pooled connections are returned to the pool explicitly, either by calling ``close()`` or by using appropriate context managers to manage their lifecycle.
2025-10-25 10:01:07,069 - sqlalchemy.pool.impl.AsyncAdaptedQueuePool - ERROR [base.py:1032] - The garbage collector is trying to clean up non-checked-in connection <AdaptedConnection <asyncpg.connection.Connection object at 0xffffa8750050>>, which will be terminated.  Please ensure that SQLAlchemy pooled connections are returned to the pool explicitly, either by calling ``close()`` or by using appropriate context managers to manage their lifecycle.
2025-10-25 10:01:07,070 - sqlalchemy.pool.impl.AsyncAdaptedQueuePool - ERROR [base.py:1032] - The garbage collector is trying to clean up non-checked-in connection <AdaptedConnection <asyncpg.connection.Connection object at 0xffffa8751b80>>, which will be terminated.  Please ensure that SQLAlchemy pooled connections are returned to the pool explicitly, either by calling ``close()`` or by using appropriate context managers to manage their lifecycle.
2025-10-25 10:01:07,070 - sqlalchemy.pool.impl.AsyncAdaptedQueuePool - ERROR [base.py:1032] - The garbage collector is trying to clean up non-checked-in connection <AdaptedConnection <asyncpg.connection.Connection object at 0xffffa8751f40>>, which will be terminated.  Please ensure that SQLAlchemy pooled connections are returned to the pool explicitly, either by calling ``close()`` or by using appropriate context managers to manage their lifecycle.
2025-10-25 10:01:07,071 - sqlalchemy.pool.impl.AsyncAdaptedQueuePool - ERROR [base.py:1032] - The garbage collector is trying to clean up non-checked-in connection <AdaptedConnection <asyncpg.connection.Connection object at 0xffffa87523f0>>, which will be terminated.  Please ensure that SQLAlchemy pooled connections are returned to the pool explicitly, either by calling ``close()`` or by using appropriate context managers to manage their lifecycle.
2025-10-25 10:08:14,783 - sqlalchemy.pool.impl.AsyncAdaptedQueuePool - ERROR [base.py:1032] - The garbage collector is trying to clean up non-checked-in connection <AdaptedConnection <asyncpg.connection.Connection object at 0xffffa8752300>>, which will be terminated.  Please ensure that SQLAlchemy pooled connections are returned to the pool explicitly, either by calling ``close()`` or by using appropriate context managers to manage their lifecycle.
2025-10-25 10:08:14,788 - sqlalchemy.pool.impl.AsyncAdaptedQueuePool - ERROR [base.py:1032] - The garbage collector is trying to clean up non-checked-in connection <AdaptedConnection <asyncpg.connection.Connection object at 0xffffa8751400>>, which will be terminated.  Please ensure that SQLAlchemy pooled connections are returned to the pool explicitly, either by calling ``close()`` or by using appropriate context managers to manage their lifecycle.
2025-10-25 10:08:14,789 - sqlalchemy.pool.impl.AsyncAdaptedQueuePool - ERROR [base.py:1032] - The garbage collector is trying to clean up non-checked-in connection <AdaptedConnection <asyncpg.connection.Connection object at 0xffffa8752a80>>, which will be terminated.  Please ensure that SQLAlchemy pooled connections are returned to the pool explicitly, either by calling ``close()`` or by using appropriate context managers to manage their lifecycle.
2025-10-25 10:08:14,790 - sqlalchemy.pool.impl.AsyncAdaptedQueuePool - ERROR [base.py:1032] - The garbage collector is trying to clean up non-checked-in connection <AdaptedConnection <asyncpg.connection.Connection object at 0xffffa8752e40>>, which will be terminated.  Please ensure that SQLAlchemy pooled connections are returned to the pool explicitly, either by calling ``close()`` or by using appropriate context managers to manage their lifecycle.
2025-10-25 10:08:14,791 - sqlalchemy.pool.impl.AsyncAdaptedQueuePool - ERROR [base.py:1032] - The garbage collector is trying to clean up non-checked-in connection <AdaptedConnection <asyncpg.connection.Connection object at 0xffffa87532f0>>, which will be terminated.  Please ensure that SQLAlchemy pooled connections are returned to the pool explicitly, either by calling ``close()`` or by using appropriate context managers to manage their lifecycle.
2025-10-25 10:09:38,777 - sqlalchemy.pool.impl.AsyncAdaptedQueuePool - ERROR [base.py:378] - Exception terminating connection <AdaptedConnection <asyncpg.connection.Connection object at 0xffffa8752c60>>
Traceback (most recent call last):
  File "/usr/local/lib/python3.13/site-packages/sqlalchemy/pool/base.py", line 374, in _close_connection
    self._dialect.do_terminate(connection)
    ~~~~~~~~~~~~~~~~~~~~~~~~~~^^^^^^^^^^^^
  File "/usr/local/lib/python3.13/site-packages/sqlalchemy/dialects/postgresql/asyncpg.py", line 1130, in do_terminate
    dbapi_connection.terminate()
    ~~~~~~~~~~~~~~~~~~~~~~~~~~^^
  File "/usr/local/lib/python3.13/site-packages/sqlalchemy/dialects/postgresql/asyncpg.py", line 922, in terminate
    self._connection.terminate()
    ~~~~~~~~~~~~~~~~~~~~~~~~~~^^
  File "/usr/local/lib/python3.13/site-packages/asyncpg/connection.py", line 1515, in terminate
    self._abort()
    ~~~~~~~~~~~^^
  File "/usr/local/lib/python3.13/site-packages/asyncpg/connection.py", line 1567, in _abort
    self._protocol.abort()
    ~~~~~~~~~~~~~~~~~~~~^^
  File "asyncpg/protocol/protocol.pyx", line 608, in asyncpg.protocol.protocol.BaseProtocol.abort
  File "/usr/local/lib/python3.13/asyncio/selector_events.py", line 826, in abort
    self._force_close(None)
    ~~~~~~~~~~~~~~~~~^^^^^^
  File "/usr/local/lib/python3.13/asyncio/selector_events.py", line 898, in _force_close
    self._loop.call_soon(self._call_connection_lost, exc)
    ~~~~~~~~~~~~~~~~~~~~^^^^^^^^^^^^^^^^^^^^^^^^^^^^^^^^^
  File "/usr/local/lib/python3.13/asyncio/base_events.py", line 833, in call_soon
    self._check_closed()
    ~~~~~~~~~~~~~~~~~~^^
  File "/usr/local/lib/python3.13/asyncio/base_events.py", line 556, in _check_closed
    raise RuntimeError('Event loop is closed')
RuntimeError: Event loop is closed
2025-10-25 10:09:38,797 - sqlalchemy.pool.impl.AsyncAdaptedQueuePool - ERROR [base.py:1032] - The garbage collector is trying to clean up non-checked-in connection <AdaptedConnection <asyncpg.connection.Connection object at 0xffffa8752c60>>, which will be terminated.  Please ensure that SQLAlchemy pooled connections are returned to the pool explicitly, either by calling ``close()`` or by using appropriate context managers to manage their lifecycle.
2025-10-25 10:09:38,797 - sqlalchemy.pool.impl.AsyncAdaptedQueuePool - ERROR [base.py:378] - Exception terminating connection <AdaptedConnection <asyncpg.connection.Connection object at 0xffffa91d5b80>>
Traceback (most recent call last):
  File "/usr/local/lib/python3.13/site-packages/sqlalchemy/pool/base.py", line 374, in _close_connection
    self._dialect.do_terminate(connection)
    ~~~~~~~~~~~~~~~~~~~~~~~~~~^^^^^^^^^^^^
  File "/usr/local/lib/python3.13/site-packages/sqlalchemy/dialects/postgresql/asyncpg.py", line 1130, in do_terminate
    dbapi_connection.terminate()
    ~~~~~~~~~~~~~~~~~~~~~~~~~~^^
  File "/usr/local/lib/python3.13/site-packages/sqlalchemy/dialects/postgresql/asyncpg.py", line 922, in terminate
    self._connection.terminate()
    ~~~~~~~~~~~~~~~~~~~~~~~~~~^^
  File "/usr/local/lib/python3.13/site-packages/asyncpg/connection.py", line 1515, in terminate
    self._abort()
    ~~~~~~~~~~~^^
  File "/usr/local/lib/python3.13/site-packages/asyncpg/connection.py", line 1567, in _abort
    self._protocol.abort()
    ~~~~~~~~~~~~~~~~~~~~^^
  File "asyncpg/protocol/protocol.pyx", line 608, in asyncpg.protocol.protocol.BaseProtocol.abort
  File "/usr/local/lib/python3.13/asyncio/selector_events.py", line 826, in abort
    self._force_close(None)
    ~~~~~~~~~~~~~~~~~^^^^^^
  File "/usr/local/lib/python3.13/asyncio/selector_events.py", line 898, in _force_close
    self._loop.call_soon(self._call_connection_lost, exc)
    ~~~~~~~~~~~~~~~~~~~~^^^^^^^^^^^^^^^^^^^^^^^^^^^^^^^^^
  File "/usr/local/lib/python3.13/asyncio/base_events.py", line 833, in call_soon
    self._check_closed()
    ~~~~~~~~~~~~~~~~~~^^
  File "/usr/local/lib/python3.13/asyncio/base_events.py", line 556, in _check_closed
    raise RuntimeError('Event loop is closed')
RuntimeError: Event loop is closed
2025-10-25 10:09:38,799 - sqlalchemy.pool.impl.AsyncAdaptedQueuePool - ERROR [base.py:1032] - The garbage collector is trying to clean up non-checked-in connection <AdaptedConnection <asyncpg.connection.Connection object at 0xffffa91d5b80>>, which will be terminated.  Please ensure that SQLAlchemy pooled connections are returned to the pool explicitly, either by calling ``close()`` or by using appropriate context managers to manage their lifecycle.
2025-10-25 10:09:38,800 - sqlalchemy.pool.impl.AsyncAdaptedQueuePool - ERROR [base.py:378] - Exception terminating connection <AdaptedConnection <asyncpg.connection.Connection object at 0xffffa91d67b0>>
Traceback (most recent call last):
  File "/usr/local/lib/python3.13/site-packages/sqlalchemy/pool/base.py", line 374, in _close_connection
    self._dialect.do_terminate(connection)
    ~~~~~~~~~~~~~~~~~~~~~~~~~~^^^^^^^^^^^^
  File "/usr/local/lib/python3.13/site-packages/sqlalchemy/dialects/postgresql/asyncpg.py", line 1130, in do_terminate
    dbapi_connection.terminate()
    ~~~~~~~~~~~~~~~~~~~~~~~~~~^^
  File "/usr/local/lib/python3.13/site-packages/sqlalchemy/dialects/postgresql/asyncpg.py", line 922, in terminate
    self._connection.terminate()
    ~~~~~~~~~~~~~~~~~~~~~~~~~~^^
  File "/usr/local/lib/python3.13/site-packages/asyncpg/connection.py", line 1515, in terminate
    self._abort()
    ~~~~~~~~~~~^^
  File "/usr/local/lib/python3.13/site-packages/asyncpg/connection.py", line 1567, in _abort
    self._protocol.abort()
    ~~~~~~~~~~~~~~~~~~~~^^
  File "asyncpg/protocol/protocol.pyx", line 608, in asyncpg.protocol.protocol.BaseProtocol.abort
  File "/usr/local/lib/python3.13/asyncio/selector_events.py", line 826, in abort
    self._force_close(None)
    ~~~~~~~~~~~~~~~~~^^^^^^
  File "/usr/local/lib/python3.13/asyncio/selector_events.py", line 898, in _force_close
    self._loop.call_soon(self._call_connection_lost, exc)
    ~~~~~~~~~~~~~~~~~~~~^^^^^^^^^^^^^^^^^^^^^^^^^^^^^^^^^
  File "/usr/local/lib/python3.13/asyncio/base_events.py", line 833, in call_soon
    self._check_closed()
    ~~~~~~~~~~~~~~~~~~^^
  File "/usr/local/lib/python3.13/asyncio/base_events.py", line 556, in _check_closed
    raise RuntimeError('Event loop is closed')
RuntimeError: Event loop is closed
2025-10-25 10:09:38,802 - sqlalchemy.pool.impl.AsyncAdaptedQueuePool - ERROR [base.py:1032] - The garbage collector is trying to clean up non-checked-in connection <AdaptedConnection <asyncpg.connection.Connection object at 0xffffa91d67b0>>, which will be terminated.  Please ensure that SQLAlchemy pooled connections are returned to the pool explicitly, either by calling ``close()`` or by using appropriate context managers to manage their lifecycle.
2025-10-25 10:09:38,803 - sqlalchemy.pool.impl.AsyncAdaptedQueuePool - ERROR [base.py:378] - Exception terminating connection <AdaptedConnection <asyncpg.connection.Connection object at 0xffffa91d75c0>>
Traceback (most recent call last):
  File "/usr/local/lib/python3.13/site-packages/sqlalchemy/pool/base.py", line 374, in _close_connection
    self._dialect.do_terminate(connection)
    ~~~~~~~~~~~~~~~~~~~~~~~~~~^^^^^^^^^^^^
  File "/usr/local/lib/python3.13/site-packages/sqlalchemy/dialects/postgresql/asyncpg.py", line 1130, in do_terminate
    dbapi_connection.terminate()
    ~~~~~~~~~~~~~~~~~~~~~~~~~~^^
  File "/usr/local/lib/python3.13/site-packages/sqlalchemy/dialects/postgresql/asyncpg.py", line 922, in terminate
    self._connection.terminate()
    ~~~~~~~~~~~~~~~~~~~~~~~~~~^^
  File "/usr/local/lib/python3.13/site-packages/asyncpg/connection.py", line 1515, in terminate
    self._abort()
    ~~~~~~~~~~~^^
  File "/usr/local/lib/python3.13/site-packages/asyncpg/connection.py", line 1567, in _abort
    self._protocol.abort()
    ~~~~~~~~~~~~~~~~~~~~^^
  File "asyncpg/protocol/protocol.pyx", line 608, in asyncpg.protocol.protocol.BaseProtocol.abort
  File "/usr/local/lib/python3.13/asyncio/selector_events.py", line 826, in abort
    self._force_close(None)
    ~~~~~~~~~~~~~~~~~^^^^^^
  File "/usr/local/lib/python3.13/asyncio/selector_events.py", line 898, in _force_close
    self._loop.call_soon(self._call_connection_lost, exc)
    ~~~~~~~~~~~~~~~~~~~~^^^^^^^^^^^^^^^^^^^^^^^^^^^^^^^^^
  File "/usr/local/lib/python3.13/asyncio/base_events.py", line 833, in call_soon
    self._check_closed()
    ~~~~~~~~~~~~~~~~~~^^
  File "/usr/local/lib/python3.13/asyncio/base_events.py", line 556, in _check_closed
    raise RuntimeError('Event loop is closed')
RuntimeError: Event loop is closed
2025-10-25 10:09:38,805 - sqlalchemy.pool.impl.AsyncAdaptedQueuePool - ERROR [base.py:1032] - The garbage collector is trying to clean up non-checked-in connection <AdaptedConnection <asyncpg.connection.Connection object at 0xffffa91d75c0>>, which will be terminated.  Please ensure that SQLAlchemy pooled connections are returned to the pool explicitly, either by calling ``close()`` or by using appropriate context managers to manage their lifecycle.
2025-10-25 10:12:04,189 - sqlalchemy.pool.impl.AsyncAdaptedQueuePool - ERROR [base.py:1032] - The garbage collector is trying to clean up non-checked-in connection <AdaptedConnection <asyncpg.connection.Connection object at 0xffff8cee94f0>>, which will be terminated.  Please ensure that SQLAlchemy pooled connections are returned to the pool explicitly, either by calling ``close()`` or by using appropriate context managers to manage their lifecycle.
2025-10-25 10:47:49,027 - sqlalchemy.pool.impl.AsyncAdaptedQueuePool - ERROR [base.py:1032] - The garbage collector is trying to clean up non-checked-in connection <AdaptedConnection <asyncpg.connection.Connection object at 0xffff8c381040>>, which will be terminated.  Please ensure that SQLAlchemy pooled connections are returned to the pool explicitly, either by calling ``close()`` or by using appropriate context managers to manage their lifecycle.
2025-10-25 10:47:49,059 - sqlalchemy.pool.impl.AsyncAdaptedQueuePool - ERROR [base.py:1032] - The garbage collector is trying to clean up non-checked-in connection <AdaptedConnection <asyncpg.connection.Connection object at 0xffff8c3814f0>>, which will be terminated.  Please ensure that SQLAlchemy pooled connections are returned to the pool explicitly, either by calling ``close()`` or by using appropriate context managers to manage their lifecycle.
